2025-11-26 14:41:11 [restartedMain] INFO  c.i.InventarioSpringBootApplication - Starting InventarioSpringBootApplication using Java 17.0.16 with PID 10272 (C:\Users\Liseth\Downloads\InventarioSpringBoot\InventarioSpringBoot\target\classes started by Liseth in C:\Users\Liseth\Downloads\InventarioSpringBoot\InventarioSpringBoot)
2025-11-26 14:41:11 [restartedMain] DEBUG c.i.InventarioSpringBootApplication - Running with Spring Boot v3.2.0, Spring v6.1.1
2025-11-26 14:41:11 [restartedMain] INFO  c.i.InventarioSpringBootApplication - No active profile set, falling back to 1 default profile: "default"
2025-11-26 14:41:12 [restartedMain] INFO  o.s.b.d.e.DevToolsPropertyDefaultsPostProcessor - Devtools property defaults active! Set 'spring.devtools.add-properties' to 'false' to disable
2025-11-26 14:41:12 [restartedMain] INFO  o.s.b.d.e.DevToolsPropertyDefaultsPostProcessor - For additional web related logging consider setting the 'logging.level.web' property to 'DEBUG'
2025-11-26 14:41:13 [restartedMain] INFO  o.s.d.r.c.RepositoryConfigurationDelegate - Bootstrapping Spring Data JPA repositories in DEFAULT mode.
2025-11-26 14:41:14 [restartedMain] INFO  o.s.d.r.c.RepositoryConfigurationDelegate - Finished Spring Data repository scanning in 133 ms. Found 11 JPA repository interfaces.
2025-11-26 14:41:15 [restartedMain] INFO  o.s.b.w.e.tomcat.TomcatWebServer - Tomcat initialized with port 8080 (http)
2025-11-26 14:41:15 [restartedMain] INFO  o.a.catalina.core.StandardService - Starting service [Tomcat]
2025-11-26 14:41:15 [restartedMain] INFO  o.a.catalina.core.StandardEngine - Starting Servlet engine: [Apache Tomcat/10.1.16]
2025-11-26 14:41:15 [restartedMain] INFO  o.a.c.c.C.[Tomcat].[localhost].[/] - Initializing Spring embedded WebApplicationContext
2025-11-26 14:41:15 [restartedMain] INFO  o.s.b.w.s.c.ServletWebServerApplicationContext - Root WebApplicationContext: initialization completed in 3731 ms
2025-11-26 14:41:16 [restartedMain] INFO  o.h.jpa.internal.util.LogHelper - HHH000204: Processing PersistenceUnitInfo [name: default]
2025-11-26 14:41:16 [restartedMain] INFO  org.hibernate.Version - HHH000412: Hibernate ORM core version 6.3.1.Final
2025-11-26 14:41:16 [restartedMain] ERROR o.s.o.j.LocalContainerEntityManagerFactoryBean - Failed to initialize JPA EntityManagerFactory: Unable to create requested service [org.hibernate.cache.spi.RegionFactory] due to: Unable to resolve name [org.ehcache.jcache.JCacheCacheRegionFactory] as strategy [org.hibernate.cache.spi.RegionFactory]
2025-11-26 14:41:16 [restartedMain] WARN  o.s.b.w.s.c.AnnotationConfigServletWebServerApplicationContext - Exception encountered during context initialization - cancelling refresh attempt: org.springframework.beans.factory.BeanCreationException: Error creating bean with name 'entityManagerFactory' defined in class path resource [org/springframework/boot/autoconfigure/orm/jpa/HibernateJpaConfiguration.class]: Unable to create requested service [org.hibernate.cache.spi.RegionFactory] due to: Unable to resolve name [org.ehcache.jcache.JCacheCacheRegionFactory] as strategy [org.hibernate.cache.spi.RegionFactory]
2025-11-26 14:41:16 [restartedMain] INFO  o.a.catalina.core.StandardService - Stopping service [Tomcat]
2025-11-26 14:41:16 [restartedMain] INFO  o.s.b.a.l.ConditionEvaluationReportLogger - 

Error starting ApplicationContext. To display the condition evaluation report re-run your application with 'debug' enabled.
2025-11-26 14:41:16 [restartedMain] ERROR o.s.boot.SpringApplication - Application run failed
org.springframework.beans.factory.BeanCreationException: Error creating bean with name 'entityManagerFactory' defined in class path resource [org/springframework/boot/autoconfigure/orm/jpa/HibernateJpaConfiguration.class]: Unable to create requested service [org.hibernate.cache.spi.RegionFactory] due to: Unable to resolve name [org.ehcache.jcache.JCacheCacheRegionFactory] as strategy [org.hibernate.cache.spi.RegionFactory]
	at org.springframework.beans.factory.support.AbstractAutowireCapableBeanFactory.initializeBean(AbstractAutowireCapableBeanFactory.java:1775)
	at org.springframework.beans.factory.support.AbstractAutowireCapableBeanFactory.doCreateBean(AbstractAutowireCapableBeanFactory.java:601)
	at org.springframework.beans.factory.support.AbstractAutowireCapableBeanFactory.createBean(AbstractAutowireCapableBeanFactory.java:523)
	at org.springframework.beans.factory.support.AbstractBeanFactory.lambda$doGetBean$0(AbstractBeanFactory.java:325)
	at org.springframework.beans.factory.support.DefaultSingletonBeanRegistry.getSingleton(DefaultSingletonBeanRegistry.java:234)
	at org.springframework.beans.factory.support.AbstractBeanFactory.doGetBean(AbstractBeanFactory.java:323)
	at org.springframework.beans.factory.support.AbstractBeanFactory.getBean(AbstractBeanFactory.java:199)
	at org.springframework.context.support.AbstractApplicationContext.getBean(AbstractApplicationContext.java:1173)
	at org.springframework.context.support.AbstractApplicationContext.finishBeanFactoryInitialization(AbstractApplicationContext.java:936)
	at org.springframework.context.support.AbstractApplicationContext.refresh(AbstractApplicationContext.java:616)
	at org.springframework.boot.web.servlet.context.ServletWebServerApplicationContext.refresh(ServletWebServerApplicationContext.java:146)
	at org.springframework.boot.SpringApplication.refresh(SpringApplication.java:753)
	at org.springframework.boot.SpringApplication.refreshContext(SpringApplication.java:455)
	at org.springframework.boot.SpringApplication.run(SpringApplication.java:323)
	at org.springframework.boot.SpringApplication.run(SpringApplication.java:1342)
	at org.springframework.boot.SpringApplication.run(SpringApplication.java:1331)
	at com.inventario.InventarioSpringBootApplication.main(InventarioSpringBootApplication.java:10)
	at java.base/jdk.internal.reflect.NativeMethodAccessorImpl.invoke0(Native Method)
	at java.base/jdk.internal.reflect.NativeMethodAccessorImpl.invoke(NativeMethodAccessorImpl.java:77)
	at java.base/jdk.internal.reflect.DelegatingMethodAccessorImpl.invoke(DelegatingMethodAccessorImpl.java:43)
	at java.base/java.lang.reflect.Method.invoke(Method.java:569)
	at org.springframework.boot.devtools.restart.RestartLauncher.run(RestartLauncher.java:50)
Caused by: org.hibernate.service.spi.ServiceException: Unable to create requested service [org.hibernate.cache.spi.RegionFactory] due to: Unable to resolve name [org.ehcache.jcache.JCacheCacheRegionFactory] as strategy [org.hibernate.cache.spi.RegionFactory]
	at org.hibernate.service.internal.AbstractServiceRegistryImpl.createService(AbstractServiceRegistryImpl.java:276)
	at org.hibernate.service.internal.AbstractServiceRegistryImpl.initializeService(AbstractServiceRegistryImpl.java:238)
	at org.hibernate.service.internal.AbstractServiceRegistryImpl.getService(AbstractServiceRegistryImpl.java:215)
	at org.hibernate.boot.internal.MetadataBuilderImpl$MetadataBuildingOptionsImpl.<init>(MetadataBuilderImpl.java:708)
	at org.hibernate.boot.internal.MetadataBuilderImpl.<init>(MetadataBuilderImpl.java:140)
	at org.hibernate.boot.MetadataSources.getMetadataBuilder(MetadataSources.java:164)
	at org.hibernate.jpa.boot.internal.EntityManagerFactoryBuilderImpl.<init>(EntityManagerFactoryBuilderImpl.java:277)
	at org.hibernate.jpa.boot.internal.EntityManagerFactoryBuilderImpl.<init>(EntityManagerFactoryBuilderImpl.java:198)
	at org.springframework.orm.jpa.vendor.SpringHibernateJpaPersistenceProvider.createContainerEntityManagerFactory(SpringHibernateJpaPersistenceProvider.java:63)
	at org.springframework.orm.jpa.LocalContainerEntityManagerFactoryBean.createNativeEntityManagerFactory(LocalContainerEntityManagerFactoryBean.java:376)
	at org.springframework.orm.jpa.AbstractEntityManagerFactoryBean.buildNativeEntityManagerFactory(AbstractEntityManagerFactoryBean.java:409)
	at org.springframework.orm.jpa.AbstractEntityManagerFactoryBean.afterPropertiesSet(AbstractEntityManagerFactoryBean.java:396)
	at org.springframework.orm.jpa.LocalContainerEntityManagerFactoryBean.afterPropertiesSet(LocalContainerEntityManagerFactoryBean.java:352)
	at org.springframework.beans.factory.support.AbstractAutowireCapableBeanFactory.invokeInitMethods(AbstractAutowireCapableBeanFactory.java:1822)
	at org.springframework.beans.factory.support.AbstractAutowireCapableBeanFactory.initializeBean(AbstractAutowireCapableBeanFactory.java:1771)
	... 21 common frames omitted
Caused by: org.hibernate.boot.registry.selector.spi.StrategySelectionException: Unable to resolve name [org.ehcache.jcache.JCacheCacheRegionFactory] as strategy [org.hibernate.cache.spi.RegionFactory]
	at org.hibernate.boot.registry.selector.internal.StrategySelectorImpl.selectStrategyImplementor(StrategySelectorImpl.java:154)
	at org.hibernate.boot.registry.selector.internal.StrategySelectorImpl.resolveStrategy(StrategySelectorImpl.java:236)
	at org.hibernate.boot.registry.selector.internal.StrategySelectorImpl.resolveStrategy(StrategySelectorImpl.java:189)
	at org.hibernate.cache.internal.RegionFactoryInitiator.resolveRegionFactory(RegionFactoryInitiator.java:96)
	at org.hibernate.cache.internal.RegionFactoryInitiator.initiateService(RegionFactoryInitiator.java:47)
	at org.hibernate.cache.internal.RegionFactoryInitiator.initiateService(RegionFactoryInitiator.java:32)
	at org.hibernate.boot.registry.internal.StandardServiceRegistryImpl.initiateService(StandardServiceRegistryImpl.java:129)
	at org.hibernate.service.internal.AbstractServiceRegistryImpl.createService(AbstractServiceRegistryImpl.java:263)
	... 35 common frames omitted
Caused by: org.hibernate.boot.registry.classloading.spi.ClassLoadingException: Unable to load class [org.ehcache.jcache.JCacheCacheRegionFactory]
	at org.hibernate.boot.registry.classloading.internal.ClassLoaderServiceImpl.classForName(ClassLoaderServiceImpl.java:126)
	at org.hibernate.boot.registry.selector.internal.StrategySelectorImpl.selectStrategyImplementor(StrategySelectorImpl.java:150)
	... 42 common frames omitted
Caused by: java.lang.ClassNotFoundException: Could not load requested class : org.ehcache.jcache.JCacheCacheRegionFactory
	at org.hibernate.boot.registry.classloading.internal.AggregatedClassLoader.findClass(AggregatedClassLoader.java:216)
	at java.base/java.lang.ClassLoader.loadClass(ClassLoader.java:592)
	at java.base/java.lang.ClassLoader.loadClass(ClassLoader.java:525)
	at java.base/java.lang.Class.forName0(Native Method)
	at java.base/java.lang.Class.forName(Class.java:467)
	at org.hibernate.boot.registry.classloading.internal.ClassLoaderServiceImpl.classForName(ClassLoaderServiceImpl.java:123)
	... 43 common frames omitted
Caused by: java.lang.Throwable: null
	at org.hibernate.boot.registry.classloading.internal.AggregatedClassLoader.findClass(AggregatedClassLoader.java:209)
	... 48 common frames omitted
	Suppressed: java.lang.ClassNotFoundException: org.ehcache.jcache.JCacheCacheRegionFactory
		at java.base/jdk.internal.loader.BuiltinClassLoader.loadClass(BuiltinClassLoader.java:641)
		at java.base/jdk.internal.loader.ClassLoaders$AppClassLoader.loadClass(ClassLoaders.java:188)
		at java.base/java.lang.ClassLoader.loadClass(ClassLoader.java:525)
		at java.base/java.lang.Class.forName0(Native Method)
		at java.base/java.lang.Class.forName(Class.java:467)
		at org.springframework.boot.devtools.restart.classloader.RestartClassLoader.loadClass(RestartClassLoader.java:121)
		at java.base/java.lang.ClassLoader.loadClass(ClassLoader.java:525)
		at org.hibernate.boot.registry.classloading.internal.AggregatedClassLoader.findClass(AggregatedClassLoader.java:206)
		... 48 common frames omitted
	Suppressed: java.lang.ClassNotFoundException: org.ehcache.jcache.JCacheCacheRegionFactory
		at java.base/jdk.internal.loader.BuiltinClassLoader.loadClass(BuiltinClassLoader.java:641)
		at java.base/jdk.internal.loader.ClassLoaders$AppClassLoader.loadClass(ClassLoaders.java:188)
		at java.base/java.lang.ClassLoader.loadClass(ClassLoader.java:525)
		at org.hibernate.boot.registry.classloading.internal.AggregatedClassLoader.findClass(AggregatedClassLoader.java:206)
		... 48 common frames omitted
	Suppressed: java.lang.ClassNotFoundException: org.ehcache.jcache.JCacheCacheRegionFactory
		at java.base/jdk.internal.loader.BuiltinClassLoader.loadClass(BuiltinClassLoader.java:641)
		at java.base/jdk.internal.loader.ClassLoaders$AppClassLoader.loadClass(ClassLoaders.java:188)
		at java.base/java.lang.ClassLoader.loadClass(ClassLoader.java:525)
		at java.base/java.lang.Class.forName0(Native Method)
		at java.base/java.lang.Class.forName(Class.java:467)
		at org.springframework.boot.devtools.restart.classloader.RestartClassLoader.loadClass(RestartClassLoader.java:121)
		at java.base/java.lang.ClassLoader.loadClass(ClassLoader.java:525)
		at org.hibernate.boot.registry.classloading.internal.AggregatedClassLoader.findClass(AggregatedClassLoader.java:206)
		... 48 common frames omitted
	Suppressed: java.lang.ClassNotFoundException: org.ehcache.jcache.JCacheCacheRegionFactory
		at java.base/jdk.internal.loader.BuiltinClassLoader.loadClass(BuiltinClassLoader.java:641)
		at java.base/jdk.internal.loader.ClassLoaders$AppClassLoader.loadClass(ClassLoaders.java:188)
		at java.base/java.lang.ClassLoader.loadClass(ClassLoader.java:525)
		at org.hibernate.boot.registry.classloading.internal.AggregatedClassLoader.findClass(AggregatedClassLoader.java:206)
		... 48 common frames omitted
2025-11-26 14:55:38 [restartedMain] INFO  c.i.InventarioSpringBootApplication - Starting InventarioSpringBootApplication using Java 17.0.16 with PID 3656 (C:\Users\Liseth\Downloads\InventarioSpringBoot\InventarioSpringBoot\target\classes started by Liseth in C:\Users\Liseth\Downloads\InventarioSpringBoot\InventarioSpringBoot)
2025-11-26 14:55:38 [restartedMain] DEBUG c.i.InventarioSpringBootApplication - Running with Spring Boot v3.2.0, Spring v6.1.1
2025-11-26 14:55:38 [restartedMain] INFO  c.i.InventarioSpringBootApplication - No active profile set, falling back to 1 default profile: "default"
2025-11-26 14:55:38 [restartedMain] INFO  o.s.b.d.e.DevToolsPropertyDefaultsPostProcessor - Devtools property defaults active! Set 'spring.devtools.add-properties' to 'false' to disable
2025-11-26 14:55:38 [restartedMain] INFO  o.s.b.d.e.DevToolsPropertyDefaultsPostProcessor - For additional web related logging consider setting the 'logging.level.web' property to 'DEBUG'
2025-11-26 14:55:40 [restartedMain] INFO  o.s.d.r.c.RepositoryConfigurationDelegate - Bootstrapping Spring Data JPA repositories in DEFAULT mode.
2025-11-26 14:55:40 [restartedMain] INFO  o.s.d.r.c.RepositoryConfigurationDelegate - Finished Spring Data repository scanning in 108 ms. Found 11 JPA repository interfaces.
2025-11-26 14:55:41 [restartedMain] INFO  o.s.b.w.e.tomcat.TomcatWebServer - Tomcat initialized with port 8080 (http)
2025-11-26 14:55:41 [restartedMain] INFO  o.a.catalina.core.StandardService - Starting service [Tomcat]
2025-11-26 14:55:41 [restartedMain] INFO  o.a.catalina.core.StandardEngine - Starting Servlet engine: [Apache Tomcat/10.1.16]
2025-11-26 14:55:42 [restartedMain] INFO  o.a.c.c.C.[Tomcat].[localhost].[/] - Initializing Spring embedded WebApplicationContext
2025-11-26 14:55:42 [restartedMain] INFO  o.s.b.w.s.c.ServletWebServerApplicationContext - Root WebApplicationContext: initialization completed in 3320 ms
2025-11-26 14:55:42 [restartedMain] INFO  o.h.jpa.internal.util.LogHelper - HHH000204: Processing PersistenceUnitInfo [name: default]
2025-11-26 14:55:42 [restartedMain] INFO  org.hibernate.Version - HHH000412: Hibernate ORM core version 6.3.1.Final
2025-11-26 14:55:42 [restartedMain] ERROR o.s.o.j.LocalContainerEntityManagerFactoryBean - Failed to initialize JPA EntityManagerFactory: Unable to create requested service [org.hibernate.cache.spi.RegionFactory] due to: Unable to resolve name [org.hibernate.cache.jcache.internal.JCacheRegionFactory] as strategy [org.hibernate.cache.spi.RegionFactory]
2025-11-26 14:55:42 [restartedMain] WARN  o.s.b.w.s.c.AnnotationConfigServletWebServerApplicationContext - Exception encountered during context initialization - cancelling refresh attempt: org.springframework.beans.factory.BeanCreationException: Error creating bean with name 'entityManagerFactory' defined in class path resource [org/springframework/boot/autoconfigure/orm/jpa/HibernateJpaConfiguration.class]: Unable to create requested service [org.hibernate.cache.spi.RegionFactory] due to: Unable to resolve name [org.hibernate.cache.jcache.internal.JCacheRegionFactory] as strategy [org.hibernate.cache.spi.RegionFactory]
2025-11-26 14:55:42 [restartedMain] INFO  o.a.catalina.core.StandardService - Stopping service [Tomcat]
2025-11-26 14:55:42 [restartedMain] INFO  o.s.b.a.l.ConditionEvaluationReportLogger - 

Error starting ApplicationContext. To display the condition evaluation report re-run your application with 'debug' enabled.
2025-11-26 14:55:42 [restartedMain] ERROR o.s.boot.SpringApplication - Application run failed
org.springframework.beans.factory.BeanCreationException: Error creating bean with name 'entityManagerFactory' defined in class path resource [org/springframework/boot/autoconfigure/orm/jpa/HibernateJpaConfiguration.class]: Unable to create requested service [org.hibernate.cache.spi.RegionFactory] due to: Unable to resolve name [org.hibernate.cache.jcache.internal.JCacheRegionFactory] as strategy [org.hibernate.cache.spi.RegionFactory]
	at org.springframework.beans.factory.support.AbstractAutowireCapableBeanFactory.initializeBean(AbstractAutowireCapableBeanFactory.java:1775)
	at org.springframework.beans.factory.support.AbstractAutowireCapableBeanFactory.doCreateBean(AbstractAutowireCapableBeanFactory.java:601)
	at org.springframework.beans.factory.support.AbstractAutowireCapableBeanFactory.createBean(AbstractAutowireCapableBeanFactory.java:523)
	at org.springframework.beans.factory.support.AbstractBeanFactory.lambda$doGetBean$0(AbstractBeanFactory.java:325)
	at org.springframework.beans.factory.support.DefaultSingletonBeanRegistry.getSingleton(DefaultSingletonBeanRegistry.java:234)
	at org.springframework.beans.factory.support.AbstractBeanFactory.doGetBean(AbstractBeanFactory.java:323)
	at org.springframework.beans.factory.support.AbstractBeanFactory.getBean(AbstractBeanFactory.java:199)
	at org.springframework.context.support.AbstractApplicationContext.getBean(AbstractApplicationContext.java:1173)
	at org.springframework.context.support.AbstractApplicationContext.finishBeanFactoryInitialization(AbstractApplicationContext.java:936)
	at org.springframework.context.support.AbstractApplicationContext.refresh(AbstractApplicationContext.java:616)
	at org.springframework.boot.web.servlet.context.ServletWebServerApplicationContext.refresh(ServletWebServerApplicationContext.java:146)
	at org.springframework.boot.SpringApplication.refresh(SpringApplication.java:753)
	at org.springframework.boot.SpringApplication.refreshContext(SpringApplication.java:455)
	at org.springframework.boot.SpringApplication.run(SpringApplication.java:323)
	at org.springframework.boot.SpringApplication.run(SpringApplication.java:1342)
	at org.springframework.boot.SpringApplication.run(SpringApplication.java:1331)
	at com.inventario.InventarioSpringBootApplication.main(InventarioSpringBootApplication.java:10)
	at java.base/jdk.internal.reflect.NativeMethodAccessorImpl.invoke0(Native Method)
	at java.base/jdk.internal.reflect.NativeMethodAccessorImpl.invoke(NativeMethodAccessorImpl.java:77)
	at java.base/jdk.internal.reflect.DelegatingMethodAccessorImpl.invoke(DelegatingMethodAccessorImpl.java:43)
	at java.base/java.lang.reflect.Method.invoke(Method.java:569)
	at org.springframework.boot.devtools.restart.RestartLauncher.run(RestartLauncher.java:50)
Caused by: org.hibernate.service.spi.ServiceException: Unable to create requested service [org.hibernate.cache.spi.RegionFactory] due to: Unable to resolve name [org.hibernate.cache.jcache.internal.JCacheRegionFactory] as strategy [org.hibernate.cache.spi.RegionFactory]
	at org.hibernate.service.internal.AbstractServiceRegistryImpl.createService(AbstractServiceRegistryImpl.java:276)
	at org.hibernate.service.internal.AbstractServiceRegistryImpl.initializeService(AbstractServiceRegistryImpl.java:238)
	at org.hibernate.service.internal.AbstractServiceRegistryImpl.getService(AbstractServiceRegistryImpl.java:215)
	at org.hibernate.boot.internal.MetadataBuilderImpl$MetadataBuildingOptionsImpl.<init>(MetadataBuilderImpl.java:708)
	at org.hibernate.boot.internal.MetadataBuilderImpl.<init>(MetadataBuilderImpl.java:140)
	at org.hibernate.boot.MetadataSources.getMetadataBuilder(MetadataSources.java:164)
	at org.hibernate.jpa.boot.internal.EntityManagerFactoryBuilderImpl.<init>(EntityManagerFactoryBuilderImpl.java:277)
	at org.hibernate.jpa.boot.internal.EntityManagerFactoryBuilderImpl.<init>(EntityManagerFactoryBuilderImpl.java:198)
	at org.springframework.orm.jpa.vendor.SpringHibernateJpaPersistenceProvider.createContainerEntityManagerFactory(SpringHibernateJpaPersistenceProvider.java:63)
	at org.springframework.orm.jpa.LocalContainerEntityManagerFactoryBean.createNativeEntityManagerFactory(LocalContainerEntityManagerFactoryBean.java:376)
	at org.springframework.orm.jpa.AbstractEntityManagerFactoryBean.buildNativeEntityManagerFactory(AbstractEntityManagerFactoryBean.java:409)
	at org.springframework.orm.jpa.AbstractEntityManagerFactoryBean.afterPropertiesSet(AbstractEntityManagerFactoryBean.java:396)
	at org.springframework.orm.jpa.LocalContainerEntityManagerFactoryBean.afterPropertiesSet(LocalContainerEntityManagerFactoryBean.java:352)
	at org.springframework.beans.factory.support.AbstractAutowireCapableBeanFactory.invokeInitMethods(AbstractAutowireCapableBeanFactory.java:1822)
	at org.springframework.beans.factory.support.AbstractAutowireCapableBeanFactory.initializeBean(AbstractAutowireCapableBeanFactory.java:1771)
	... 21 common frames omitted
Caused by: org.hibernate.boot.registry.selector.spi.StrategySelectionException: Unable to resolve name [org.hibernate.cache.jcache.internal.JCacheRegionFactory] as strategy [org.hibernate.cache.spi.RegionFactory]
	at org.hibernate.boot.registry.selector.internal.StrategySelectorImpl.selectStrategyImplementor(StrategySelectorImpl.java:154)
	at org.hibernate.boot.registry.selector.internal.StrategySelectorImpl.resolveStrategy(StrategySelectorImpl.java:236)
	at org.hibernate.boot.registry.selector.internal.StrategySelectorImpl.resolveStrategy(StrategySelectorImpl.java:189)
	at org.hibernate.cache.internal.RegionFactoryInitiator.resolveRegionFactory(RegionFactoryInitiator.java:96)
	at org.hibernate.cache.internal.RegionFactoryInitiator.initiateService(RegionFactoryInitiator.java:47)
	at org.hibernate.cache.internal.RegionFactoryInitiator.initiateService(RegionFactoryInitiator.java:32)
	at org.hibernate.boot.registry.internal.StandardServiceRegistryImpl.initiateService(StandardServiceRegistryImpl.java:129)
	at org.hibernate.service.internal.AbstractServiceRegistryImpl.createService(AbstractServiceRegistryImpl.java:263)
	... 35 common frames omitted
Caused by: org.hibernate.boot.registry.classloading.spi.ClassLoadingException: Unable to load class [org.hibernate.cache.jcache.internal.JCacheRegionFactory]
	at org.hibernate.boot.registry.classloading.internal.ClassLoaderServiceImpl.classForName(ClassLoaderServiceImpl.java:126)
	at org.hibernate.boot.registry.selector.internal.StrategySelectorImpl.selectStrategyImplementor(StrategySelectorImpl.java:150)
	... 42 common frames omitted
Caused by: java.lang.ClassNotFoundException: Could not load requested class : org.hibernate.cache.jcache.internal.JCacheRegionFactory
	at org.hibernate.boot.registry.classloading.internal.AggregatedClassLoader.findClass(AggregatedClassLoader.java:216)
	at java.base/java.lang.ClassLoader.loadClass(ClassLoader.java:592)
	at java.base/java.lang.ClassLoader.loadClass(ClassLoader.java:525)
	at java.base/java.lang.Class.forName0(Native Method)
	at java.base/java.lang.Class.forName(Class.java:467)
	at org.hibernate.boot.registry.classloading.internal.ClassLoaderServiceImpl.classForName(ClassLoaderServiceImpl.java:123)
	... 43 common frames omitted
Caused by: java.lang.Throwable: null
	at org.hibernate.boot.registry.classloading.internal.AggregatedClassLoader.findClass(AggregatedClassLoader.java:209)
	... 48 common frames omitted
	Suppressed: java.lang.ClassNotFoundException: org.hibernate.cache.jcache.internal.JCacheRegionFactory
		at java.base/jdk.internal.loader.BuiltinClassLoader.loadClass(BuiltinClassLoader.java:641)
		at java.base/jdk.internal.loader.ClassLoaders$AppClassLoader.loadClass(ClassLoaders.java:188)
		at java.base/java.lang.ClassLoader.loadClass(ClassLoader.java:525)
		at java.base/java.lang.Class.forName0(Native Method)
		at java.base/java.lang.Class.forName(Class.java:467)
		at org.springframework.boot.devtools.restart.classloader.RestartClassLoader.loadClass(RestartClassLoader.java:121)
		at java.base/java.lang.ClassLoader.loadClass(ClassLoader.java:525)
		at org.hibernate.boot.registry.classloading.internal.AggregatedClassLoader.findClass(AggregatedClassLoader.java:206)
		... 48 common frames omitted
	Suppressed: java.lang.ClassNotFoundException: org.hibernate.cache.jcache.internal.JCacheRegionFactory
		at java.base/jdk.internal.loader.BuiltinClassLoader.loadClass(BuiltinClassLoader.java:641)
		at java.base/jdk.internal.loader.ClassLoaders$AppClassLoader.loadClass(ClassLoaders.java:188)
		at java.base/java.lang.ClassLoader.loadClass(ClassLoader.java:525)
		at org.hibernate.boot.registry.classloading.internal.AggregatedClassLoader.findClass(AggregatedClassLoader.java:206)
		... 48 common frames omitted
	Suppressed: java.lang.ClassNotFoundException: org.hibernate.cache.jcache.internal.JCacheRegionFactory
		at java.base/jdk.internal.loader.BuiltinClassLoader.loadClass(BuiltinClassLoader.java:641)
		at java.base/jdk.internal.loader.ClassLoaders$AppClassLoader.loadClass(ClassLoaders.java:188)
		at java.base/java.lang.ClassLoader.loadClass(ClassLoader.java:525)
		at java.base/java.lang.Class.forName0(Native Method)
		at java.base/java.lang.Class.forName(Class.java:467)
		at org.springframework.boot.devtools.restart.classloader.RestartClassLoader.loadClass(RestartClassLoader.java:121)
		at java.base/java.lang.ClassLoader.loadClass(ClassLoader.java:525)
		at org.hibernate.boot.registry.classloading.internal.AggregatedClassLoader.findClass(AggregatedClassLoader.java:206)
		... 48 common frames omitted
	Suppressed: java.lang.ClassNotFoundException: org.hibernate.cache.jcache.internal.JCacheRegionFactory
		at java.base/jdk.internal.loader.BuiltinClassLoader.loadClass(BuiltinClassLoader.java:641)
		at java.base/jdk.internal.loader.ClassLoaders$AppClassLoader.loadClass(ClassLoaders.java:188)
		at java.base/java.lang.ClassLoader.loadClass(ClassLoader.java:525)
		at org.hibernate.boot.registry.classloading.internal.AggregatedClassLoader.findClass(AggregatedClassLoader.java:206)
		... 48 common frames omitted
2025-11-26 14:57:00 [restartedMain] INFO  c.i.InventarioSpringBootApplication - Starting InventarioSpringBootApplication using Java 17.0.16 with PID 17748 (C:\Users\Liseth\Downloads\InventarioSpringBoot\InventarioSpringBoot\target\classes started by Liseth in C:\Users\Liseth\Downloads\InventarioSpringBoot\InventarioSpringBoot)
2025-11-26 14:57:00 [restartedMain] DEBUG c.i.InventarioSpringBootApplication - Running with Spring Boot v3.2.0, Spring v6.1.1
2025-11-26 14:57:00 [restartedMain] INFO  c.i.InventarioSpringBootApplication - No active profile set, falling back to 1 default profile: "default"
2025-11-26 14:57:00 [restartedMain] INFO  o.s.b.d.e.DevToolsPropertyDefaultsPostProcessor - Devtools property defaults active! Set 'spring.devtools.add-properties' to 'false' to disable
2025-11-26 14:57:00 [restartedMain] INFO  o.s.b.d.e.DevToolsPropertyDefaultsPostProcessor - For additional web related logging consider setting the 'logging.level.web' property to 'DEBUG'
2025-11-26 14:57:01 [restartedMain] INFO  o.s.d.r.c.RepositoryConfigurationDelegate - Bootstrapping Spring Data JPA repositories in DEFAULT mode.
2025-11-26 14:57:02 [restartedMain] INFO  o.s.d.r.c.RepositoryConfigurationDelegate - Finished Spring Data repository scanning in 96 ms. Found 11 JPA repository interfaces.
2025-11-26 14:57:03 [restartedMain] INFO  o.s.b.w.e.tomcat.TomcatWebServer - Tomcat initialized with port 8080 (http)
2025-11-26 14:57:03 [restartedMain] INFO  o.a.catalina.core.StandardService - Starting service [Tomcat]
2025-11-26 14:57:03 [restartedMain] INFO  o.a.catalina.core.StandardEngine - Starting Servlet engine: [Apache Tomcat/10.1.16]
2025-11-26 14:57:03 [restartedMain] INFO  o.a.c.c.C.[Tomcat].[localhost].[/] - Initializing Spring embedded WebApplicationContext
2025-11-26 14:57:03 [restartedMain] INFO  o.s.b.w.s.c.ServletWebServerApplicationContext - Root WebApplicationContext: initialization completed in 2782 ms
2025-11-26 14:57:03 [restartedMain] INFO  o.h.jpa.internal.util.LogHelper - HHH000204: Processing PersistenceUnitInfo [name: default]
2025-11-26 14:57:03 [restartedMain] INFO  org.hibernate.Version - HHH000412: Hibernate ORM core version 6.3.1.Final
2025-11-26 14:57:03 [restartedMain] ERROR o.s.o.j.LocalContainerEntityManagerFactoryBean - Failed to initialize JPA EntityManagerFactory: Unable to create requested service [org.hibernate.cache.spi.RegionFactory] due to: Unable to resolve name [org.hibernate.cache.jcache.internal.JCacheRegionFactory] as strategy [org.hibernate.cache.spi.RegionFactory]
2025-11-26 14:57:03 [restartedMain] WARN  o.s.b.w.s.c.AnnotationConfigServletWebServerApplicationContext - Exception encountered during context initialization - cancelling refresh attempt: org.springframework.beans.factory.BeanCreationException: Error creating bean with name 'entityManagerFactory' defined in class path resource [org/springframework/boot/autoconfigure/orm/jpa/HibernateJpaConfiguration.class]: Unable to create requested service [org.hibernate.cache.spi.RegionFactory] due to: Unable to resolve name [org.hibernate.cache.jcache.internal.JCacheRegionFactory] as strategy [org.hibernate.cache.spi.RegionFactory]
2025-11-26 14:57:03 [restartedMain] INFO  o.a.catalina.core.StandardService - Stopping service [Tomcat]
2025-11-26 14:57:03 [restartedMain] INFO  o.s.b.a.l.ConditionEvaluationReportLogger - 

Error starting ApplicationContext. To display the condition evaluation report re-run your application with 'debug' enabled.
2025-11-26 14:57:03 [restartedMain] ERROR o.s.boot.SpringApplication - Application run failed
org.springframework.beans.factory.BeanCreationException: Error creating bean with name 'entityManagerFactory' defined in class path resource [org/springframework/boot/autoconfigure/orm/jpa/HibernateJpaConfiguration.class]: Unable to create requested service [org.hibernate.cache.spi.RegionFactory] due to: Unable to resolve name [org.hibernate.cache.jcache.internal.JCacheRegionFactory] as strategy [org.hibernate.cache.spi.RegionFactory]
	at org.springframework.beans.factory.support.AbstractAutowireCapableBeanFactory.initializeBean(AbstractAutowireCapableBeanFactory.java:1775)
	at org.springframework.beans.factory.support.AbstractAutowireCapableBeanFactory.doCreateBean(AbstractAutowireCapableBeanFactory.java:601)
	at org.springframework.beans.factory.support.AbstractAutowireCapableBeanFactory.createBean(AbstractAutowireCapableBeanFactory.java:523)
	at org.springframework.beans.factory.support.AbstractBeanFactory.lambda$doGetBean$0(AbstractBeanFactory.java:325)
	at org.springframework.beans.factory.support.DefaultSingletonBeanRegistry.getSingleton(DefaultSingletonBeanRegistry.java:234)
	at org.springframework.beans.factory.support.AbstractBeanFactory.doGetBean(AbstractBeanFactory.java:323)
	at org.springframework.beans.factory.support.AbstractBeanFactory.getBean(AbstractBeanFactory.java:199)
	at org.springframework.context.support.AbstractApplicationContext.getBean(AbstractApplicationContext.java:1173)
	at org.springframework.context.support.AbstractApplicationContext.finishBeanFactoryInitialization(AbstractApplicationContext.java:936)
	at org.springframework.context.support.AbstractApplicationContext.refresh(AbstractApplicationContext.java:616)
	at org.springframework.boot.web.servlet.context.ServletWebServerApplicationContext.refresh(ServletWebServerApplicationContext.java:146)
	at org.springframework.boot.SpringApplication.refresh(SpringApplication.java:753)
	at org.springframework.boot.SpringApplication.refreshContext(SpringApplication.java:455)
	at org.springframework.boot.SpringApplication.run(SpringApplication.java:323)
	at org.springframework.boot.SpringApplication.run(SpringApplication.java:1342)
	at org.springframework.boot.SpringApplication.run(SpringApplication.java:1331)
	at com.inventario.InventarioSpringBootApplication.main(InventarioSpringBootApplication.java:10)
	at java.base/jdk.internal.reflect.NativeMethodAccessorImpl.invoke0(Native Method)
	at java.base/jdk.internal.reflect.NativeMethodAccessorImpl.invoke(NativeMethodAccessorImpl.java:77)
	at java.base/jdk.internal.reflect.DelegatingMethodAccessorImpl.invoke(DelegatingMethodAccessorImpl.java:43)
	at java.base/java.lang.reflect.Method.invoke(Method.java:569)
	at org.springframework.boot.devtools.restart.RestartLauncher.run(RestartLauncher.java:50)
Caused by: org.hibernate.service.spi.ServiceException: Unable to create requested service [org.hibernate.cache.spi.RegionFactory] due to: Unable to resolve name [org.hibernate.cache.jcache.internal.JCacheRegionFactory] as strategy [org.hibernate.cache.spi.RegionFactory]
	at org.hibernate.service.internal.AbstractServiceRegistryImpl.createService(AbstractServiceRegistryImpl.java:276)
	at org.hibernate.service.internal.AbstractServiceRegistryImpl.initializeService(AbstractServiceRegistryImpl.java:238)
	at org.hibernate.service.internal.AbstractServiceRegistryImpl.getService(AbstractServiceRegistryImpl.java:215)
	at org.hibernate.boot.internal.MetadataBuilderImpl$MetadataBuildingOptionsImpl.<init>(MetadataBuilderImpl.java:708)
	at org.hibernate.boot.internal.MetadataBuilderImpl.<init>(MetadataBuilderImpl.java:140)
	at org.hibernate.boot.MetadataSources.getMetadataBuilder(MetadataSources.java:164)
	at org.hibernate.jpa.boot.internal.EntityManagerFactoryBuilderImpl.<init>(EntityManagerFactoryBuilderImpl.java:277)
	at org.hibernate.jpa.boot.internal.EntityManagerFactoryBuilderImpl.<init>(EntityManagerFactoryBuilderImpl.java:198)
	at org.springframework.orm.jpa.vendor.SpringHibernateJpaPersistenceProvider.createContainerEntityManagerFactory(SpringHibernateJpaPersistenceProvider.java:63)
	at org.springframework.orm.jpa.LocalContainerEntityManagerFactoryBean.createNativeEntityManagerFactory(LocalContainerEntityManagerFactoryBean.java:376)
	at org.springframework.orm.jpa.AbstractEntityManagerFactoryBean.buildNativeEntityManagerFactory(AbstractEntityManagerFactoryBean.java:409)
	at org.springframework.orm.jpa.AbstractEntityManagerFactoryBean.afterPropertiesSet(AbstractEntityManagerFactoryBean.java:396)
	at org.springframework.orm.jpa.LocalContainerEntityManagerFactoryBean.afterPropertiesSet(LocalContainerEntityManagerFactoryBean.java:352)
	at org.springframework.beans.factory.support.AbstractAutowireCapableBeanFactory.invokeInitMethods(AbstractAutowireCapableBeanFactory.java:1822)
	at org.springframework.beans.factory.support.AbstractAutowireCapableBeanFactory.initializeBean(AbstractAutowireCapableBeanFactory.java:1771)
	... 21 common frames omitted
Caused by: org.hibernate.boot.registry.selector.spi.StrategySelectionException: Unable to resolve name [org.hibernate.cache.jcache.internal.JCacheRegionFactory] as strategy [org.hibernate.cache.spi.RegionFactory]
	at org.hibernate.boot.registry.selector.internal.StrategySelectorImpl.selectStrategyImplementor(StrategySelectorImpl.java:154)
	at org.hibernate.boot.registry.selector.internal.StrategySelectorImpl.resolveStrategy(StrategySelectorImpl.java:236)
	at org.hibernate.boot.registry.selector.internal.StrategySelectorImpl.resolveStrategy(StrategySelectorImpl.java:189)
	at org.hibernate.cache.internal.RegionFactoryInitiator.resolveRegionFactory(RegionFactoryInitiator.java:96)
	at org.hibernate.cache.internal.RegionFactoryInitiator.initiateService(RegionFactoryInitiator.java:47)
	at org.hibernate.cache.internal.RegionFactoryInitiator.initiateService(RegionFactoryInitiator.java:32)
	at org.hibernate.boot.registry.internal.StandardServiceRegistryImpl.initiateService(StandardServiceRegistryImpl.java:129)
	at org.hibernate.service.internal.AbstractServiceRegistryImpl.createService(AbstractServiceRegistryImpl.java:263)
	... 35 common frames omitted
Caused by: org.hibernate.boot.registry.classloading.spi.ClassLoadingException: Unable to load class [org.hibernate.cache.jcache.internal.JCacheRegionFactory]
	at org.hibernate.boot.registry.classloading.internal.ClassLoaderServiceImpl.classForName(ClassLoaderServiceImpl.java:126)
	at org.hibernate.boot.registry.selector.internal.StrategySelectorImpl.selectStrategyImplementor(StrategySelectorImpl.java:150)
	... 42 common frames omitted
Caused by: java.lang.ClassNotFoundException: Could not load requested class : org.hibernate.cache.jcache.internal.JCacheRegionFactory
	at org.hibernate.boot.registry.classloading.internal.AggregatedClassLoader.findClass(AggregatedClassLoader.java:216)
	at java.base/java.lang.ClassLoader.loadClass(ClassLoader.java:592)
	at java.base/java.lang.ClassLoader.loadClass(ClassLoader.java:525)
	at java.base/java.lang.Class.forName0(Native Method)
	at java.base/java.lang.Class.forName(Class.java:467)
	at org.hibernate.boot.registry.classloading.internal.ClassLoaderServiceImpl.classForName(ClassLoaderServiceImpl.java:123)
	... 43 common frames omitted
Caused by: java.lang.Throwable: null
	at org.hibernate.boot.registry.classloading.internal.AggregatedClassLoader.findClass(AggregatedClassLoader.java:209)
	... 48 common frames omitted
	Suppressed: java.lang.ClassNotFoundException: org.hibernate.cache.jcache.internal.JCacheRegionFactory
		at java.base/jdk.internal.loader.BuiltinClassLoader.loadClass(BuiltinClassLoader.java:641)
		at java.base/jdk.internal.loader.ClassLoaders$AppClassLoader.loadClass(ClassLoaders.java:188)
		at java.base/java.lang.ClassLoader.loadClass(ClassLoader.java:525)
		at java.base/java.lang.Class.forName0(Native Method)
		at java.base/java.lang.Class.forName(Class.java:467)
		at org.springframework.boot.devtools.restart.classloader.RestartClassLoader.loadClass(RestartClassLoader.java:121)
		at java.base/java.lang.ClassLoader.loadClass(ClassLoader.java:525)
		at org.hibernate.boot.registry.classloading.internal.AggregatedClassLoader.findClass(AggregatedClassLoader.java:206)
		... 48 common frames omitted
	Suppressed: java.lang.ClassNotFoundException: org.hibernate.cache.jcache.internal.JCacheRegionFactory
		at java.base/jdk.internal.loader.BuiltinClassLoader.loadClass(BuiltinClassLoader.java:641)
		at java.base/jdk.internal.loader.ClassLoaders$AppClassLoader.loadClass(ClassLoaders.java:188)
		at java.base/java.lang.ClassLoader.loadClass(ClassLoader.java:525)
		at org.hibernate.boot.registry.classloading.internal.AggregatedClassLoader.findClass(AggregatedClassLoader.java:206)
		... 48 common frames omitted
	Suppressed: java.lang.ClassNotFoundException: org.hibernate.cache.jcache.internal.JCacheRegionFactory
		at java.base/jdk.internal.loader.BuiltinClassLoader.loadClass(BuiltinClassLoader.java:641)
		at java.base/jdk.internal.loader.ClassLoaders$AppClassLoader.loadClass(ClassLoaders.java:188)
		at java.base/java.lang.ClassLoader.loadClass(ClassLoader.java:525)
		at java.base/java.lang.Class.forName0(Native Method)
		at java.base/java.lang.Class.forName(Class.java:467)
		at org.springframework.boot.devtools.restart.classloader.RestartClassLoader.loadClass(RestartClassLoader.java:121)
		at java.base/java.lang.ClassLoader.loadClass(ClassLoader.java:525)
		at org.hibernate.boot.registry.classloading.internal.AggregatedClassLoader.findClass(AggregatedClassLoader.java:206)
		... 48 common frames omitted
	Suppressed: java.lang.ClassNotFoundException: org.hibernate.cache.jcache.internal.JCacheRegionFactory
		at java.base/jdk.internal.loader.BuiltinClassLoader.loadClass(BuiltinClassLoader.java:641)
		at java.base/jdk.internal.loader.ClassLoaders$AppClassLoader.loadClass(ClassLoaders.java:188)
		at java.base/java.lang.ClassLoader.loadClass(ClassLoader.java:525)
		at org.hibernate.boot.registry.classloading.internal.AggregatedClassLoader.findClass(AggregatedClassLoader.java:206)
		... 48 common frames omitted
2025-11-26 15:11:05 [restartedMain] INFO  c.i.InventarioSpringBootApplication - Starting InventarioSpringBootApplication using Java 17.0.16 with PID 28420 (C:\Users\Liseth\Downloads\InventarioSpringBoot\InventarioSpringBoot\target\classes started by Liseth in C:\Users\Liseth\Downloads\InventarioSpringBoot\InventarioSpringBoot)
2025-11-26 15:11:05 [restartedMain] DEBUG c.i.InventarioSpringBootApplication - Running with Spring Boot v3.2.0, Spring v6.1.1
2025-11-26 15:11:05 [restartedMain] INFO  c.i.InventarioSpringBootApplication - No active profile set, falling back to 1 default profile: "default"
2025-11-26 15:11:05 [restartedMain] INFO  o.s.b.d.e.DevToolsPropertyDefaultsPostProcessor - Devtools property defaults active! Set 'spring.devtools.add-properties' to 'false' to disable
2025-11-26 15:11:05 [restartedMain] INFO  o.s.b.d.e.DevToolsPropertyDefaultsPostProcessor - For additional web related logging consider setting the 'logging.level.web' property to 'DEBUG'
2025-11-26 15:11:07 [restartedMain] INFO  o.s.d.r.c.RepositoryConfigurationDelegate - Bootstrapping Spring Data JPA repositories in DEFAULT mode.
2025-11-26 15:11:07 [restartedMain] INFO  o.s.d.r.c.RepositoryConfigurationDelegate - Finished Spring Data repository scanning in 133 ms. Found 11 JPA repository interfaces.
2025-11-26 15:11:08 [restartedMain] INFO  o.s.b.w.e.tomcat.TomcatWebServer - Tomcat initialized with port 8080 (http)
2025-11-26 15:11:08 [restartedMain] INFO  o.a.catalina.core.StandardService - Starting service [Tomcat]
2025-11-26 15:11:08 [restartedMain] INFO  o.a.catalina.core.StandardEngine - Starting Servlet engine: [Apache Tomcat/10.1.16]
2025-11-26 15:11:09 [restartedMain] INFO  o.a.c.c.C.[Tomcat].[localhost].[/] - Initializing Spring embedded WebApplicationContext
2025-11-26 15:11:09 [restartedMain] INFO  o.s.b.w.s.c.ServletWebServerApplicationContext - Root WebApplicationContext: initialization completed in 3872 ms
2025-11-26 15:11:09 [restartedMain] INFO  o.h.jpa.internal.util.LogHelper - HHH000204: Processing PersistenceUnitInfo [name: default]
2025-11-26 15:11:09 [restartedMain] INFO  org.hibernate.Version - HHH000412: Hibernate ORM core version 6.3.1.Final
2025-11-26 15:11:09 [restartedMain] INFO  o.h.c.i.RegionFactoryInitiator - HHH000026: Second-level cache disabled
2025-11-26 15:11:10 [restartedMain] INFO  o.s.o.j.p.SpringPersistenceUnitInfo - No LoadTimeWeaver setup: ignoring JPA class transformer
2025-11-26 15:11:10 [restartedMain] INFO  com.zaxxer.hikari.HikariDataSource - InventarioHikariPool - Starting...
2025-11-26 15:11:10 [restartedMain] INFO  com.zaxxer.hikari.pool.HikariPool - InventarioHikariPool - Added connection com.mysql.cj.jdbc.ConnectionImpl@396d1e1
2025-11-26 15:11:10 [restartedMain] INFO  com.zaxxer.hikari.HikariDataSource - InventarioHikariPool - Start completed.
2025-11-26 15:11:10 [restartedMain] WARN  org.hibernate.orm.deprecation - HHH90000025: MySQL8Dialect does not need to be specified explicitly using 'hibernate.dialect' (remove the property setting and it will be selected by default)
2025-11-26 15:11:10 [restartedMain] WARN  org.hibernate.orm.deprecation - HHH90000026: MySQL8Dialect has been deprecated; use org.hibernate.dialect.MySQLDialect instead
2025-11-26 15:11:12 [restartedMain] INFO  o.h.e.t.j.p.i.JtaPlatformInitiator - HHH000489: No JTA platform available (set 'hibernate.transaction.jta.platform' to enable JTA platform integration)
2025-11-26 15:11:12 [restartedMain] DEBUG org.hibernate.SQL - 
    alter table alertas 
       add column fecha_lectura datetime(6)
2025-11-26 15:11:13 [restartedMain] DEBUG org.hibernate.SQL - 
    alter table almacenes 
       add column capacidad_maxima float(53)
2025-11-26 15:11:13 [restartedMain] DEBUG org.hibernate.SQL - 
    alter table almacenes 
       add column descripcion varchar(300)
2025-11-26 15:11:13 [restartedMain] DEBUG org.hibernate.SQL - 
    alter table almacenes 
       add column pais varchar(100)
2025-11-26 15:11:13 [restartedMain] DEBUG org.hibernate.SQL - 
    alter table almacenes 
       add column updated_at datetime(6)
2025-11-26 15:11:13 [restartedMain] DEBUG org.hibernate.SQL - 
    alter table almacenes 
       add column usuario_responsable_id integer
2025-11-26 15:11:13 [restartedMain] DEBUG org.hibernate.SQL - 
    alter table categorias 
       add column color varchar(7)
2025-11-26 15:11:13 [restartedMain] DEBUG org.hibernate.SQL - 
    alter table categorias 
       add column icono varchar(100)
2025-11-26 15:11:13 [restartedMain] DEBUG org.hibernate.SQL - 
    alter table categorias 
       add column orden integer
2025-11-26 15:11:13 [restartedMain] DEBUG org.hibernate.SQL - 
    alter table categorias 
       add column updated_at datetime(6)
2025-11-26 15:11:13 [restartedMain] DEBUG org.hibernate.SQL - 
    alter table clientes 
       add column fecha_registro datetime(6)
2025-11-26 15:11:13 [restartedMain] DEBUG org.hibernate.SQL - 
    alter table clientes 
       add column fecha_ultima_compra datetime(6)
2025-11-26 15:11:13 [restartedMain] DEBUG org.hibernate.SQL - 
    alter table clientes 
       modify column limite_credito float(53)
2025-11-26 15:11:13 [restartedMain] DEBUG org.hibernate.SQL - 
    alter table clientes 
       add column nombre varchar(200) not null
2025-11-26 15:11:13 [restartedMain] DEBUG org.hibernate.SQL - 
    alter table clientes 
       add column numero_documento varchar(20)
2025-11-26 15:11:13 [restartedMain] DEBUG org.hibernate.SQL - 
    alter table clientes 
       add column saldo_pendiente float(53)
2025-11-26 15:11:13 [restartedMain] DEBUG org.hibernate.SQL - 
    alter table clientes 
       add column tipo_documento varchar(20)
2025-11-26 15:11:13 [restartedMain] DEBUG org.hibernate.SQL - 
    alter table clientes 
       add column total_compras float(53)
2025-11-26 15:11:13 [restartedMain] DEBUG org.hibernate.SQL - 
    alter table inventario_almacen 
       add column fecha_ultima_actualizacion datetime(6)
2025-11-26 15:11:13 [restartedMain] DEBUG org.hibernate.SQL - 
    alter table inventario_almacen 
       add column ubicacion_especifica varchar(100)
2025-11-26 15:11:14 [restartedMain] DEBUG org.hibernate.SQL - 
    alter table kardex 
       modify column id integer not null auto_increment
2025-11-26 15:11:14 [restartedMain] DEBUG org.hibernate.SQL - 
    alter table kardex 
       add column cantidad integer not null
2025-11-26 15:11:14 [restartedMain] DEBUG org.hibernate.SQL - 
    alter table kardex 
       add column fecha_operacion datetime(6) not null
2025-11-26 15:11:14 [restartedMain] DEBUG org.hibernate.SQL - 
    alter table kardex 
       add column observaciones varchar(500)
2025-11-26 15:11:14 [restartedMain] DEBUG org.hibernate.SQL - 
    alter table kardex 
       add column precio_unitario float(53)
2025-11-26 15:11:14 [restartedMain] DEBUG org.hibernate.SQL - 
    alter table kardex 
       add column saldo_anterior integer not null
2025-11-26 15:11:14 [restartedMain] DEBUG org.hibernate.SQL - 
    alter table kardex 
       add column saldo_nuevo integer not null
2025-11-26 15:11:14 [restartedMain] DEBUG org.hibernate.SQL - 
    alter table kardex 
       add column tipo_operacion enum ('ENTRADA','SALIDA') not null
2025-11-26 15:11:14 [restartedMain] DEBUG org.hibernate.SQL - 
    alter table kardex 
       add column valor_total float(53)
2025-11-26 15:11:14 [restartedMain] DEBUG org.hibernate.SQL - 
    alter table kardex 
       add column movimiento_id integer
2025-11-26 15:11:14 [restartedMain] DEBUG org.hibernate.SQL - 
    create table movimiento_detalle (
        id integer not null auto_increment,
        cantidad integer not null,
        fecha_vencimiento date,
        lote varchar(50),
        observaciones varchar(500),
        precio_unitario float(53) not null,
        subtotal float(53) not null,
        movimiento_id integer not null,
        producto_id integer not null,
        primary key (id)
    ) engine=InnoDB
2025-11-26 15:11:14 [restartedMain] DEBUG org.hibernate.SQL - 
    alter table movimientos 
       add column codigo varchar(50) not null
2025-11-26 15:11:14 [restartedMain] DEBUG org.hibernate.SQL - 
    alter table movimientos 
       add column fecha_aprobacion datetime(6)
2025-11-26 15:11:14 [restartedMain] DEBUG org.hibernate.SQL - 
    alter table movimientos 
       add column fecha_movimiento datetime(6) not null
2025-11-26 15:11:14 [restartedMain] DEBUG org.hibernate.SQL - 
    alter table movimientos 
       add column numero_documento varchar(50)
2025-11-26 15:11:14 [restartedMain] DEBUG org.hibernate.SQL - 
    alter table movimientos 
       add column subtipo enum ('COMPRA','VENTA','DEVOLUCION_COMPRA','DEVOLUCION_VENTA','AJUSTE_POSITIVO','AJUSTE_NEGATIVO','TRANSFERENCIA_ENTRADA','TRANSFERENCIA_SALIDA','PRODUCCION','MERMA','DONACION') not null
2025-11-26 15:11:14 [restartedMain] DEBUG org.hibernate.SQL - 
    alter table movimientos 
       add column tipo enum ('ENTRADA','SALIDA','AJUSTE','TRANSFERENCIA') not null
2025-11-26 15:11:14 [restartedMain] DEBUG org.hibernate.SQL - 
    alter table movimientos 
       add column total_items integer
2025-11-26 15:11:15 [restartedMain] DEBUG org.hibernate.SQL - 
    alter table movimientos 
       add column updated_at datetime(6)
2025-11-26 15:11:15 [restartedMain] DEBUG org.hibernate.SQL - 
    alter table movimientos 
       add column valor_total float(53)
2025-11-26 15:11:15 [restartedMain] DEBUG org.hibernate.SQL - 
    alter table movimientos 
       add column almacen_id integer
2025-11-26 15:11:15 [restartedMain] DEBUG org.hibernate.SQL - 
    alter table movimientos 
       add column aprobado_por integer
2025-11-26 15:11:15 [restartedMain] DEBUG org.hibernate.SQL - 
    alter table movimientos 
       add column usuario_id integer not null
2025-11-26 15:11:15 [restartedMain] DEBUG org.hibernate.SQL - 
    alter table permisos 
       add column activo bit not null
2025-11-26 15:11:15 [restartedMain] DEBUG org.hibernate.SQL - 
    alter table permisos 
       add column created_at datetime(6)
2025-11-26 15:11:15 [restartedMain] DEBUG org.hibernate.SQL - 
    alter table permisos 
       add column updated_at datetime(6)
2025-11-26 15:11:15 [restartedMain] DEBUG org.hibernate.SQL - 
    alter table productos 
       add column codigoBarras varchar(20)
2025-11-26 15:11:15 [restartedMain] DEBUG org.hibernate.SQL - 
    alter table productos 
       add column color varchar(20)
2025-11-26 15:11:15 [restartedMain] DEBUG org.hibernate.SQL - 
    alter table productos 
       add column costo_almacenamiento float(53)
2025-11-26 15:11:15 [restartedMain] DEBUG org.hibernate.SQL - 
    alter table productos 
       add column es_perecedero bit
2025-11-26 15:11:15 [restartedMain] DEBUG org.hibernate.SQL - 
    alter table productos 
       add column fecha_vencimiento date
2025-11-26 15:11:15 [restartedMain] DEBUG org.hibernate.SQL - 
    alter table productos 
       add column imagen_url varchar(500)
2025-11-26 15:11:15 [restartedMain] DEBUG org.hibernate.SQL - 
    alter table productos 
       add column lote varchar(50)
2025-11-26 15:11:16 [restartedMain] DEBUG org.hibernate.SQL - 
    alter table productos 
       add column numero_serie varchar(100)
2025-11-26 15:11:16 [restartedMain] DEBUG org.hibernate.SQL - 
    alter table productos 
       add column observaciones TEXT
2025-11-26 15:11:16 [restartedMain] DEBUG org.hibernate.SQL - 
    alter table productos 
       modify column peso float(53)
2025-11-26 15:11:16 [restartedMain] DEBUG org.hibernate.SQL - 
    alter table productos 
       add column porcentaje_impuesto float(53)
2025-11-26 15:11:16 [restartedMain] DEBUG org.hibernate.SQL - 
    alter table productos 
       modify column precio_compra float(53)
2025-11-26 15:11:16 [restartedMain] DEBUG org.hibernate.SQL - 
    alter table productos 
       modify column precio_mayoreo float(53)
2025-11-26 15:11:16 [restartedMain] DEBUG org.hibernate.SQL - 
    alter table productos 
       modify column precio_venta float(53) not null
2025-11-26 15:11:16 [restartedMain] DEBUG org.hibernate.SQL - 
    alter table productos 
       add column requiere_lote bit
2025-11-26 15:11:16 [restartedMain] DEBUG org.hibernate.SQL - 
    alter table productos 
       add column requiere_serie bit
2025-11-26 15:11:16 [restartedMain] DEBUG org.hibernate.SQL - 
    alter table productos 
       add column sku varchar(50)
2025-11-26 15:11:17 [restartedMain] DEBUG org.hibernate.SQL - 
    alter table productos 
       add column talla varchar(50)
2025-11-26 15:11:17 [restartedMain] DEBUG org.hibernate.SQL - 
    alter table productos 
       add column tiene_impuestos bit
2025-11-26 15:11:17 [restartedMain] DEBUG org.hibernate.SQL - 
    alter table productos 
       add column unidadMedida varchar(50)
2025-11-26 15:11:17 [restartedMain] DEBUG org.hibernate.SQL - 
    alter table productos 
       add column volumen float(53)
2025-11-26 15:11:17 [restartedMain] DEBUG org.hibernate.SQL - 
    alter table productos 
       add column proveedor_id integer
2025-11-26 15:11:18 [restartedMain] DEBUG org.hibernate.SQL - 
    alter table proveedores 
       modify column limite_credito float(53)
2025-11-26 15:11:18 [restartedMain] DEBUG org.hibernate.SQL - 
    alter table proveedores 
       add column nombre varchar(200) not null
2025-11-26 15:11:18 [restartedMain] DEBUG org.hibernate.SQL - 
    alter table proveedores 
       add column persona_contacto varchar(150)
2025-11-26 15:11:18 [restartedMain] DEBUG org.hibernate.SQL - 
    alter table proveedores 
       add column ruc varchar(20)
2025-11-26 15:11:18 [restartedMain] DEBUG org.hibernate.SQL - 
    alter table proveedores 
       add column saldo_pendiente float(53)
2025-11-26 15:11:18 [restartedMain] DEBUG org.hibernate.SQL - 
    alter table proveedores 
       add column telefono_contacto varchar(20)
2025-11-26 15:11:18 [restartedMain] DEBUG org.hibernate.SQL - 
    alter table roles 
       add column updated_at datetime(6)
2025-11-26 15:11:18 [restartedMain] DEBUG org.hibernate.SQL - 
    create table roles_permisos (
        rol_id integer not null,
        permiso_id integer not null,
        primary key (rol_id, permiso_id)
    ) engine=InnoDB
2025-11-26 15:11:18 [restartedMain] DEBUG org.hibernate.SQL - 
    alter table inventario_almacen 
       drop index UKa2tkkhm3a0im8tibl7e03bm0s
2025-11-26 15:11:18 [restartedMain] DEBUG org.hibernate.SQL - 
    alter table inventario_almacen 
       add constraint UKa2tkkhm3a0im8tibl7e03bm0s unique (producto_id, almacen_id)
2025-11-26 15:11:18 [restartedMain] DEBUG org.hibernate.SQL - 
    alter table movimientos 
       drop index UK_a3w414gya2qwv64i1kl1li77m
2025-11-26 15:11:18 [restartedMain] DEBUG org.hibernate.SQL - 
    alter table movimientos 
       add constraint UK_a3w414gya2qwv64i1kl1li77m unique (codigo)
2025-11-26 15:11:18 [restartedMain] DEBUG org.hibernate.SQL - 
    alter table almacenes 
       add constraint FKrtekcac5k6xqsy4yud96yx9l9 
       foreign key (usuario_responsable_id) 
       references usuarios (id)
2025-11-26 15:11:19 [restartedMain] DEBUG org.hibernate.SQL - 
    alter table kardex 
       add constraint FKdix8swnkjtycx4ispq67ihub5 
       foreign key (movimiento_id) 
       references movimientos (id)
2025-11-26 15:11:19 [restartedMain] DEBUG org.hibernate.SQL - 
    alter table movimiento_detalle 
       add constraint FKmr0ds8q3xjex6p88hpbq6ojpw 
       foreign key (movimiento_id) 
       references movimientos (id)
2025-11-26 15:11:19 [restartedMain] DEBUG org.hibernate.SQL - 
    alter table movimiento_detalle 
       add constraint FKloo5yceecmhn4ht9mjqgxuhqs 
       foreign key (producto_id) 
       references productos (id)
2025-11-26 15:11:19 [restartedMain] DEBUG org.hibernate.SQL - 
    alter table movimientos 
       add constraint FKm2miu08yy320twoqiu99kwpor 
       foreign key (almacen_id) 
       references almacenes (id)
2025-11-26 15:11:19 [restartedMain] DEBUG org.hibernate.SQL - 
    alter table movimientos 
       add constraint FKexc37qx9h9e0f7ie7pma00kxc 
       foreign key (aprobado_por) 
       references usuarios (id)
2025-11-26 15:11:19 [restartedMain] DEBUG org.hibernate.SQL - 
    alter table movimientos 
       add constraint FK2ofduyqqwmyyf07vue5g6iv7m 
       foreign key (usuario_id) 
       references usuarios (id)
2025-11-26 15:11:19 [restartedMain] DEBUG org.hibernate.SQL - 
    alter table productos 
       add constraint FK4s80lxlx2fkci25fcx4r0nbex 
       foreign key (proveedor_id) 
       references proveedores (id)
2025-11-26 15:11:19 [restartedMain] DEBUG org.hibernate.SQL - 
    alter table roles_permisos 
       add constraint FKb0mtvm6ueravs9kg2fkuclmsl 
       foreign key (permiso_id) 
       references permisos (id)
2025-11-26 15:11:19 [restartedMain] DEBUG org.hibernate.SQL - 
    alter table roles_permisos 
       add constraint FK68uamub496itr2vfhvrjuq6ji 
       foreign key (rol_id) 
       references roles (id)
2025-11-26 15:11:19 [restartedMain] INFO  o.s.o.j.LocalContainerEntityManagerFactoryBean - Initialized JPA EntityManagerFactory for persistence unit 'default'
2025-11-26 15:11:20 [restartedMain] INFO  o.s.d.j.r.query.QueryEnhancerFactory - Hibernate is in classpath; If applicable, HQL parser will be used.
2025-11-26 15:11:21 [restartedMain] WARN  o.s.b.a.o.j.JpaBaseConfiguration$JpaWebConfiguration - spring.jpa.open-in-view is enabled by default. Therefore, database queries may be performed during view rendering. Explicitly configure spring.jpa.open-in-view to disable this warning
2025-11-26 15:11:22 [restartedMain] INFO  o.s.b.a.e.web.EndpointLinksResolver - Exposing 4 endpoint(s) beneath base path '/actuator'
2025-11-26 15:11:23 [restartedMain] INFO  o.s.s.web.DefaultSecurityFilterChain - Will secure any request with [org.springframework.security.web.session.DisableEncodeUrlFilter@41237303, org.springframework.security.web.context.request.async.WebAsyncManagerIntegrationFilter@4ce76690, org.springframework.security.web.context.SecurityContextHolderFilter@1f7c0e83, org.springframework.security.web.header.HeaderWriterFilter@7e896607, org.springframework.web.filter.CorsFilter@8f75443, org.springframework.security.web.authentication.logout.LogoutFilter@344d525b, org.springframework.security.web.authentication.UsernamePasswordAuthenticationFilter@3d2e492a, org.springframework.security.web.session.ConcurrentSessionFilter@5828be5d, org.springframework.security.web.savedrequest.RequestCacheAwareFilter@5983cf4d, org.springframework.security.web.servletapi.SecurityContextHolderAwareRequestFilter@52140780, org.springframework.security.web.authentication.AnonymousAuthenticationFilter@677aa5cd, org.springframework.security.web.session.SessionManagementFilter@5b72fdaa, org.springframework.security.web.access.ExceptionTranslationFilter@41c11c15, org.springframework.security.web.access.intercept.AuthorizationFilter@66fe044c]
2025-11-26 15:11:24 [restartedMain] INFO  o.s.b.d.a.OptionalLiveReloadServer - LiveReload server is running on port 35729
2025-11-26 15:11:24 [restartedMain] INFO  o.s.b.w.e.tomcat.TomcatWebServer - Tomcat started on port 8080 (http) with context path ''
2025-11-26 15:11:24 [restartedMain] INFO  c.i.InventarioSpringBootApplication - Started InventarioSpringBootApplication in 20.678 seconds (process running for 21.807)
2025-11-26 15:12:59 [SpringApplicationShutdownHook] INFO  o.s.o.j.LocalContainerEntityManagerFactoryBean - Closing JPA EntityManagerFactory for persistence unit 'default'
2025-11-26 15:12:59 [SpringApplicationShutdownHook] INFO  com.zaxxer.hikari.HikariDataSource - InventarioHikariPool - Shutdown initiated...
2025-11-26 15:12:59 [SpringApplicationShutdownHook] INFO  com.zaxxer.hikari.HikariDataSource - InventarioHikariPool - Shutdown completed.
2025-11-26 15:13:13 [restartedMain] INFO  c.i.InventarioSpringBootApplication - Starting InventarioSpringBootApplication using Java 17.0.16 with PID 21300 (C:\Users\Liseth\Downloads\InventarioSpringBoot\InventarioSpringBoot\target\classes started by Liseth in C:\Users\Liseth\Downloads\InventarioSpringBoot\InventarioSpringBoot)
2025-11-26 15:13:13 [restartedMain] DEBUG c.i.InventarioSpringBootApplication - Running with Spring Boot v3.2.0, Spring v6.1.1
2025-11-26 15:13:13 [restartedMain] INFO  c.i.InventarioSpringBootApplication - No active profile set, falling back to 1 default profile: "default"
2025-11-26 15:13:13 [restartedMain] INFO  o.s.b.d.e.DevToolsPropertyDefaultsPostProcessor - Devtools property defaults active! Set 'spring.devtools.add-properties' to 'false' to disable
2025-11-26 15:13:13 [restartedMain] INFO  o.s.b.d.e.DevToolsPropertyDefaultsPostProcessor - For additional web related logging consider setting the 'logging.level.web' property to 'DEBUG'
2025-11-26 15:13:15 [restartedMain] INFO  o.s.d.r.c.RepositoryConfigurationDelegate - Bootstrapping Spring Data JPA repositories in DEFAULT mode.
2025-11-26 15:13:15 [restartedMain] INFO  o.s.d.r.c.RepositoryConfigurationDelegate - Finished Spring Data repository scanning in 158 ms. Found 11 JPA repository interfaces.
2025-11-26 15:13:16 [restartedMain] INFO  o.s.b.w.e.tomcat.TomcatWebServer - Tomcat initialized with port 8080 (http)
2025-11-26 15:13:17 [restartedMain] INFO  o.a.catalina.core.StandardService - Starting service [Tomcat]
2025-11-26 15:13:17 [restartedMain] INFO  o.a.catalina.core.StandardEngine - Starting Servlet engine: [Apache Tomcat/10.1.16]
2025-11-26 15:13:17 [restartedMain] INFO  o.a.c.c.C.[Tomcat].[localhost].[/] - Initializing Spring embedded WebApplicationContext
2025-11-26 15:13:17 [restartedMain] INFO  o.s.b.w.s.c.ServletWebServerApplicationContext - Root WebApplicationContext: initialization completed in 3624 ms
2025-11-26 15:13:17 [restartedMain] INFO  o.h.jpa.internal.util.LogHelper - HHH000204: Processing PersistenceUnitInfo [name: default]
2025-11-26 15:13:17 [restartedMain] INFO  org.hibernate.Version - HHH000412: Hibernate ORM core version 6.3.1.Final
2025-11-26 15:13:17 [restartedMain] INFO  o.h.c.i.RegionFactoryInitiator - HHH000026: Second-level cache disabled
2025-11-26 15:13:17 [restartedMain] INFO  o.s.o.j.p.SpringPersistenceUnitInfo - No LoadTimeWeaver setup: ignoring JPA class transformer
2025-11-26 15:13:18 [restartedMain] INFO  com.zaxxer.hikari.HikariDataSource - InventarioHikariPool - Starting...
2025-11-26 15:13:18 [restartedMain] INFO  com.zaxxer.hikari.pool.HikariPool - InventarioHikariPool - Added connection com.mysql.cj.jdbc.ConnectionImpl@57d8a370
2025-11-26 15:13:18 [restartedMain] INFO  com.zaxxer.hikari.HikariDataSource - InventarioHikariPool - Start completed.
2025-11-26 15:13:18 [restartedMain] WARN  org.hibernate.orm.deprecation - HHH90000025: MySQL8Dialect does not need to be specified explicitly using 'hibernate.dialect' (remove the property setting and it will be selected by default)
2025-11-26 15:13:18 [restartedMain] WARN  org.hibernate.orm.deprecation - HHH90000026: MySQL8Dialect has been deprecated; use org.hibernate.dialect.MySQLDialect instead
2025-11-26 15:13:19 [restartedMain] INFO  o.h.e.t.j.p.i.JtaPlatformInitiator - HHH000489: No JTA platform available (set 'hibernate.transaction.jta.platform' to enable JTA platform integration)
2025-11-26 15:13:20 [restartedMain] INFO  o.s.o.j.LocalContainerEntityManagerFactoryBean - Initialized JPA EntityManagerFactory for persistence unit 'default'
2025-11-26 15:13:20 [restartedMain] INFO  o.s.d.j.r.query.QueryEnhancerFactory - Hibernate is in classpath; If applicable, HQL parser will be used.
2025-11-26 15:13:21 [restartedMain] WARN  o.s.b.a.o.j.JpaBaseConfiguration$JpaWebConfiguration - spring.jpa.open-in-view is enabled by default. Therefore, database queries may be performed during view rendering. Explicitly configure spring.jpa.open-in-view to disable this warning
2025-11-26 15:13:22 [restartedMain] INFO  o.s.b.a.e.web.EndpointLinksResolver - Exposing 4 endpoint(s) beneath base path '/actuator'
2025-11-26 15:13:22 [restartedMain] INFO  o.s.s.web.DefaultSecurityFilterChain - Will secure any request with [org.springframework.security.web.session.DisableEncodeUrlFilter@19466b5d, org.springframework.security.web.context.request.async.WebAsyncManagerIntegrationFilter@5aaf9973, org.springframework.security.web.context.SecurityContextHolderFilter@ac431ac, org.springframework.security.web.header.HeaderWriterFilter@7045418d, org.springframework.web.filter.CorsFilter@4b2462e0, org.springframework.security.web.authentication.logout.LogoutFilter@537926e2, org.springframework.security.web.authentication.UsernamePasswordAuthenticationFilter@36ff1625, org.springframework.security.web.session.ConcurrentSessionFilter@4254a4f7, org.springframework.security.web.savedrequest.RequestCacheAwareFilter@45233eff, org.springframework.security.web.servletapi.SecurityContextHolderAwareRequestFilter@770f45e6, org.springframework.security.web.authentication.AnonymousAuthenticationFilter@6ffa49c9, org.springframework.security.web.session.SessionManagementFilter@6abe6da3, org.springframework.security.web.access.ExceptionTranslationFilter@2a2d583d, org.springframework.security.web.access.intercept.AuthorizationFilter@3087119c]
2025-11-26 15:13:23 [restartedMain] INFO  o.s.b.d.a.OptionalLiveReloadServer - LiveReload server is running on port 35729
2025-11-26 15:13:23 [restartedMain] INFO  o.s.b.w.e.tomcat.TomcatWebServer - Tomcat started on port 8080 (http) with context path ''
2025-11-26 15:13:23 [restartedMain] INFO  c.i.InventarioSpringBootApplication - Started InventarioSpringBootApplication in 11.043 seconds (process running for 11.828)
2025-11-26 15:14:02 [http-nio-8080-exec-1] INFO  o.a.c.c.C.[Tomcat].[localhost].[/] - Initializing Spring DispatcherServlet 'dispatcherServlet'
2025-11-26 15:14:02 [http-nio-8080-exec-1] INFO  o.s.web.servlet.DispatcherServlet - Initializing Servlet 'dispatcherServlet'
2025-11-26 15:14:02 [http-nio-8080-exec-1] INFO  o.s.web.servlet.DispatcherServlet - Completed initialization in 2 ms
2025-11-26 15:14:02 [http-nio-8080-exec-1] DEBUG o.s.security.web.FilterChainProxy - Securing GET /
2025-11-26 15:14:02 [http-nio-8080-exec-1] WARN  o.s.w.s.h.HandlerMappingIntrospector - Cache miss for REQUEST dispatch to '/' (previous null). Performing CorsConfiguration lookup. This is logged once only at WARN level, and every time at TRACE.
2025-11-26 15:14:02 [http-nio-8080-exec-1] DEBUG o.s.s.w.a.AnonymousAuthenticationFilter - Set SecurityContextHolder to anonymous SecurityContext
2025-11-26 15:14:02 [http-nio-8080-exec-1] WARN  o.s.w.s.h.HandlerMappingIntrospector - Cache miss for REQUEST dispatch to '/' (previous null). Performing MatchableHandlerMapping lookup. This is logged once only at WARN level, and every time at TRACE.
2025-11-26 15:14:02 [http-nio-8080-exec-1] DEBUG o.s.s.w.s.HttpSessionRequestCache - Saved request http://localhost:8080/?continue to session
2025-11-26 15:14:02 [http-nio-8080-exec-1] DEBUG o.s.s.web.DefaultRedirectStrategy - Redirecting to http://localhost:8080/login
2025-11-26 15:14:02 [http-nio-8080-exec-2] DEBUG o.s.security.web.FilterChainProxy - Securing GET /login
2025-11-26 15:14:02 [http-nio-8080-exec-2] DEBUG o.s.s.w.a.AnonymousAuthenticationFilter - Set SecurityContextHolder to anonymous SecurityContext
2025-11-26 15:14:02 [http-nio-8080-exec-2] DEBUG o.s.security.web.FilterChainProxy - Secured GET /login
2025-11-26 15:14:03 [http-nio-8080-exec-3] DEBUG o.s.security.web.FilterChainProxy - Securing GET /favicon.ico
2025-11-26 15:14:03 [http-nio-8080-exec-3] DEBUG o.s.s.w.a.AnonymousAuthenticationFilter - Set SecurityContextHolder to anonymous SecurityContext
2025-11-26 15:14:03 [http-nio-8080-exec-3] DEBUG o.s.s.web.DefaultRedirectStrategy - Redirecting to http://localhost:8080/login
2025-11-26 15:14:03 [http-nio-8080-exec-4] DEBUG o.s.security.web.FilterChainProxy - Securing GET /login
2025-11-26 15:14:03 [http-nio-8080-exec-4] DEBUG o.s.s.w.a.AnonymousAuthenticationFilter - Set SecurityContextHolder to anonymous SecurityContext
2025-11-26 15:14:03 [http-nio-8080-exec-4] DEBUG o.s.security.web.FilterChainProxy - Secured GET /login
2025-11-26 15:14:50 [http-nio-8080-exec-5] DEBUG o.s.security.web.FilterChainProxy - Securing POST /login
2025-11-26 15:14:50 [http-nio-8080-exec-5] DEBUG org.hibernate.SQL - 
    /* <criteria> */ select
        u1_0.id,
        u1_0.activo,
        u1_0.bloqueado_hasta,
        u1_0.created_at,
        u1_0.email,
        u1_0.intentos_fallidos,
        u1_0.nombre_completo,
        u1_0.password,
        u1_0.rol_id,
        u1_0.telefono,
        u1_0.ultimo_acceso,
        u1_0.updated_at,
        u1_0.username 
    from
        usuarios u1_0 
    where
        u1_0.username=?
2025-11-26 15:14:51 [http-nio-8080-exec-5] DEBUG org.hibernate.SQL - 
    select
        r1_0.id,
        r1_0.activo,
        r1_0.created_at,
        r1_0.descripcion,
        r1_0.nombre,
        r1_0.updated_at 
    from
        roles r1_0 
    where
        r1_0.id=?
2025-11-26 15:14:51 [http-nio-8080-exec-5] DEBUG o.s.s.a.d.DaoAuthenticationProvider - Failed to authenticate since password does not match stored value
2025-11-26 15:14:51 [http-nio-8080-exec-5] DEBUG o.s.s.web.DefaultRedirectStrategy - Redirecting to /login?error=true
2025-11-26 15:14:51 [http-nio-8080-exec-6] DEBUG o.s.security.web.FilterChainProxy - Securing GET /login?error=true
2025-11-26 15:14:51 [http-nio-8080-exec-6] DEBUG o.s.s.w.a.AnonymousAuthenticationFilter - Set SecurityContextHolder to anonymous SecurityContext
2025-11-26 15:14:51 [http-nio-8080-exec-6] DEBUG o.s.security.web.FilterChainProxy - Secured GET /login?error=true
2025-11-26 15:14:51 [http-nio-8080-exec-7] DEBUG o.s.security.web.FilterChainProxy - Securing GET /favicon.ico
2025-11-26 15:14:51 [http-nio-8080-exec-7] DEBUG o.s.s.w.a.AnonymousAuthenticationFilter - Set SecurityContextHolder to anonymous SecurityContext
2025-11-26 15:14:51 [http-nio-8080-exec-7] DEBUG o.s.s.web.DefaultRedirectStrategy - Redirecting to http://localhost:8080/login
2025-11-26 15:14:51 [http-nio-8080-exec-8] DEBUG o.s.security.web.FilterChainProxy - Securing GET /login
2025-11-26 15:14:51 [http-nio-8080-exec-8] DEBUG o.s.s.w.a.AnonymousAuthenticationFilter - Set SecurityContextHolder to anonymous SecurityContext
2025-11-26 15:14:51 [http-nio-8080-exec-8] DEBUG o.s.security.web.FilterChainProxy - Secured GET /login
2025-11-26 15:15:31 [http-nio-8080-exec-10] DEBUG o.s.security.web.FilterChainProxy - Securing POST /login
2025-11-26 15:15:31 [http-nio-8080-exec-10] DEBUG org.hibernate.SQL - 
    /* <criteria> */ select
        u1_0.id,
        u1_0.activo,
        u1_0.bloqueado_hasta,
        u1_0.created_at,
        u1_0.email,
        u1_0.intentos_fallidos,
        u1_0.nombre_completo,
        u1_0.password,
        u1_0.rol_id,
        u1_0.telefono,
        u1_0.ultimo_acceso,
        u1_0.updated_at,
        u1_0.username 
    from
        usuarios u1_0 
    where
        u1_0.username=?
2025-11-26 15:15:31 [http-nio-8080-exec-10] DEBUG org.hibernate.SQL - 
    select
        r1_0.id,
        r1_0.activo,
        r1_0.created_at,
        r1_0.descripcion,
        r1_0.nombre,
        r1_0.updated_at 
    from
        roles r1_0 
    where
        r1_0.id=?
2025-11-26 15:15:31 [http-nio-8080-exec-10] DEBUG o.s.s.a.d.DaoAuthenticationProvider - Failed to authenticate since password does not match stored value
2025-11-26 15:15:31 [http-nio-8080-exec-10] DEBUG o.s.s.web.DefaultRedirectStrategy - Redirecting to /login?error=true
2025-11-26 15:15:31 [http-nio-8080-exec-1] DEBUG o.s.security.web.FilterChainProxy - Securing GET /login?error=true
2025-11-26 15:15:31 [http-nio-8080-exec-1] DEBUG o.s.s.w.a.AnonymousAuthenticationFilter - Set SecurityContextHolder to anonymous SecurityContext
2025-11-26 15:15:31 [http-nio-8080-exec-1] DEBUG o.s.security.web.FilterChainProxy - Secured GET /login?error=true
2025-11-26 15:15:31 [http-nio-8080-exec-2] DEBUG o.s.security.web.FilterChainProxy - Securing GET /favicon.ico
2025-11-26 15:15:31 [http-nio-8080-exec-2] DEBUG o.s.s.w.a.AnonymousAuthenticationFilter - Set SecurityContextHolder to anonymous SecurityContext
2025-11-26 15:15:31 [http-nio-8080-exec-2] DEBUG o.s.s.web.DefaultRedirectStrategy - Redirecting to http://localhost:8080/login
2025-11-26 15:15:31 [http-nio-8080-exec-3] DEBUG o.s.security.web.FilterChainProxy - Securing GET /login
2025-11-26 15:15:31 [http-nio-8080-exec-3] DEBUG o.s.s.w.a.AnonymousAuthenticationFilter - Set SecurityContextHolder to anonymous SecurityContext
2025-11-26 15:15:31 [http-nio-8080-exec-3] DEBUG o.s.security.web.FilterChainProxy - Secured GET /login
2025-11-26 15:15:38 [http-nio-8080-exec-4] DEBUG o.s.security.web.FilterChainProxy - Securing GET /.well-known/appspecific/com.chrome.devtools.json
2025-11-26 15:15:38 [http-nio-8080-exec-4] DEBUG o.s.s.w.a.AnonymousAuthenticationFilter - Set SecurityContextHolder to anonymous SecurityContext
2025-11-26 15:15:38 [http-nio-8080-exec-4] DEBUG o.s.s.w.s.HttpSessionRequestCache - Saved request http://localhost:8080/.well-known/appspecific/com.chrome.devtools.json?continue to session
2025-11-26 15:15:38 [http-nio-8080-exec-4] DEBUG o.s.s.web.DefaultRedirectStrategy - Redirecting to http://localhost:8080/login
2025-11-26 15:15:38 [http-nio-8080-exec-5] DEBUG o.s.security.web.FilterChainProxy - Securing GET /login
2025-11-26 15:15:38 [http-nio-8080-exec-5] DEBUG o.s.s.w.a.AnonymousAuthenticationFilter - Set SecurityContextHolder to anonymous SecurityContext
2025-11-26 15:15:38 [http-nio-8080-exec-5] DEBUG o.s.security.web.FilterChainProxy - Secured GET /login
2025-11-26 15:15:51 [http-nio-8080-exec-6] DEBUG o.s.security.web.FilterChainProxy - Securing POST /login
2025-11-26 15:15:51 [http-nio-8080-exec-6] DEBUG org.hibernate.SQL - 
    /* <criteria> */ select
        u1_0.id,
        u1_0.activo,
        u1_0.bloqueado_hasta,
        u1_0.created_at,
        u1_0.email,
        u1_0.intentos_fallidos,
        u1_0.nombre_completo,
        u1_0.password,
        u1_0.rol_id,
        u1_0.telefono,
        u1_0.ultimo_acceso,
        u1_0.updated_at,
        u1_0.username 
    from
        usuarios u1_0 
    where
        u1_0.username=?
2025-11-26 15:15:51 [http-nio-8080-exec-6] DEBUG org.hibernate.SQL - 
    select
        r1_0.id,
        r1_0.activo,
        r1_0.created_at,
        r1_0.descripcion,
        r1_0.nombre,
        r1_0.updated_at 
    from
        roles r1_0 
    where
        r1_0.id=?
2025-11-26 15:15:51 [http-nio-8080-exec-6] DEBUG o.s.s.a.d.DaoAuthenticationProvider - Failed to authenticate since password does not match stored value
2025-11-26 15:15:51 [http-nio-8080-exec-6] DEBUG o.s.s.web.DefaultRedirectStrategy - Redirecting to /login?error=true
2025-11-26 15:15:51 [http-nio-8080-exec-7] DEBUG o.s.security.web.FilterChainProxy - Securing GET /login?error=true
2025-11-26 15:15:51 [http-nio-8080-exec-7] DEBUG o.s.s.w.a.AnonymousAuthenticationFilter - Set SecurityContextHolder to anonymous SecurityContext
2025-11-26 15:15:51 [http-nio-8080-exec-7] DEBUG o.s.security.web.FilterChainProxy - Secured GET /login?error=true
2025-11-26 15:15:51 [http-nio-8080-exec-8] DEBUG o.s.security.web.FilterChainProxy - Securing GET /.well-known/appspecific/com.chrome.devtools.json
2025-11-26 15:15:51 [http-nio-8080-exec-8] DEBUG o.s.s.w.a.AnonymousAuthenticationFilter - Set SecurityContextHolder to anonymous SecurityContext
2025-11-26 15:15:52 [http-nio-8080-exec-8] DEBUG o.s.s.w.s.HttpSessionRequestCache - Saved request http://localhost:8080/.well-known/appspecific/com.chrome.devtools.json?continue to session
2025-11-26 15:15:52 [http-nio-8080-exec-9] DEBUG o.s.security.web.FilterChainProxy - Securing GET /favicon.ico
2025-11-26 15:15:52 [http-nio-8080-exec-8] DEBUG o.s.s.web.DefaultRedirectStrategy - Redirecting to http://localhost:8080/login
2025-11-26 15:15:52 [http-nio-8080-exec-10] DEBUG o.s.security.web.FilterChainProxy - Securing GET /login
2025-11-26 15:15:52 [http-nio-8080-exec-9] DEBUG o.s.s.w.a.AnonymousAuthenticationFilter - Set SecurityContextHolder to anonymous SecurityContext
2025-11-26 15:15:52 [http-nio-8080-exec-10] DEBUG o.s.s.w.a.AnonymousAuthenticationFilter - Set SecurityContextHolder to anonymous SecurityContext
2025-11-26 15:15:52 [http-nio-8080-exec-10] DEBUG o.s.security.web.FilterChainProxy - Secured GET /login
2025-11-26 15:15:52 [http-nio-8080-exec-9] DEBUG o.s.s.web.DefaultRedirectStrategy - Redirecting to http://localhost:8080/login
2025-11-26 15:15:52 [http-nio-8080-exec-1] DEBUG o.s.security.web.FilterChainProxy - Securing GET /login
2025-11-26 15:15:52 [http-nio-8080-exec-1] DEBUG o.s.s.w.a.AnonymousAuthenticationFilter - Set SecurityContextHolder to anonymous SecurityContext
2025-11-26 15:15:52 [http-nio-8080-exec-1] DEBUG o.s.security.web.FilterChainProxy - Secured GET /login
2025-11-26 15:23:04 [http-nio-8080-exec-4] DEBUG o.s.security.web.FilterChainProxy - Securing POST /login
2025-11-26 15:23:04 [http-nio-8080-exec-4] DEBUG org.hibernate.SQL - 
    /* <criteria> */ select
        u1_0.id,
        u1_0.activo,
        u1_0.bloqueado_hasta,
        u1_0.created_at,
        u1_0.email,
        u1_0.intentos_fallidos,
        u1_0.nombre_completo,
        u1_0.password,
        u1_0.rol_id,
        u1_0.telefono,
        u1_0.ultimo_acceso,
        u1_0.updated_at,
        u1_0.username 
    from
        usuarios u1_0 
    where
        u1_0.username=?
2025-11-26 15:23:04 [http-nio-8080-exec-4] DEBUG org.hibernate.SQL - 
    select
        r1_0.id,
        r1_0.activo,
        r1_0.created_at,
        r1_0.descripcion,
        r1_0.nombre,
        r1_0.updated_at 
    from
        roles r1_0 
    where
        r1_0.id=?
2025-11-26 15:23:04 [http-nio-8080-exec-4] DEBUG o.s.s.a.d.DaoAuthenticationProvider - Failed to authenticate since password does not match stored value
2025-11-26 15:23:04 [http-nio-8080-exec-4] DEBUG o.s.s.web.DefaultRedirectStrategy - Redirecting to /login?error=true
2025-11-26 15:23:04 [http-nio-8080-exec-5] DEBUG o.s.security.web.FilterChainProxy - Securing GET /login?error=true
2025-11-26 15:23:04 [http-nio-8080-exec-5] DEBUG o.s.s.w.a.AnonymousAuthenticationFilter - Set SecurityContextHolder to anonymous SecurityContext
2025-11-26 15:23:04 [http-nio-8080-exec-5] DEBUG o.s.security.web.FilterChainProxy - Secured GET /login?error=true
2025-11-26 15:23:04 [http-nio-8080-exec-6] DEBUG o.s.security.web.FilterChainProxy - Securing GET /.well-known/appspecific/com.chrome.devtools.json
2025-11-26 15:23:04 [http-nio-8080-exec-6] DEBUG o.s.s.w.a.AnonymousAuthenticationFilter - Set SecurityContextHolder to anonymous SecurityContext
2025-11-26 15:23:04 [http-nio-8080-exec-6] DEBUG o.s.s.w.s.HttpSessionRequestCache - Saved request http://localhost:8080/.well-known/appspecific/com.chrome.devtools.json?continue to session
2025-11-26 15:23:04 [http-nio-8080-exec-7] DEBUG o.s.security.web.FilterChainProxy - Securing GET /favicon.ico
2025-11-26 15:23:04 [http-nio-8080-exec-6] DEBUG o.s.s.web.DefaultRedirectStrategy - Redirecting to http://localhost:8080/login
2025-11-26 15:23:04 [http-nio-8080-exec-7] DEBUG o.s.s.w.a.AnonymousAuthenticationFilter - Set SecurityContextHolder to anonymous SecurityContext
2025-11-26 15:23:04 [http-nio-8080-exec-8] DEBUG o.s.security.web.FilterChainProxy - Securing GET /login
2025-11-26 15:23:05 [http-nio-8080-exec-8] DEBUG o.s.s.w.a.AnonymousAuthenticationFilter - Set SecurityContextHolder to anonymous SecurityContext
2025-11-26 15:23:05 [http-nio-8080-exec-8] DEBUG o.s.security.web.FilterChainProxy - Secured GET /login
2025-11-26 15:23:05 [http-nio-8080-exec-7] DEBUG o.s.s.web.DefaultRedirectStrategy - Redirecting to http://localhost:8080/login
2025-11-26 15:23:05 [http-nio-8080-exec-9] DEBUG o.s.security.web.FilterChainProxy - Securing GET /login
2025-11-26 15:23:05 [http-nio-8080-exec-9] DEBUG o.s.s.w.a.AnonymousAuthenticationFilter - Set SecurityContextHolder to anonymous SecurityContext
2025-11-26 15:23:05 [http-nio-8080-exec-9] DEBUG o.s.security.web.FilterChainProxy - Secured GET /login
2025-11-26 15:23:20 [http-nio-8080-exec-10] DEBUG o.s.security.web.FilterChainProxy - Securing POST /login
2025-11-26 15:23:20 [http-nio-8080-exec-10] DEBUG org.hibernate.SQL - 
    /* <criteria> */ select
        u1_0.id,
        u1_0.activo,
        u1_0.bloqueado_hasta,
        u1_0.created_at,
        u1_0.email,
        u1_0.intentos_fallidos,
        u1_0.nombre_completo,
        u1_0.password,
        u1_0.rol_id,
        u1_0.telefono,
        u1_0.ultimo_acceso,
        u1_0.updated_at,
        u1_0.username 
    from
        usuarios u1_0 
    where
        u1_0.username=?
2025-11-26 15:23:20 [http-nio-8080-exec-10] DEBUG org.hibernate.SQL - 
    select
        r1_0.id,
        r1_0.activo,
        r1_0.created_at,
        r1_0.descripcion,
        r1_0.nombre,
        r1_0.updated_at 
    from
        roles r1_0 
    where
        r1_0.id=?
2025-11-26 15:23:21 [http-nio-8080-exec-10] DEBUG o.s.s.a.d.DaoAuthenticationProvider - Failed to authenticate since password does not match stored value
2025-11-26 15:23:21 [http-nio-8080-exec-10] DEBUG o.s.s.web.DefaultRedirectStrategy - Redirecting to /login?error=true
2025-11-26 15:23:21 [http-nio-8080-exec-1] DEBUG o.s.security.web.FilterChainProxy - Securing GET /login?error=true
2025-11-26 15:23:21 [http-nio-8080-exec-1] DEBUG o.s.s.w.a.AnonymousAuthenticationFilter - Set SecurityContextHolder to anonymous SecurityContext
2025-11-26 15:23:21 [http-nio-8080-exec-1] DEBUG o.s.security.web.FilterChainProxy - Secured GET /login?error=true
2025-11-26 15:23:21 [http-nio-8080-exec-2] DEBUG o.s.security.web.FilterChainProxy - Securing GET /.well-known/appspecific/com.chrome.devtools.json
2025-11-26 15:23:21 [http-nio-8080-exec-2] DEBUG o.s.s.w.a.AnonymousAuthenticationFilter - Set SecurityContextHolder to anonymous SecurityContext
2025-11-26 15:23:21 [http-nio-8080-exec-3] DEBUG o.s.security.web.FilterChainProxy - Securing GET /favicon.ico
2025-11-26 15:23:21 [http-nio-8080-exec-2] DEBUG o.s.s.w.s.HttpSessionRequestCache - Saved request http://localhost:8080/.well-known/appspecific/com.chrome.devtools.json?continue to session
2025-11-26 15:23:21 [http-nio-8080-exec-2] DEBUG o.s.s.web.DefaultRedirectStrategy - Redirecting to http://localhost:8080/login
2025-11-26 15:23:21 [http-nio-8080-exec-3] DEBUG o.s.s.w.a.AnonymousAuthenticationFilter - Set SecurityContextHolder to anonymous SecurityContext
2025-11-26 15:23:21 [http-nio-8080-exec-4] DEBUG o.s.security.web.FilterChainProxy - Securing GET /login
2025-11-26 15:23:21 [http-nio-8080-exec-4] DEBUG o.s.s.w.a.AnonymousAuthenticationFilter - Set SecurityContextHolder to anonymous SecurityContext
2025-11-26 15:23:21 [http-nio-8080-exec-3] DEBUG o.s.s.web.DefaultRedirectStrategy - Redirecting to http://localhost:8080/login
2025-11-26 15:23:21 [http-nio-8080-exec-4] DEBUG o.s.security.web.FilterChainProxy - Secured GET /login
2025-11-26 15:23:21 [http-nio-8080-exec-5] DEBUG o.s.security.web.FilterChainProxy - Securing GET /login
2025-11-26 15:23:21 [http-nio-8080-exec-5] DEBUG o.s.s.w.a.AnonymousAuthenticationFilter - Set SecurityContextHolder to anonymous SecurityContext
2025-11-26 15:23:21 [http-nio-8080-exec-5] DEBUG o.s.security.web.FilterChainProxy - Secured GET /login
2025-11-26 15:23:50 [SpringApplicationShutdownHook] INFO  o.s.o.j.LocalContainerEntityManagerFactoryBean - Closing JPA EntityManagerFactory for persistence unit 'default'
2025-11-26 15:23:50 [SpringApplicationShutdownHook] INFO  com.zaxxer.hikari.HikariDataSource - InventarioHikariPool - Shutdown initiated...
2025-11-26 15:23:50 [SpringApplicationShutdownHook] INFO  com.zaxxer.hikari.HikariDataSource - InventarioHikariPool - Shutdown completed.
2025-11-26 15:24:56 [restartedMain] INFO  c.i.InventarioSpringBootApplication - Starting InventarioSpringBootApplication using Java 17.0.16 with PID 9844 (C:\Users\Liseth\Downloads\InventarioSpringBoot\InventarioSpringBoot\target\classes started by Liseth in C:\Users\Liseth\Downloads\InventarioSpringBoot\InventarioSpringBoot)
2025-11-26 15:24:56 [restartedMain] DEBUG c.i.InventarioSpringBootApplication - Running with Spring Boot v3.2.0, Spring v6.1.1
2025-11-26 15:24:56 [restartedMain] INFO  c.i.InventarioSpringBootApplication - No active profile set, falling back to 1 default profile: "default"
2025-11-26 15:24:56 [restartedMain] INFO  o.s.b.d.e.DevToolsPropertyDefaultsPostProcessor - Devtools property defaults active! Set 'spring.devtools.add-properties' to 'false' to disable
2025-11-26 15:24:56 [restartedMain] INFO  o.s.b.d.e.DevToolsPropertyDefaultsPostProcessor - For additional web related logging consider setting the 'logging.level.web' property to 'DEBUG'
2025-11-26 15:24:58 [restartedMain] INFO  o.s.d.r.c.RepositoryConfigurationDelegate - Bootstrapping Spring Data JPA repositories in DEFAULT mode.
2025-11-26 15:24:58 [restartedMain] INFO  o.s.d.r.c.RepositoryConfigurationDelegate - Finished Spring Data repository scanning in 158 ms. Found 11 JPA repository interfaces.
2025-11-26 15:25:00 [restartedMain] INFO  o.s.b.w.e.tomcat.TomcatWebServer - Tomcat initialized with port 8080 (http)
2025-11-26 15:25:00 [restartedMain] INFO  o.a.catalina.core.StandardService - Starting service [Tomcat]
2025-11-26 15:25:00 [restartedMain] INFO  o.a.catalina.core.StandardEngine - Starting Servlet engine: [Apache Tomcat/10.1.16]
2025-11-26 15:25:00 [restartedMain] INFO  o.a.c.c.C.[Tomcat].[localhost].[/] - Initializing Spring embedded WebApplicationContext
2025-11-26 15:25:00 [restartedMain] INFO  o.s.b.w.s.c.ServletWebServerApplicationContext - Root WebApplicationContext: initialization completed in 4164 ms
2025-11-26 15:25:01 [restartedMain] INFO  o.h.jpa.internal.util.LogHelper - HHH000204: Processing PersistenceUnitInfo [name: default]
2025-11-26 15:25:01 [restartedMain] INFO  org.hibernate.Version - HHH000412: Hibernate ORM core version 6.3.1.Final
2025-11-26 15:25:01 [restartedMain] INFO  o.h.c.i.RegionFactoryInitiator - HHH000026: Second-level cache disabled
2025-11-26 15:25:01 [restartedMain] INFO  o.s.o.j.p.SpringPersistenceUnitInfo - No LoadTimeWeaver setup: ignoring JPA class transformer
2025-11-26 15:25:01 [restartedMain] INFO  com.zaxxer.hikari.HikariDataSource - InventarioHikariPool - Starting...
2025-11-26 15:25:01 [restartedMain] INFO  com.zaxxer.hikari.pool.HikariPool - InventarioHikariPool - Added connection com.mysql.cj.jdbc.ConnectionImpl@353196f2
2025-11-26 15:25:01 [restartedMain] INFO  com.zaxxer.hikari.HikariDataSource - InventarioHikariPool - Start completed.
2025-11-26 15:25:02 [restartedMain] WARN  org.hibernate.orm.deprecation - HHH90000025: MySQL8Dialect does not need to be specified explicitly using 'hibernate.dialect' (remove the property setting and it will be selected by default)
2025-11-26 15:25:02 [restartedMain] WARN  org.hibernate.orm.deprecation - HHH90000026: MySQL8Dialect has been deprecated; use org.hibernate.dialect.MySQLDialect instead
2025-11-26 15:25:03 [restartedMain] INFO  o.h.e.t.j.p.i.JtaPlatformInitiator - HHH000489: No JTA platform available (set 'hibernate.transaction.jta.platform' to enable JTA platform integration)
2025-11-26 15:25:04 [restartedMain] INFO  o.s.o.j.LocalContainerEntityManagerFactoryBean - Initialized JPA EntityManagerFactory for persistence unit 'default'
2025-11-26 15:25:04 [restartedMain] INFO  o.s.d.j.r.query.QueryEnhancerFactory - Hibernate is in classpath; If applicable, HQL parser will be used.
2025-11-26 15:25:05 [restartedMain] WARN  o.s.b.a.o.j.JpaBaseConfiguration$JpaWebConfiguration - spring.jpa.open-in-view is enabled by default. Therefore, database queries may be performed during view rendering. Explicitly configure spring.jpa.open-in-view to disable this warning
2025-11-26 15:25:06 [restartedMain] INFO  o.s.b.a.e.web.EndpointLinksResolver - Exposing 4 endpoint(s) beneath base path '/actuator'
2025-11-26 15:25:06 [restartedMain] INFO  o.s.s.web.DefaultSecurityFilterChain - Will secure any request with [org.springframework.security.web.session.DisableEncodeUrlFilter@7cefe73d, org.springframework.security.web.context.request.async.WebAsyncManagerIntegrationFilter@2b65f37e, org.springframework.security.web.context.SecurityContextHolderFilter@454ccbe8, org.springframework.security.web.header.HeaderWriterFilter@366127b6, org.springframework.web.filter.CorsFilter@1f37b6a5, org.springframework.security.web.authentication.logout.LogoutFilter@5ff60282, org.springframework.security.web.authentication.UsernamePasswordAuthenticationFilter@47f62f21, org.springframework.security.web.session.ConcurrentSessionFilter@7e0e36db, org.springframework.security.web.savedrequest.RequestCacheAwareFilter@276aa2a9, org.springframework.security.web.servletapi.SecurityContextHolderAwareRequestFilter@66ad10d5, org.springframework.security.web.authentication.AnonymousAuthenticationFilter@f94a436, org.springframework.security.web.session.SessionManagementFilter@7055ee31, org.springframework.security.web.access.ExceptionTranslationFilter@1c802f6d, org.springframework.security.web.access.intercept.AuthorizationFilter@774b2c31]
2025-11-26 15:25:08 [restartedMain] INFO  o.s.b.d.a.OptionalLiveReloadServer - LiveReload server is running on port 35729
2025-11-26 15:25:08 [restartedMain] INFO  o.s.b.w.e.tomcat.TomcatWebServer - Tomcat started on port 8080 (http) with context path ''
2025-11-26 15:25:08 [restartedMain] INFO  c.i.InventarioSpringBootApplication - Started InventarioSpringBootApplication in 14.986 seconds (process running for 15.898)
2025-11-26 15:27:35 [http-nio-8080-exec-1] INFO  o.a.c.c.C.[Tomcat].[localhost].[/] - Initializing Spring DispatcherServlet 'dispatcherServlet'
2025-11-26 15:27:35 [http-nio-8080-exec-1] INFO  o.s.web.servlet.DispatcherServlet - Initializing Servlet 'dispatcherServlet'
2025-11-26 15:27:35 [http-nio-8080-exec-1] INFO  o.s.web.servlet.DispatcherServlet - Completed initialization in 3 ms
2025-11-26 15:27:35 [http-nio-8080-exec-1] DEBUG o.s.security.web.FilterChainProxy - Securing POST /login
2025-11-26 15:27:35 [http-nio-8080-exec-1] WARN  o.s.w.s.h.HandlerMappingIntrospector - Cache miss for REQUEST dispatch to '/login' (previous null). Performing CorsConfiguration lookup. This is logged once only at WARN level, and every time at TRACE.
2025-11-26 15:27:35 [http-nio-8080-exec-1] DEBUG org.hibernate.SQL - 
    /* <criteria> */ select
        u1_0.id,
        u1_0.activo,
        u1_0.bloqueado_hasta,
        u1_0.created_at,
        u1_0.email,
        u1_0.intentos_fallidos,
        u1_0.nombre_completo,
        u1_0.password,
        u1_0.rol_id,
        u1_0.telefono,
        u1_0.ultimo_acceso,
        u1_0.updated_at,
        u1_0.username 
    from
        usuarios u1_0 
    where
        u1_0.username=?
2025-11-26 15:27:35 [http-nio-8080-exec-1] DEBUG org.hibernate.SQL - 
    select
        r1_0.id,
        r1_0.activo,
        r1_0.created_at,
        r1_0.descripcion,
        r1_0.nombre,
        r1_0.updated_at 
    from
        roles r1_0 
    where
        r1_0.id=?
2025-11-26 15:27:36 [http-nio-8080-exec-1] DEBUG o.s.s.a.d.DaoAuthenticationProvider - Failed to authenticate since password does not match stored value
2025-11-26 15:27:36 [http-nio-8080-exec-1] DEBUG o.s.s.web.DefaultRedirectStrategy - Redirecting to /login?error=true
2025-11-26 15:27:36 [http-nio-8080-exec-2] DEBUG o.s.security.web.FilterChainProxy - Securing GET /login?error=true
2025-11-26 15:27:36 [http-nio-8080-exec-2] DEBUG o.s.s.w.a.AnonymousAuthenticationFilter - Set SecurityContextHolder to anonymous SecurityContext
2025-11-26 15:27:36 [http-nio-8080-exec-2] DEBUG o.s.security.web.FilterChainProxy - Secured GET /login?error=true
2025-11-26 15:27:37 [http-nio-8080-exec-3] DEBUG o.s.security.web.FilterChainProxy - Securing GET /.well-known/appspecific/com.chrome.devtools.json
2025-11-26 15:27:37 [http-nio-8080-exec-3] DEBUG o.s.s.w.a.AnonymousAuthenticationFilter - Set SecurityContextHolder to anonymous SecurityContext
2025-11-26 15:27:37 [http-nio-8080-exec-3] WARN  o.s.w.s.h.HandlerMappingIntrospector - Cache miss for REQUEST dispatch to '/.well-known/appspecific/com.chrome.devtools.json' (previous null). Performing MatchableHandlerMapping lookup. This is logged once only at WARN level, and every time at TRACE.
2025-11-26 15:27:37 [http-nio-8080-exec-3] DEBUG o.s.s.w.s.HttpSessionRequestCache - Saved request http://localhost:8080/.well-known/appspecific/com.chrome.devtools.json?continue to session
2025-11-26 15:27:37 [http-nio-8080-exec-4] DEBUG o.s.security.web.FilterChainProxy - Securing GET /favicon.ico
2025-11-26 15:27:37 [http-nio-8080-exec-3] DEBUG o.s.s.web.DefaultRedirectStrategy - Redirecting to http://localhost:8080/login
2025-11-26 15:27:37 [http-nio-8080-exec-4] DEBUG o.s.s.w.a.AnonymousAuthenticationFilter - Set SecurityContextHolder to anonymous SecurityContext
2025-11-26 15:27:37 [http-nio-8080-exec-3] DEBUG o.s.security.web.FilterChainProxy - Securing GET /login
2025-11-26 15:27:37 [http-nio-8080-exec-3] DEBUG o.s.s.w.a.AnonymousAuthenticationFilter - Set SecurityContextHolder to anonymous SecurityContext
2025-11-26 15:27:37 [http-nio-8080-exec-3] DEBUG o.s.security.web.FilterChainProxy - Secured GET /login
2025-11-26 15:27:37 [http-nio-8080-exec-4] DEBUG o.s.s.web.DefaultRedirectStrategy - Redirecting to http://localhost:8080/login
2025-11-26 15:27:37 [http-nio-8080-exec-5] DEBUG o.s.security.web.FilterChainProxy - Securing GET /login
2025-11-26 15:27:37 [http-nio-8080-exec-5] DEBUG o.s.s.w.a.AnonymousAuthenticationFilter - Set SecurityContextHolder to anonymous SecurityContext
2025-11-26 15:27:37 [http-nio-8080-exec-5] DEBUG o.s.security.web.FilterChainProxy - Secured GET /login
2025-11-26 15:33:12 [http-nio-8080-exec-8] DEBUG o.s.security.web.FilterChainProxy - Securing GET /login?error=true
2025-11-26 15:33:12 [http-nio-8080-exec-8] DEBUG o.s.s.w.a.AnonymousAuthenticationFilter - Set SecurityContextHolder to anonymous SecurityContext
2025-11-26 15:33:12 [http-nio-8080-exec-8] DEBUG o.s.security.web.FilterChainProxy - Secured GET /login?error=true
2025-11-26 15:33:12 [http-nio-8080-exec-9] DEBUG o.s.security.web.FilterChainProxy - Securing GET /.well-known/appspecific/com.chrome.devtools.json
2025-11-26 15:33:12 [http-nio-8080-exec-9] DEBUG o.s.s.w.a.AnonymousAuthenticationFilter - Set SecurityContextHolder to anonymous SecurityContext
2025-11-26 15:33:12 [http-nio-8080-exec-9] DEBUG o.s.s.w.s.HttpSessionRequestCache - Saved request http://localhost:8080/.well-known/appspecific/com.chrome.devtools.json?continue to session
2025-11-26 15:33:12 [http-nio-8080-exec-9] DEBUG o.s.s.web.DefaultRedirectStrategy - Redirecting to http://localhost:8080/login
2025-11-26 15:33:12 [http-nio-8080-exec-10] DEBUG o.s.security.web.FilterChainProxy - Securing GET /login
2025-11-26 15:33:12 [http-nio-8080-exec-1] DEBUG o.s.security.web.FilterChainProxy - Securing GET /favicon.ico
2025-11-26 15:33:12 [http-nio-8080-exec-10] DEBUG o.s.s.w.a.AnonymousAuthenticationFilter - Set SecurityContextHolder to anonymous SecurityContext
2025-11-26 15:33:12 [http-nio-8080-exec-10] DEBUG o.s.security.web.FilterChainProxy - Secured GET /login
2025-11-26 15:33:12 [http-nio-8080-exec-1] DEBUG o.s.s.w.a.AnonymousAuthenticationFilter - Set SecurityContextHolder to anonymous SecurityContext
2025-11-26 15:33:12 [http-nio-8080-exec-1] DEBUG o.s.s.web.DefaultRedirectStrategy - Redirecting to http://localhost:8080/login
2025-11-26 15:33:12 [http-nio-8080-exec-2] DEBUG o.s.security.web.FilterChainProxy - Securing GET /login
2025-11-26 15:33:12 [http-nio-8080-exec-2] DEBUG o.s.s.w.a.AnonymousAuthenticationFilter - Set SecurityContextHolder to anonymous SecurityContext
2025-11-26 15:33:12 [http-nio-8080-exec-2] DEBUG o.s.security.web.FilterChainProxy - Secured GET /login
2025-11-26 15:33:21 [http-nio-8080-exec-4] DEBUG o.s.security.web.FilterChainProxy - Securing POST /login
2025-11-26 15:33:21 [http-nio-8080-exec-4] DEBUG org.hibernate.SQL - 
    /* <criteria> */ select
        u1_0.id,
        u1_0.activo,
        u1_0.bloqueado_hasta,
        u1_0.created_at,
        u1_0.email,
        u1_0.intentos_fallidos,
        u1_0.nombre_completo,
        u1_0.password,
        u1_0.rol_id,
        u1_0.telefono,
        u1_0.ultimo_acceso,
        u1_0.updated_at,
        u1_0.username 
    from
        usuarios u1_0 
    where
        u1_0.username=?
2025-11-26 15:33:21 [http-nio-8080-exec-4] DEBUG org.hibernate.SQL - 
    select
        r1_0.id,
        r1_0.activo,
        r1_0.created_at,
        r1_0.descripcion,
        r1_0.nombre,
        r1_0.updated_at 
    from
        roles r1_0 
    where
        r1_0.id=?
2025-11-26 15:33:22 [http-nio-8080-exec-4] DEBUG o.s.s.a.d.DaoAuthenticationProvider - Failed to authenticate since password does not match stored value
2025-11-26 15:33:22 [http-nio-8080-exec-4] DEBUG o.s.s.web.DefaultRedirectStrategy - Redirecting to /login?error=true
2025-11-26 15:33:22 [http-nio-8080-exec-3] DEBUG o.s.security.web.FilterChainProxy - Securing GET /login?error=true
2025-11-26 15:33:22 [http-nio-8080-exec-3] DEBUG o.s.s.w.a.AnonymousAuthenticationFilter - Set SecurityContextHolder to anonymous SecurityContext
2025-11-26 15:33:22 [http-nio-8080-exec-3] DEBUG o.s.security.web.FilterChainProxy - Secured GET /login?error=true
2025-11-26 15:33:22 [http-nio-8080-exec-5] DEBUG o.s.security.web.FilterChainProxy - Securing GET /.well-known/appspecific/com.chrome.devtools.json
2025-11-26 15:33:22 [http-nio-8080-exec-5] DEBUG o.s.s.w.a.AnonymousAuthenticationFilter - Set SecurityContextHolder to anonymous SecurityContext
2025-11-26 15:33:22 [http-nio-8080-exec-7] DEBUG o.s.security.web.FilterChainProxy - Securing GET /favicon.ico
2025-11-26 15:33:22 [http-nio-8080-exec-5] DEBUG o.s.s.w.s.HttpSessionRequestCache - Saved request http://localhost:8080/.well-known/appspecific/com.chrome.devtools.json?continue to session
2025-11-26 15:33:22 [http-nio-8080-exec-5] DEBUG o.s.s.web.DefaultRedirectStrategy - Redirecting to http://localhost:8080/login
2025-11-26 15:33:22 [http-nio-8080-exec-7] DEBUG o.s.s.w.a.AnonymousAuthenticationFilter - Set SecurityContextHolder to anonymous SecurityContext
2025-11-26 15:33:22 [http-nio-8080-exec-6] DEBUG o.s.security.web.FilterChainProxy - Securing GET /login
2025-11-26 15:33:22 [http-nio-8080-exec-6] DEBUG o.s.s.w.a.AnonymousAuthenticationFilter - Set SecurityContextHolder to anonymous SecurityContext
2025-11-26 15:33:22 [http-nio-8080-exec-6] DEBUG o.s.security.web.FilterChainProxy - Secured GET /login
2025-11-26 15:33:22 [http-nio-8080-exec-7] DEBUG o.s.s.web.DefaultRedirectStrategy - Redirecting to http://localhost:8080/login
2025-11-26 15:33:22 [http-nio-8080-exec-8] DEBUG o.s.security.web.FilterChainProxy - Securing GET /login
2025-11-26 15:33:22 [http-nio-8080-exec-8] DEBUG o.s.s.w.a.AnonymousAuthenticationFilter - Set SecurityContextHolder to anonymous SecurityContext
2025-11-26 15:33:22 [http-nio-8080-exec-8] DEBUG o.s.security.web.FilterChainProxy - Secured GET /login
2025-11-26 15:37:37 [SpringApplicationShutdownHook] INFO  o.s.o.j.LocalContainerEntityManagerFactoryBean - Closing JPA EntityManagerFactory for persistence unit 'default'
2025-11-26 15:37:37 [SpringApplicationShutdownHook] INFO  com.zaxxer.hikari.HikariDataSource - InventarioHikariPool - Shutdown initiated...
2025-11-26 15:37:37 [SpringApplicationShutdownHook] INFO  com.zaxxer.hikari.HikariDataSource - InventarioHikariPool - Shutdown completed.
2025-11-26 15:38:12 [restartedMain] INFO  c.i.InventarioSpringBootApplication - Starting InventarioSpringBootApplication using Java 17.0.16 with PID 10068 (C:\Users\Liseth\Downloads\InventarioSpringBoot\InventarioSpringBoot\target\classes started by Liseth in C:\Users\Liseth\Downloads\InventarioSpringBoot\InventarioSpringBoot)
2025-11-26 15:38:12 [restartedMain] DEBUG c.i.InventarioSpringBootApplication - Running with Spring Boot v3.2.0, Spring v6.1.1
2025-11-26 15:38:12 [restartedMain] INFO  c.i.InventarioSpringBootApplication - No active profile set, falling back to 1 default profile: "default"
2025-11-26 15:38:12 [restartedMain] INFO  o.s.b.d.e.DevToolsPropertyDefaultsPostProcessor - Devtools property defaults active! Set 'spring.devtools.add-properties' to 'false' to disable
2025-11-26 15:38:12 [restartedMain] INFO  o.s.b.d.e.DevToolsPropertyDefaultsPostProcessor - For additional web related logging consider setting the 'logging.level.web' property to 'DEBUG'
2025-11-26 15:38:14 [restartedMain] INFO  o.s.d.r.c.RepositoryConfigurationDelegate - Bootstrapping Spring Data JPA repositories in DEFAULT mode.
2025-11-26 15:38:14 [restartedMain] INFO  o.s.d.r.c.RepositoryConfigurationDelegate - Finished Spring Data repository scanning in 93 ms. Found 11 JPA repository interfaces.
2025-11-26 15:38:15 [restartedMain] INFO  o.s.b.w.e.tomcat.TomcatWebServer - Tomcat initialized with port 8080 (http)
2025-11-26 15:38:15 [restartedMain] INFO  o.a.catalina.core.StandardService - Starting service [Tomcat]
2025-11-26 15:38:15 [restartedMain] INFO  o.a.catalina.core.StandardEngine - Starting Servlet engine: [Apache Tomcat/10.1.16]
2025-11-26 15:38:15 [restartedMain] INFO  o.a.c.c.C.[Tomcat].[localhost].[/] - Initializing Spring embedded WebApplicationContext
2025-11-26 15:38:15 [restartedMain] INFO  o.s.b.w.s.c.ServletWebServerApplicationContext - Root WebApplicationContext: initialization completed in 3203 ms
2025-11-26 15:38:16 [restartedMain] INFO  o.h.jpa.internal.util.LogHelper - HHH000204: Processing PersistenceUnitInfo [name: default]
2025-11-26 15:38:16 [restartedMain] INFO  org.hibernate.Version - HHH000412: Hibernate ORM core version 6.3.1.Final
2025-11-26 15:38:16 [restartedMain] INFO  o.h.c.i.RegionFactoryInitiator - HHH000026: Second-level cache disabled
2025-11-26 15:38:16 [restartedMain] INFO  o.s.o.j.p.SpringPersistenceUnitInfo - No LoadTimeWeaver setup: ignoring JPA class transformer
2025-11-26 15:38:16 [restartedMain] INFO  com.zaxxer.hikari.HikariDataSource - InventarioHikariPool - Starting...
2025-11-26 15:38:17 [restartedMain] INFO  com.zaxxer.hikari.pool.HikariPool - InventarioHikariPool - Added connection com.mysql.cj.jdbc.ConnectionImpl@60254c75
2025-11-26 15:38:17 [restartedMain] INFO  com.zaxxer.hikari.HikariDataSource - InventarioHikariPool - Start completed.
2025-11-26 15:38:17 [restartedMain] WARN  org.hibernate.orm.deprecation - HHH90000025: MySQL8Dialect does not need to be specified explicitly using 'hibernate.dialect' (remove the property setting and it will be selected by default)
2025-11-26 15:38:17 [restartedMain] WARN  org.hibernate.orm.deprecation - HHH90000026: MySQL8Dialect has been deprecated; use org.hibernate.dialect.MySQLDialect instead
2025-11-26 15:38:18 [restartedMain] INFO  o.h.e.t.j.p.i.JtaPlatformInitiator - HHH000489: No JTA platform available (set 'hibernate.transaction.jta.platform' to enable JTA platform integration)
2025-11-26 15:38:18 [restartedMain] INFO  o.s.o.j.LocalContainerEntityManagerFactoryBean - Initialized JPA EntityManagerFactory for persistence unit 'default'
2025-11-26 15:38:19 [restartedMain] INFO  o.s.d.j.r.query.QueryEnhancerFactory - Hibernate is in classpath; If applicable, HQL parser will be used.
2025-11-26 15:38:20 [restartedMain] WARN  o.s.b.a.o.j.JpaBaseConfiguration$JpaWebConfiguration - spring.jpa.open-in-view is enabled by default. Therefore, database queries may be performed during view rendering. Explicitly configure spring.jpa.open-in-view to disable this warning
2025-11-26 15:38:20 [restartedMain] INFO  o.s.b.a.e.web.EndpointLinksResolver - Exposing 4 endpoint(s) beneath base path '/actuator'
2025-11-26 15:38:20 [restartedMain] INFO  o.s.s.web.DefaultSecurityFilterChain - Will secure any request with [org.springframework.security.web.session.DisableEncodeUrlFilter@68ba3e1a, org.springframework.security.web.context.request.async.WebAsyncManagerIntegrationFilter@1e8a4d2, org.springframework.security.web.context.SecurityContextHolderFilter@53fee085, org.springframework.security.web.header.HeaderWriterFilter@1bb7a297, org.springframework.web.filter.CorsFilter@1b698698, org.springframework.security.web.authentication.logout.LogoutFilter@384d13dd, org.springframework.security.web.authentication.UsernamePasswordAuthenticationFilter@774b2c31, org.springframework.security.web.session.ConcurrentSessionFilter@36ff1625, org.springframework.security.web.savedrequest.RequestCacheAwareFilter@630ea633, org.springframework.security.web.servletapi.SecurityContextHolderAwareRequestFilter@276aa2a9, org.springframework.security.web.authentication.AnonymousAuthenticationFilter@116be01, org.springframework.security.web.session.SessionManagementFilter@210ec716, org.springframework.security.web.access.ExceptionTranslationFilter@4c78883d, org.springframework.security.web.access.intercept.AuthorizationFilter@5a4eef10]
2025-11-26 15:38:21 [restartedMain] INFO  o.s.b.d.a.OptionalLiveReloadServer - LiveReload server is running on port 35729
2025-11-26 15:38:21 [restartedMain] INFO  o.s.b.w.e.tomcat.TomcatWebServer - Tomcat started on port 8080 (http) with context path ''
2025-11-26 15:38:21 [restartedMain] INFO  c.i.InventarioSpringBootApplication - Started InventarioSpringBootApplication in 10.688 seconds (process running for 11.533)
2025-11-26 15:38:40 [http-nio-8080-exec-2] INFO  o.a.c.c.C.[Tomcat].[localhost].[/] - Initializing Spring DispatcherServlet 'dispatcherServlet'
2025-11-26 15:38:40 [http-nio-8080-exec-2] INFO  o.s.web.servlet.DispatcherServlet - Initializing Servlet 'dispatcherServlet'
2025-11-26 15:38:40 [http-nio-8080-exec-2] INFO  o.s.web.servlet.DispatcherServlet - Completed initialization in 1 ms
2025-11-26 15:38:40 [http-nio-8080-exec-2] DEBUG o.s.security.web.FilterChainProxy - Securing GET /login?error=true
2025-11-26 15:38:40 [http-nio-8080-exec-2] WARN  o.s.w.s.h.HandlerMappingIntrospector - Cache miss for REQUEST dispatch to '/login' (previous null). Performing CorsConfiguration lookup. This is logged once only at WARN level, and every time at TRACE.
2025-11-26 15:38:40 [http-nio-8080-exec-2] DEBUG o.s.s.w.a.AnonymousAuthenticationFilter - Set SecurityContextHolder to anonymous SecurityContext
2025-11-26 15:38:40 [http-nio-8080-exec-2] DEBUG o.s.security.web.FilterChainProxy - Secured GET /login?error=true
2025-11-26 15:38:40 [http-nio-8080-exec-1] DEBUG o.s.security.web.FilterChainProxy - Securing GET /.well-known/appspecific/com.chrome.devtools.json
2025-11-26 15:38:41 [http-nio-8080-exec-1] DEBUG o.s.s.w.a.AnonymousAuthenticationFilter - Set SecurityContextHolder to anonymous SecurityContext
2025-11-26 15:38:41 [http-nio-8080-exec-1] WARN  o.s.w.s.h.HandlerMappingIntrospector - Cache miss for REQUEST dispatch to '/.well-known/appspecific/com.chrome.devtools.json' (previous null). Performing MatchableHandlerMapping lookup. This is logged once only at WARN level, and every time at TRACE.
2025-11-26 15:38:41 [http-nio-8080-exec-1] DEBUG o.s.s.w.s.HttpSessionRequestCache - Saved request http://localhost:8080/.well-known/appspecific/com.chrome.devtools.json?continue to session
2025-11-26 15:38:41 [http-nio-8080-exec-1] DEBUG o.s.s.web.DefaultRedirectStrategy - Redirecting to http://localhost:8080/login
2025-11-26 15:38:41 [http-nio-8080-exec-3] DEBUG o.s.security.web.FilterChainProxy - Securing GET /login
2025-11-26 15:38:41 [http-nio-8080-exec-3] DEBUG o.s.s.w.a.AnonymousAuthenticationFilter - Set SecurityContextHolder to anonymous SecurityContext
2025-11-26 15:38:41 [http-nio-8080-exec-3] DEBUG o.s.security.web.FilterChainProxy - Secured GET /login
2025-11-26 15:38:41 [http-nio-8080-exec-4] DEBUG o.s.security.web.FilterChainProxy - Securing GET /favicon.ico
2025-11-26 15:38:41 [http-nio-8080-exec-4] DEBUG o.s.s.w.a.AnonymousAuthenticationFilter - Set SecurityContextHolder to anonymous SecurityContext
2025-11-26 15:38:41 [http-nio-8080-exec-4] DEBUG o.s.s.web.DefaultRedirectStrategy - Redirecting to http://localhost:8080/login
2025-11-26 15:38:41 [http-nio-8080-exec-5] DEBUG o.s.security.web.FilterChainProxy - Securing GET /login
2025-11-26 15:38:41 [http-nio-8080-exec-5] DEBUG o.s.s.w.a.AnonymousAuthenticationFilter - Set SecurityContextHolder to anonymous SecurityContext
2025-11-26 15:38:41 [http-nio-8080-exec-5] DEBUG o.s.security.web.FilterChainProxy - Secured GET /login
2025-11-26 15:39:05 [http-nio-8080-exec-6] DEBUG o.s.security.web.FilterChainProxy - Securing GET /
2025-11-26 15:39:05 [http-nio-8080-exec-6] DEBUG o.s.s.w.a.AnonymousAuthenticationFilter - Set SecurityContextHolder to anonymous SecurityContext
2025-11-26 15:39:05 [http-nio-8080-exec-6] DEBUG o.s.s.w.s.HttpSessionRequestCache - Saved request http://localhost:8080/?continue to session
2025-11-26 15:39:05 [http-nio-8080-exec-6] DEBUG o.s.s.web.DefaultRedirectStrategy - Redirecting to http://localhost:8080/login
2025-11-26 15:39:05 [http-nio-8080-exec-7] DEBUG o.s.security.web.FilterChainProxy - Securing GET /login
2025-11-26 15:39:05 [http-nio-8080-exec-7] DEBUG o.s.s.w.a.AnonymousAuthenticationFilter - Set SecurityContextHolder to anonymous SecurityContext
2025-11-26 15:39:05 [http-nio-8080-exec-7] DEBUG o.s.security.web.FilterChainProxy - Secured GET /login
2025-11-26 15:39:05 [http-nio-8080-exec-8] DEBUG o.s.security.web.FilterChainProxy - Securing GET /.well-known/appspecific/com.chrome.devtools.json
2025-11-26 15:39:05 [http-nio-8080-exec-8] DEBUG o.s.s.w.a.AnonymousAuthenticationFilter - Set SecurityContextHolder to anonymous SecurityContext
2025-11-26 15:39:06 [http-nio-8080-exec-8] DEBUG o.s.s.w.s.HttpSessionRequestCache - Saved request http://localhost:8080/.well-known/appspecific/com.chrome.devtools.json?continue to session
2025-11-26 15:39:06 [http-nio-8080-exec-9] DEBUG o.s.security.web.FilterChainProxy - Securing GET /favicon.ico
2025-11-26 15:39:06 [http-nio-8080-exec-8] DEBUG o.s.s.web.DefaultRedirectStrategy - Redirecting to http://localhost:8080/login
2025-11-26 15:39:06 [http-nio-8080-exec-9] DEBUG o.s.s.w.a.AnonymousAuthenticationFilter - Set SecurityContextHolder to anonymous SecurityContext
2025-11-26 15:39:06 [http-nio-8080-exec-8] DEBUG o.s.security.web.FilterChainProxy - Securing GET /login
2025-11-26 15:39:06 [http-nio-8080-exec-8] DEBUG o.s.s.w.a.AnonymousAuthenticationFilter - Set SecurityContextHolder to anonymous SecurityContext
2025-11-26 15:39:06 [http-nio-8080-exec-8] DEBUG o.s.security.web.FilterChainProxy - Secured GET /login
2025-11-26 15:39:06 [http-nio-8080-exec-9] DEBUG o.s.s.web.DefaultRedirectStrategy - Redirecting to http://localhost:8080/login
2025-11-26 15:39:06 [http-nio-8080-exec-10] DEBUG o.s.security.web.FilterChainProxy - Securing GET /login
2025-11-26 15:39:06 [http-nio-8080-exec-10] DEBUG o.s.s.w.a.AnonymousAuthenticationFilter - Set SecurityContextHolder to anonymous SecurityContext
2025-11-26 15:39:06 [http-nio-8080-exec-10] DEBUG o.s.security.web.FilterChainProxy - Secured GET /login
2025-11-26 15:39:12 [http-nio-8080-exec-2] DEBUG o.s.security.web.FilterChainProxy - Securing POST /login
2025-11-26 15:39:12 [http-nio-8080-exec-2] DEBUG org.hibernate.SQL - 
    /* <criteria> */ select
        u1_0.id,
        u1_0.activo,
        u1_0.bloqueado_hasta,
        u1_0.created_at,
        u1_0.email,
        u1_0.intentos_fallidos,
        u1_0.nombre_completo,
        u1_0.password,
        u1_0.rol_id,
        u1_0.telefono,
        u1_0.ultimo_acceso,
        u1_0.updated_at,
        u1_0.username 
    from
        usuarios u1_0 
    where
        u1_0.username=?
2025-11-26 15:39:12 [http-nio-8080-exec-2] DEBUG org.hibernate.SQL - 
    select
        r1_0.id,
        r1_0.activo,
        r1_0.created_at,
        r1_0.descripcion,
        r1_0.nombre,
        r1_0.updated_at 
    from
        roles r1_0 
    where
        r1_0.id=?
2025-11-26 15:39:12 [http-nio-8080-exec-2] DEBUG o.s.s.a.d.DaoAuthenticationProvider - Authenticated user
2025-11-26 15:39:13 [http-nio-8080-exec-2] WARN  o.a.c.util.SessionIdGeneratorBase - Creation of SecureRandom instance for session ID generation using [SHA1PRNG] took [110] milliseconds.
2025-11-26 15:39:13 [http-nio-8080-exec-2] DEBUG o.s.s.w.a.s.ChangeSessionIdAuthenticationStrategy - Changed session id from 9A8B8C07162CDE1EDFB8B91B50B0456D
2025-11-26 15:39:13 [http-nio-8080-exec-2] DEBUG o.s.s.c.session.SessionRegistryImpl - Registering session B01DD40CB171A4EE7F90F07171BEFABB, for principal org.springframework.security.core.userdetails.User [Username=admin, Password=[PROTECTED], Enabled=true, AccountNonExpired=true, CredentialsNonExpired=true, AccountNonLocked=true, Granted Authorities=[ROLE_ADMIN]]
2025-11-26 15:39:13 [http-nio-8080-exec-2] DEBUG o.s.s.w.c.HttpSessionSecurityContextRepository - Stored SecurityContextImpl [Authentication=UsernamePasswordAuthenticationToken [Principal=org.springframework.security.core.userdetails.User [Username=admin, Password=[PROTECTED], Enabled=true, AccountNonExpired=true, CredentialsNonExpired=true, AccountNonLocked=true, Granted Authorities=[ROLE_ADMIN]], Credentials=[PROTECTED], Authenticated=true, Details=WebAuthenticationDetails [RemoteIpAddress=0:0:0:0:0:0:0:1, SessionId=9A8B8C07162CDE1EDFB8B91B50B0456D], Granted Authorities=[ROLE_ADMIN]]] to HttpSession [org.apache.catalina.session.StandardSessionFacade@1952a6e4]
2025-11-26 15:39:13 [http-nio-8080-exec-2] DEBUG o.s.s.w.a.UsernamePasswordAuthenticationFilter - Set SecurityContextHolder to UsernamePasswordAuthenticationToken [Principal=org.springframework.security.core.userdetails.User [Username=admin, Password=[PROTECTED], Enabled=true, AccountNonExpired=true, CredentialsNonExpired=true, AccountNonLocked=true, Granted Authorities=[ROLE_ADMIN]], Credentials=[PROTECTED], Authenticated=true, Details=WebAuthenticationDetails [RemoteIpAddress=0:0:0:0:0:0:0:1, SessionId=9A8B8C07162CDE1EDFB8B91B50B0456D], Granted Authorities=[ROLE_ADMIN]]
2025-11-26 15:39:13 [http-nio-8080-exec-2] DEBUG o.s.s.web.DefaultRedirectStrategy - Redirecting to /dashboard
2025-11-26 15:39:13 [http-nio-8080-exec-1] DEBUG o.s.security.web.FilterChainProxy - Securing GET /dashboard
2025-11-26 15:39:13 [http-nio-8080-exec-1] DEBUG o.s.s.w.c.HttpSessionSecurityContextRepository - Retrieved SecurityContextImpl [Authentication=UsernamePasswordAuthenticationToken [Principal=org.springframework.security.core.userdetails.User [Username=admin, Password=[PROTECTED], Enabled=true, AccountNonExpired=true, CredentialsNonExpired=true, AccountNonLocked=true, Granted Authorities=[ROLE_ADMIN]], Credentials=[PROTECTED], Authenticated=true, Details=WebAuthenticationDetails [RemoteIpAddress=0:0:0:0:0:0:0:1, SessionId=9A8B8C07162CDE1EDFB8B91B50B0456D], Granted Authorities=[ROLE_ADMIN]]]
2025-11-26 15:39:13 [http-nio-8080-exec-1] DEBUG o.s.security.web.FilterChainProxy - Secured GET /dashboard
2025-11-26 15:39:13 [http-nio-8080-exec-1] DEBUG org.hibernate.SQL - 
    /* <criteria> */ select
        p1_0.id,
        p1_0.activo,
        p1_0.categoria_id,
        p1_0.codigo,
        p1_0.codigoBarras,
        p1_0.color,
        p1_0.costo_almacenamiento,
        p1_0.created_at,
        p1_0.descripcion,
        p1_0.es_perecedero,
        p1_0.fecha_vencimiento,
        p1_0.imagen_url,
        p1_0.lote,
        p1_0.marca,
        p1_0.modelo,
        p1_0.nombre,
        p1_0.numero_serie,
        p1_0.observaciones,
        p1_0.peso,
        p1_0.porcentaje_impuesto,
        p1_0.precio_compra,
        p1_0.precio_mayoreo,
        p1_0.precio_venta,
        p1_0.proveedor_id,
        p1_0.punto_reorden,
        p1_0.requiere_lote,
        p1_0.requiere_serie,
        p1_0.sku,
        p1_0.stock_actual,
        p1_0.stock_maximo,
        p1_0.stock_minimo,
        p1_0.talla,
        p1_0.tiene_impuestos,
        p1_0.unidadMedida,
        p1_0.updated_at,
        p1_0.volumen 
    from
        productos p1_0
2025-11-26 15:39:13 [http-nio-8080-exec-1] DEBUG org.hibernate.SQL - 
    /* <criteria> */ select
        p1_0.id,
        p1_0.activo,
        p1_0.categoria_id,
        p1_0.codigo,
        p1_0.codigoBarras,
        p1_0.color,
        p1_0.costo_almacenamiento,
        p1_0.created_at,
        p1_0.descripcion,
        p1_0.es_perecedero,
        p1_0.fecha_vencimiento,
        p1_0.imagen_url,
        p1_0.lote,
        p1_0.marca,
        p1_0.modelo,
        p1_0.nombre,
        p1_0.numero_serie,
        p1_0.observaciones,
        p1_0.peso,
        p1_0.porcentaje_impuesto,
        p1_0.precio_compra,
        p1_0.precio_mayoreo,
        p1_0.precio_venta,
        p1_0.proveedor_id,
        p1_0.punto_reorden,
        p1_0.requiere_lote,
        p1_0.requiere_serie,
        p1_0.sku,
        p1_0.stock_actual,
        p1_0.stock_maximo,
        p1_0.stock_minimo,
        p1_0.talla,
        p1_0.tiene_impuestos,
        p1_0.unidadMedida,
        p1_0.updated_at,
        p1_0.volumen 
    from
        productos p1_0
2025-11-26 15:39:13 [http-nio-8080-exec-1] DEBUG org.hibernate.SQL - 
    /* <criteria> */ select
        p1_0.id,
        p1_0.activo,
        p1_0.categoria_id,
        p1_0.codigo,
        p1_0.codigoBarras,
        p1_0.color,
        p1_0.costo_almacenamiento,
        p1_0.created_at,
        p1_0.descripcion,
        p1_0.es_perecedero,
        p1_0.fecha_vencimiento,
        p1_0.imagen_url,
        p1_0.lote,
        p1_0.marca,
        p1_0.modelo,
        p1_0.nombre,
        p1_0.numero_serie,
        p1_0.observaciones,
        p1_0.peso,
        p1_0.porcentaje_impuesto,
        p1_0.precio_compra,
        p1_0.precio_mayoreo,
        p1_0.precio_venta,
        p1_0.proveedor_id,
        p1_0.punto_reorden,
        p1_0.requiere_lote,
        p1_0.requiere_serie,
        p1_0.sku,
        p1_0.stock_actual,
        p1_0.stock_maximo,
        p1_0.stock_minimo,
        p1_0.talla,
        p1_0.tiene_impuestos,
        p1_0.unidadMedida,
        p1_0.updated_at,
        p1_0.volumen 
    from
        productos p1_0
2025-11-26 15:39:13 [http-nio-8080-exec-1] DEBUG org.hibernate.SQL - 
    /* SELECT
        COUNT(m) 
    FROM
        Movimiento m 
    WHERE
        DATE(m.fechaMovimiento) = CURRENT_DATE */ select
            count(m1_0.id) 
        from
            movimientos m1_0 
        where
            date(m1_0.fecha_movimiento)=current_date
2025-11-26 15:39:13 [http-nio-8080-exec-1] DEBUG org.hibernate.SQL - 
    /* <criteria> */ select
        p1_0.id,
        p1_0.activo,
        p1_0.categoria_id,
        p1_0.codigo,
        p1_0.codigoBarras,
        p1_0.color,
        p1_0.costo_almacenamiento,
        p1_0.created_at,
        p1_0.descripcion,
        p1_0.es_perecedero,
        p1_0.fecha_vencimiento,
        p1_0.imagen_url,
        p1_0.lote,
        p1_0.marca,
        p1_0.modelo,
        p1_0.nombre,
        p1_0.numero_serie,
        p1_0.observaciones,
        p1_0.peso,
        p1_0.porcentaje_impuesto,
        p1_0.precio_compra,
        p1_0.precio_mayoreo,
        p1_0.precio_venta,
        p1_0.proveedor_id,
        p1_0.punto_reorden,
        p1_0.requiere_lote,
        p1_0.requiere_serie,
        p1_0.sku,
        p1_0.stock_actual,
        p1_0.stock_maximo,
        p1_0.stock_minimo,
        p1_0.talla,
        p1_0.tiene_impuestos,
        p1_0.unidadMedida,
        p1_0.updated_at,
        p1_0.volumen 
    from
        productos p1_0
2025-11-26 15:39:13 [http-nio-8080-exec-1] DEBUG org.hibernate.SQL - 
    /* <criteria> */ select
        p1_0.id,
        p1_0.activo,
        p1_0.categoria_id,
        p1_0.codigo,
        p1_0.codigoBarras,
        p1_0.color,
        p1_0.costo_almacenamiento,
        p1_0.created_at,
        p1_0.descripcion,
        p1_0.es_perecedero,
        p1_0.fecha_vencimiento,
        p1_0.imagen_url,
        p1_0.lote,
        p1_0.marca,
        p1_0.modelo,
        p1_0.nombre,
        p1_0.numero_serie,
        p1_0.observaciones,
        p1_0.peso,
        p1_0.porcentaje_impuesto,
        p1_0.precio_compra,
        p1_0.precio_mayoreo,
        p1_0.precio_venta,
        p1_0.proveedor_id,
        p1_0.punto_reorden,
        p1_0.requiere_lote,
        p1_0.requiere_serie,
        p1_0.sku,
        p1_0.stock_actual,
        p1_0.stock_maximo,
        p1_0.stock_minimo,
        p1_0.talla,
        p1_0.tiene_impuestos,
        p1_0.unidadMedida,
        p1_0.updated_at,
        p1_0.volumen 
    from
        productos p1_0
2025-11-26 15:39:13 [http-nio-8080-exec-1] DEBUG org.hibernate.SQL - 
    /* SELECT
        a 
    FROM
        Alerta a 
    WHERE
        a.activa = true 
        AND a.leida = false 
    ORDER BY
        a.prioridad DESC,
        a.createdAt DESC */ select
            a1_0.id,
            a1_0.activa,
            a1_0.almacen_id,
            a1_0.created_at,
            a1_0.fecha_lectura,
            a1_0.leida,
            a1_0.mensaje,
            a1_0.prioridad,
            a1_0.producto_id,
            a1_0.tipo 
        from
            alertas a1_0 
        where
            a1_0.activa=1 
            and a1_0.leida=0 
        order by
            a1_0.prioridad desc,
            a1_0.created_at desc
2025-11-26 15:39:13 [http-nio-8080-exec-1] DEBUG org.hibernate.SQL - 
    /* SELECT
        m 
    FROM
        Movimiento m 
    ORDER BY
        m.fechaMovimiento DESC */ select
            m1_0.id,
            m1_0.almacen_id,
            m1_0.aprobado_por,
            m1_0.cliente_id,
            m1_0.codigo,
            m1_0.created_at,
            m1_0.estado,
            m1_0.fecha_aprobacion,
            m1_0.fecha_movimiento,
            m1_0.numero_documento,
            m1_0.observaciones,
            m1_0.proveedor_id,
            m1_0.subtipo,
            m1_0.tipo,
            m1_0.total_items,
            m1_0.updated_at,
            m1_0.usuario_id,
            m1_0.valor_total 
        from
            movimientos m1_0 
        order by
            m1_0.fecha_movimiento desc
2025-11-26 15:39:13 [http-nio-8080-exec-1] DEBUG org.hibernate.SQL - 
    /* <criteria> */ select
        p1_0.id,
        p1_0.activo,
        p1_0.categoria_id,
        p1_0.codigo,
        p1_0.codigoBarras,
        p1_0.color,
        p1_0.costo_almacenamiento,
        p1_0.created_at,
        p1_0.descripcion,
        p1_0.es_perecedero,
        p1_0.fecha_vencimiento,
        p1_0.imagen_url,
        p1_0.lote,
        p1_0.marca,
        p1_0.modelo,
        p1_0.nombre,
        p1_0.numero_serie,
        p1_0.observaciones,
        p1_0.peso,
        p1_0.porcentaje_impuesto,
        p1_0.precio_compra,
        p1_0.precio_mayoreo,
        p1_0.precio_venta,
        p1_0.proveedor_id,
        p1_0.punto_reorden,
        p1_0.requiere_lote,
        p1_0.requiere_serie,
        p1_0.sku,
        p1_0.stock_actual,
        p1_0.stock_maximo,
        p1_0.stock_minimo,
        p1_0.talla,
        p1_0.tiene_impuestos,
        p1_0.unidadMedida,
        p1_0.updated_at,
        p1_0.volumen 
    from
        productos p1_0
2025-11-26 15:39:13 [http-nio-8080-exec-3] DEBUG o.s.security.web.FilterChainProxy - Securing GET /.well-known/appspecific/com.chrome.devtools.json
2025-11-26 15:39:13 [http-nio-8080-exec-4] DEBUG o.s.security.web.FilterChainProxy - Securing GET /favicon.ico
2025-11-26 15:39:13 [http-nio-8080-exec-3] DEBUG o.s.s.w.c.HttpSessionSecurityContextRepository - Retrieved SecurityContextImpl [Authentication=UsernamePasswordAuthenticationToken [Principal=org.springframework.security.core.userdetails.User [Username=admin, Password=[PROTECTED], Enabled=true, AccountNonExpired=true, CredentialsNonExpired=true, AccountNonLocked=true, Granted Authorities=[ROLE_ADMIN]], Credentials=[PROTECTED], Authenticated=true, Details=WebAuthenticationDetails [RemoteIpAddress=0:0:0:0:0:0:0:1, SessionId=9A8B8C07162CDE1EDFB8B91B50B0456D], Granted Authorities=[ROLE_ADMIN]]]
2025-11-26 15:39:13 [http-nio-8080-exec-4] DEBUG o.s.s.w.c.HttpSessionSecurityContextRepository - Retrieved SecurityContextImpl [Authentication=UsernamePasswordAuthenticationToken [Principal=org.springframework.security.core.userdetails.User [Username=admin, Password=[PROTECTED], Enabled=true, AccountNonExpired=true, CredentialsNonExpired=true, AccountNonLocked=true, Granted Authorities=[ROLE_ADMIN]], Credentials=[PROTECTED], Authenticated=true, Details=WebAuthenticationDetails [RemoteIpAddress=0:0:0:0:0:0:0:1, SessionId=9A8B8C07162CDE1EDFB8B91B50B0456D], Granted Authorities=[ROLE_ADMIN]]]
2025-11-26 15:39:13 [http-nio-8080-exec-3] DEBUG o.s.security.web.FilterChainProxy - Secured GET /.well-known/appspecific/com.chrome.devtools.json
2025-11-26 15:39:13 [http-nio-8080-exec-4] DEBUG o.s.security.web.FilterChainProxy - Secured GET /favicon.ico
2025-11-26 15:39:13 [http-nio-8080-exec-3] DEBUG o.s.security.web.FilterChainProxy - Securing GET /error
2025-11-26 15:39:13 [http-nio-8080-exec-4] DEBUG o.s.security.web.FilterChainProxy - Securing GET /error
2025-11-26 15:39:13 [http-nio-8080-exec-3] DEBUG o.s.s.w.c.HttpSessionSecurityContextRepository - Retrieved SecurityContextImpl [Authentication=UsernamePasswordAuthenticationToken [Principal=org.springframework.security.core.userdetails.User [Username=admin, Password=[PROTECTED], Enabled=true, AccountNonExpired=true, CredentialsNonExpired=true, AccountNonLocked=true, Granted Authorities=[ROLE_ADMIN]], Credentials=[PROTECTED], Authenticated=true, Details=WebAuthenticationDetails [RemoteIpAddress=0:0:0:0:0:0:0:1, SessionId=9A8B8C07162CDE1EDFB8B91B50B0456D], Granted Authorities=[ROLE_ADMIN]]]
2025-11-26 15:39:13 [http-nio-8080-exec-4] DEBUG o.s.s.w.c.HttpSessionSecurityContextRepository - Retrieved SecurityContextImpl [Authentication=UsernamePasswordAuthenticationToken [Principal=org.springframework.security.core.userdetails.User [Username=admin, Password=[PROTECTED], Enabled=true, AccountNonExpired=true, CredentialsNonExpired=true, AccountNonLocked=true, Granted Authorities=[ROLE_ADMIN]], Credentials=[PROTECTED], Authenticated=true, Details=WebAuthenticationDetails [RemoteIpAddress=0:0:0:0:0:0:0:1, SessionId=9A8B8C07162CDE1EDFB8B91B50B0456D], Granted Authorities=[ROLE_ADMIN]]]
2025-11-26 15:39:13 [http-nio-8080-exec-3] DEBUG o.s.security.web.FilterChainProxy - Secured GET /error
2025-11-26 15:39:13 [http-nio-8080-exec-4] DEBUG o.s.security.web.FilterChainProxy - Secured GET /error
2025-11-26 15:45:15 [SpringApplicationShutdownHook] INFO  o.s.o.j.LocalContainerEntityManagerFactoryBean - Closing JPA EntityManagerFactory for persistence unit 'default'
2025-11-26 15:45:15 [SpringApplicationShutdownHook] INFO  com.zaxxer.hikari.HikariDataSource - InventarioHikariPool - Shutdown initiated...
2025-11-26 15:45:15 [SpringApplicationShutdownHook] INFO  com.zaxxer.hikari.HikariDataSource - InventarioHikariPool - Shutdown completed.
2025-11-26 15:45:34 [restartedMain] INFO  c.i.InventarioSpringBootApplication - Starting InventarioSpringBootApplication using Java 17.0.16 with PID 3804 (C:\Users\Liseth\Downloads\InventarioSpringBoot\InventarioSpringBoot\target\classes started by Liseth in C:\Users\Liseth\Downloads\InventarioSpringBoot\InventarioSpringBoot)
2025-11-26 15:45:34 [restartedMain] DEBUG c.i.InventarioSpringBootApplication - Running with Spring Boot v3.2.0, Spring v6.1.1
2025-11-26 15:45:34 [restartedMain] INFO  c.i.InventarioSpringBootApplication - No active profile set, falling back to 1 default profile: "default"
2025-11-26 15:45:34 [restartedMain] INFO  o.s.b.d.e.DevToolsPropertyDefaultsPostProcessor - Devtools property defaults active! Set 'spring.devtools.add-properties' to 'false' to disable
2025-11-26 15:45:34 [restartedMain] INFO  o.s.b.d.e.DevToolsPropertyDefaultsPostProcessor - For additional web related logging consider setting the 'logging.level.web' property to 'DEBUG'
2025-11-26 15:45:36 [restartedMain] INFO  o.s.d.r.c.RepositoryConfigurationDelegate - Bootstrapping Spring Data JPA repositories in DEFAULT mode.
2025-11-26 15:45:36 [restartedMain] INFO  o.s.d.r.c.RepositoryConfigurationDelegate - Finished Spring Data repository scanning in 112 ms. Found 11 JPA repository interfaces.
2025-11-26 15:45:38 [restartedMain] INFO  o.s.b.w.e.tomcat.TomcatWebServer - Tomcat initialized with port 8080 (http)
2025-11-26 15:45:38 [restartedMain] INFO  o.a.catalina.core.StandardService - Starting service [Tomcat]
2025-11-26 15:45:38 [restartedMain] INFO  o.a.catalina.core.StandardEngine - Starting Servlet engine: [Apache Tomcat/10.1.16]
2025-11-26 15:45:38 [restartedMain] INFO  o.a.c.c.C.[Tomcat].[localhost].[/] - Initializing Spring embedded WebApplicationContext
2025-11-26 15:45:38 [restartedMain] INFO  o.s.b.w.s.c.ServletWebServerApplicationContext - Root WebApplicationContext: initialization completed in 3218 ms
2025-11-26 15:45:38 [restartedMain] INFO  o.h.jpa.internal.util.LogHelper - HHH000204: Processing PersistenceUnitInfo [name: default]
2025-11-26 15:45:38 [restartedMain] INFO  org.hibernate.Version - HHH000412: Hibernate ORM core version 6.3.1.Final
2025-11-26 15:45:38 [restartedMain] INFO  o.h.c.i.RegionFactoryInitiator - HHH000026: Second-level cache disabled
2025-11-26 15:45:39 [restartedMain] INFO  o.s.o.j.p.SpringPersistenceUnitInfo - No LoadTimeWeaver setup: ignoring JPA class transformer
2025-11-26 15:45:39 [restartedMain] INFO  com.zaxxer.hikari.HikariDataSource - InventarioHikariPool - Starting...
2025-11-26 15:45:39 [restartedMain] INFO  com.zaxxer.hikari.pool.HikariPool - InventarioHikariPool - Added connection com.mysql.cj.jdbc.ConnectionImpl@74ba50a2
2025-11-26 15:45:39 [restartedMain] INFO  com.zaxxer.hikari.HikariDataSource - InventarioHikariPool - Start completed.
2025-11-26 15:45:39 [restartedMain] WARN  org.hibernate.orm.deprecation - HHH90000025: MySQL8Dialect does not need to be specified explicitly using 'hibernate.dialect' (remove the property setting and it will be selected by default)
2025-11-26 15:45:39 [restartedMain] WARN  org.hibernate.orm.deprecation - HHH90000026: MySQL8Dialect has been deprecated; use org.hibernate.dialect.MySQLDialect instead
2025-11-26 15:45:40 [restartedMain] INFO  o.h.e.t.j.p.i.JtaPlatformInitiator - HHH000489: No JTA platform available (set 'hibernate.transaction.jta.platform' to enable JTA platform integration)
2025-11-26 15:45:41 [restartedMain] INFO  o.s.o.j.LocalContainerEntityManagerFactoryBean - Initialized JPA EntityManagerFactory for persistence unit 'default'
2025-11-26 15:45:41 [restartedMain] INFO  o.s.d.j.r.query.QueryEnhancerFactory - Hibernate is in classpath; If applicable, HQL parser will be used.
2025-11-26 15:45:42 [restartedMain] WARN  o.s.b.a.o.j.JpaBaseConfiguration$JpaWebConfiguration - spring.jpa.open-in-view is enabled by default. Therefore, database queries may be performed during view rendering. Explicitly configure spring.jpa.open-in-view to disable this warning
2025-11-26 15:45:42 [restartedMain] INFO  o.s.b.a.w.s.WelcomePageHandlerMapping - Adding welcome page template: index
2025-11-26 15:45:43 [restartedMain] INFO  o.s.b.a.e.web.EndpointLinksResolver - Exposing 4 endpoint(s) beneath base path '/actuator'
2025-11-26 15:45:43 [restartedMain] INFO  o.s.s.web.DefaultSecurityFilterChain - Will secure any request with [org.springframework.security.web.session.DisableEncodeUrlFilter@15e87da1, org.springframework.security.web.context.request.async.WebAsyncManagerIntegrationFilter@6702acb6, org.springframework.security.web.context.SecurityContextHolderFilter@79522b88, org.springframework.security.web.header.HeaderWriterFilter@2b303199, org.springframework.web.filter.CorsFilter@25cedb3e, org.springframework.security.web.authentication.logout.LogoutFilter@16750a84, org.springframework.security.web.authentication.UsernamePasswordAuthenticationFilter@560e0c2d, org.springframework.security.web.session.ConcurrentSessionFilter@73d73cce, org.springframework.security.web.savedrequest.RequestCacheAwareFilter@7099795e, org.springframework.security.web.servletapi.SecurityContextHolderAwareRequestFilter@6e40147d, org.springframework.security.web.authentication.AnonymousAuthenticationFilter@2c20dc30, org.springframework.security.web.session.SessionManagementFilter@33ac64f3, org.springframework.security.web.access.ExceptionTranslationFilter@d271baa, org.springframework.security.web.access.intercept.AuthorizationFilter@3877f279]
2025-11-26 15:45:44 [restartedMain] INFO  o.s.b.d.a.OptionalLiveReloadServer - LiveReload server is running on port 35729
2025-11-26 15:45:44 [restartedMain] INFO  o.s.b.w.e.tomcat.TomcatWebServer - Tomcat started on port 8080 (http) with context path ''
2025-11-26 15:45:44 [restartedMain] INFO  c.i.InventarioSpringBootApplication - Started InventarioSpringBootApplication in 10.314 seconds (process running for 11.08)
2025-11-26 15:45:51 [http-nio-8080-exec-1] INFO  o.a.c.c.C.[Tomcat].[localhost].[/] - Initializing Spring DispatcherServlet 'dispatcherServlet'
2025-11-26 15:45:51 [http-nio-8080-exec-1] INFO  o.s.web.servlet.DispatcherServlet - Initializing Servlet 'dispatcherServlet'
2025-11-26 15:45:51 [http-nio-8080-exec-1] INFO  o.s.web.servlet.DispatcherServlet - Completed initialization in 3 ms
2025-11-26 15:45:51 [http-nio-8080-exec-1] DEBUG o.s.security.web.FilterChainProxy - Securing GET /
2025-11-26 15:45:51 [http-nio-8080-exec-1] WARN  o.s.w.s.h.HandlerMappingIntrospector - Cache miss for REQUEST dispatch to '/' (previous null). Performing CorsConfiguration lookup. This is logged once only at WARN level, and every time at TRACE.
2025-11-26 15:45:51 [http-nio-8080-exec-1] WARN  o.s.w.s.h.HandlerMappingIntrospector - Cache miss for REQUEST dispatch to '/' (previous null). Performing MatchableHandlerMapping lookup. This is logged once only at WARN level, and every time at TRACE.
2025-11-26 15:45:51 [http-nio-8080-exec-1] DEBUG o.s.s.w.c.HttpSessionSecurityContextRepository - Retrieved SecurityContextImpl [Authentication=UsernamePasswordAuthenticationToken [Principal=org.springframework.security.core.userdetails.User [Username=admin, Password=[PROTECTED], Enabled=true, AccountNonExpired=true, CredentialsNonExpired=true, AccountNonLocked=true, Granted Authorities=[ROLE_ADMIN]], Credentials=[PROTECTED], Authenticated=true, Details=WebAuthenticationDetails [RemoteIpAddress=0:0:0:0:0:0:0:1, SessionId=9A8B8C07162CDE1EDFB8B91B50B0456D], Granted Authorities=[ROLE_ADMIN]]]
2025-11-26 15:45:51 [http-nio-8080-exec-1] DEBUG o.s.security.web.FilterChainProxy - Secured GET /
2025-11-26 15:45:51 [http-nio-8080-exec-2] DEBUG o.s.security.web.FilterChainProxy - Securing GET /dashboard
2025-11-26 15:45:51 [http-nio-8080-exec-2] DEBUG o.s.s.w.c.HttpSessionSecurityContextRepository - Retrieved SecurityContextImpl [Authentication=UsernamePasswordAuthenticationToken [Principal=org.springframework.security.core.userdetails.User [Username=admin, Password=[PROTECTED], Enabled=true, AccountNonExpired=true, CredentialsNonExpired=true, AccountNonLocked=true, Granted Authorities=[ROLE_ADMIN]], Credentials=[PROTECTED], Authenticated=true, Details=WebAuthenticationDetails [RemoteIpAddress=0:0:0:0:0:0:0:1, SessionId=9A8B8C07162CDE1EDFB8B91B50B0456D], Granted Authorities=[ROLE_ADMIN]]]
2025-11-26 15:45:51 [http-nio-8080-exec-2] DEBUG o.s.security.web.FilterChainProxy - Secured GET /dashboard
2025-11-26 15:45:51 [http-nio-8080-exec-2] DEBUG org.hibernate.SQL - 
    /* <criteria> */ select
        p1_0.id,
        p1_0.activo,
        p1_0.categoria_id,
        p1_0.codigo,
        p1_0.codigoBarras,
        p1_0.color,
        p1_0.costo_almacenamiento,
        p1_0.created_at,
        p1_0.descripcion,
        p1_0.es_perecedero,
        p1_0.fecha_vencimiento,
        p1_0.imagen_url,
        p1_0.lote,
        p1_0.marca,
        p1_0.modelo,
        p1_0.nombre,
        p1_0.numero_serie,
        p1_0.observaciones,
        p1_0.peso,
        p1_0.porcentaje_impuesto,
        p1_0.precio_compra,
        p1_0.precio_mayoreo,
        p1_0.precio_venta,
        p1_0.proveedor_id,
        p1_0.punto_reorden,
        p1_0.requiere_lote,
        p1_0.requiere_serie,
        p1_0.sku,
        p1_0.stock_actual,
        p1_0.stock_maximo,
        p1_0.stock_minimo,
        p1_0.talla,
        p1_0.tiene_impuestos,
        p1_0.unidadMedida,
        p1_0.updated_at,
        p1_0.volumen 
    from
        productos p1_0
2025-11-26 15:45:51 [http-nio-8080-exec-2] DEBUG org.hibernate.SQL - 
    /* <criteria> */ select
        p1_0.id,
        p1_0.activo,
        p1_0.categoria_id,
        p1_0.codigo,
        p1_0.codigoBarras,
        p1_0.color,
        p1_0.costo_almacenamiento,
        p1_0.created_at,
        p1_0.descripcion,
        p1_0.es_perecedero,
        p1_0.fecha_vencimiento,
        p1_0.imagen_url,
        p1_0.lote,
        p1_0.marca,
        p1_0.modelo,
        p1_0.nombre,
        p1_0.numero_serie,
        p1_0.observaciones,
        p1_0.peso,
        p1_0.porcentaje_impuesto,
        p1_0.precio_compra,
        p1_0.precio_mayoreo,
        p1_0.precio_venta,
        p1_0.proveedor_id,
        p1_0.punto_reorden,
        p1_0.requiere_lote,
        p1_0.requiere_serie,
        p1_0.sku,
        p1_0.stock_actual,
        p1_0.stock_maximo,
        p1_0.stock_minimo,
        p1_0.talla,
        p1_0.tiene_impuestos,
        p1_0.unidadMedida,
        p1_0.updated_at,
        p1_0.volumen 
    from
        productos p1_0
2025-11-26 15:45:51 [http-nio-8080-exec-2] DEBUG org.hibernate.SQL - 
    /* <criteria> */ select
        p1_0.id,
        p1_0.activo,
        p1_0.categoria_id,
        p1_0.codigo,
        p1_0.codigoBarras,
        p1_0.color,
        p1_0.costo_almacenamiento,
        p1_0.created_at,
        p1_0.descripcion,
        p1_0.es_perecedero,
        p1_0.fecha_vencimiento,
        p1_0.imagen_url,
        p1_0.lote,
        p1_0.marca,
        p1_0.modelo,
        p1_0.nombre,
        p1_0.numero_serie,
        p1_0.observaciones,
        p1_0.peso,
        p1_0.porcentaje_impuesto,
        p1_0.precio_compra,
        p1_0.precio_mayoreo,
        p1_0.precio_venta,
        p1_0.proveedor_id,
        p1_0.punto_reorden,
        p1_0.requiere_lote,
        p1_0.requiere_serie,
        p1_0.sku,
        p1_0.stock_actual,
        p1_0.stock_maximo,
        p1_0.stock_minimo,
        p1_0.talla,
        p1_0.tiene_impuestos,
        p1_0.unidadMedida,
        p1_0.updated_at,
        p1_0.volumen 
    from
        productos p1_0
2025-11-26 15:45:51 [http-nio-8080-exec-2] DEBUG org.hibernate.SQL - 
    /* SELECT
        COUNT(m) 
    FROM
        Movimiento m 
    WHERE
        DATE(m.fechaMovimiento) = CURRENT_DATE */ select
            count(m1_0.id) 
        from
            movimientos m1_0 
        where
            date(m1_0.fecha_movimiento)=current_date
2025-11-26 15:45:51 [http-nio-8080-exec-2] DEBUG org.hibernate.SQL - 
    /* <criteria> */ select
        p1_0.id,
        p1_0.activo,
        p1_0.categoria_id,
        p1_0.codigo,
        p1_0.codigoBarras,
        p1_0.color,
        p1_0.costo_almacenamiento,
        p1_0.created_at,
        p1_0.descripcion,
        p1_0.es_perecedero,
        p1_0.fecha_vencimiento,
        p1_0.imagen_url,
        p1_0.lote,
        p1_0.marca,
        p1_0.modelo,
        p1_0.nombre,
        p1_0.numero_serie,
        p1_0.observaciones,
        p1_0.peso,
        p1_0.porcentaje_impuesto,
        p1_0.precio_compra,
        p1_0.precio_mayoreo,
        p1_0.precio_venta,
        p1_0.proveedor_id,
        p1_0.punto_reorden,
        p1_0.requiere_lote,
        p1_0.requiere_serie,
        p1_0.sku,
        p1_0.stock_actual,
        p1_0.stock_maximo,
        p1_0.stock_minimo,
        p1_0.talla,
        p1_0.tiene_impuestos,
        p1_0.unidadMedida,
        p1_0.updated_at,
        p1_0.volumen 
    from
        productos p1_0
2025-11-26 15:45:51 [http-nio-8080-exec-2] DEBUG org.hibernate.SQL - 
    /* <criteria> */ select
        p1_0.id,
        p1_0.activo,
        p1_0.categoria_id,
        p1_0.codigo,
        p1_0.codigoBarras,
        p1_0.color,
        p1_0.costo_almacenamiento,
        p1_0.created_at,
        p1_0.descripcion,
        p1_0.es_perecedero,
        p1_0.fecha_vencimiento,
        p1_0.imagen_url,
        p1_0.lote,
        p1_0.marca,
        p1_0.modelo,
        p1_0.nombre,
        p1_0.numero_serie,
        p1_0.observaciones,
        p1_0.peso,
        p1_0.porcentaje_impuesto,
        p1_0.precio_compra,
        p1_0.precio_mayoreo,
        p1_0.precio_venta,
        p1_0.proveedor_id,
        p1_0.punto_reorden,
        p1_0.requiere_lote,
        p1_0.requiere_serie,
        p1_0.sku,
        p1_0.stock_actual,
        p1_0.stock_maximo,
        p1_0.stock_minimo,
        p1_0.talla,
        p1_0.tiene_impuestos,
        p1_0.unidadMedida,
        p1_0.updated_at,
        p1_0.volumen 
    from
        productos p1_0
2025-11-26 15:45:51 [http-nio-8080-exec-2] DEBUG org.hibernate.SQL - 
    /* SELECT
        a 
    FROM
        Alerta a 
    WHERE
        a.activa = true 
        AND a.leida = false 
    ORDER BY
        a.prioridad DESC,
        a.createdAt DESC */ select
            a1_0.id,
            a1_0.activa,
            a1_0.almacen_id,
            a1_0.created_at,
            a1_0.fecha_lectura,
            a1_0.leida,
            a1_0.mensaje,
            a1_0.prioridad,
            a1_0.producto_id,
            a1_0.tipo 
        from
            alertas a1_0 
        where
            a1_0.activa=1 
            and a1_0.leida=0 
        order by
            a1_0.prioridad desc,
            a1_0.created_at desc
2025-11-26 15:45:51 [http-nio-8080-exec-2] DEBUG org.hibernate.SQL - 
    /* SELECT
        m 
    FROM
        Movimiento m 
    ORDER BY
        m.fechaMovimiento DESC */ select
            m1_0.id,
            m1_0.almacen_id,
            m1_0.aprobado_por,
            m1_0.cliente_id,
            m1_0.codigo,
            m1_0.created_at,
            m1_0.estado,
            m1_0.fecha_aprobacion,
            m1_0.fecha_movimiento,
            m1_0.numero_documento,
            m1_0.observaciones,
            m1_0.proveedor_id,
            m1_0.subtipo,
            m1_0.tipo,
            m1_0.total_items,
            m1_0.updated_at,
            m1_0.usuario_id,
            m1_0.valor_total 
        from
            movimientos m1_0 
        order by
            m1_0.fecha_movimiento desc
2025-11-26 15:45:51 [http-nio-8080-exec-2] DEBUG org.hibernate.SQL - 
    /* <criteria> */ select
        p1_0.id,
        p1_0.activo,
        p1_0.categoria_id,
        p1_0.codigo,
        p1_0.codigoBarras,
        p1_0.color,
        p1_0.costo_almacenamiento,
        p1_0.created_at,
        p1_0.descripcion,
        p1_0.es_perecedero,
        p1_0.fecha_vencimiento,
        p1_0.imagen_url,
        p1_0.lote,
        p1_0.marca,
        p1_0.modelo,
        p1_0.nombre,
        p1_0.numero_serie,
        p1_0.observaciones,
        p1_0.peso,
        p1_0.porcentaje_impuesto,
        p1_0.precio_compra,
        p1_0.precio_mayoreo,
        p1_0.precio_venta,
        p1_0.proveedor_id,
        p1_0.punto_reorden,
        p1_0.requiere_lote,
        p1_0.requiere_serie,
        p1_0.sku,
        p1_0.stock_actual,
        p1_0.stock_maximo,
        p1_0.stock_minimo,
        p1_0.talla,
        p1_0.tiene_impuestos,
        p1_0.unidadMedida,
        p1_0.updated_at,
        p1_0.volumen 
    from
        productos p1_0
2025-11-26 15:45:51 [http-nio-8080-exec-2] ERROR org.thymeleaf.TemplateEngine - [THYMELEAF][http-nio-8080-exec-2] Exception processing template "templates/index": Error resolving template [templates/index], template might not exist or might not be accessible by any of the configured Template Resolvers
org.thymeleaf.exceptions.TemplateInputException: Error resolving template [templates/index], template might not exist or might not be accessible by any of the configured Template Resolvers
	at org.thymeleaf.engine.TemplateManager.resolveTemplate(TemplateManager.java:869)
	at org.thymeleaf.engine.TemplateManager.parseAndProcess(TemplateManager.java:607)
	at org.thymeleaf.TemplateEngine.process(TemplateEngine.java:1103)
	at org.thymeleaf.TemplateEngine.process(TemplateEngine.java:1077)
	at org.thymeleaf.spring6.view.ThymeleafView.renderFragment(ThymeleafView.java:372)
	at org.thymeleaf.spring6.view.ThymeleafView.render(ThymeleafView.java:192)
	at org.springframework.web.servlet.DispatcherServlet.render(DispatcherServlet.java:1431)
	at org.springframework.web.servlet.DispatcherServlet.processDispatchResult(DispatcherServlet.java:1167)
	at org.springframework.web.servlet.DispatcherServlet.doDispatch(DispatcherServlet.java:1106)
	at org.springframework.web.servlet.DispatcherServlet.doService(DispatcherServlet.java:979)
	at org.springframework.web.servlet.FrameworkServlet.processRequest(FrameworkServlet.java:1014)
	at org.springframework.web.servlet.FrameworkServlet.doGet(FrameworkServlet.java:903)
	at jakarta.servlet.http.HttpServlet.service(HttpServlet.java:564)
	at org.springframework.web.servlet.FrameworkServlet.service(FrameworkServlet.java:885)
	at jakarta.servlet.http.HttpServlet.service(HttpServlet.java:658)
	at org.apache.catalina.core.ApplicationFilterChain.internalDoFilter(ApplicationFilterChain.java:205)
	at org.apache.catalina.core.ApplicationFilterChain.doFilter(ApplicationFilterChain.java:149)
	at org.apache.tomcat.websocket.server.WsFilter.doFilter(WsFilter.java:51)
	at org.apache.catalina.core.ApplicationFilterChain.internalDoFilter(ApplicationFilterChain.java:174)
	at org.apache.catalina.core.ApplicationFilterChain.doFilter(ApplicationFilterChain.java:149)
	at org.springframework.security.web.FilterChainProxy.lambda$doFilterInternal$3(FilterChainProxy.java:231)
	at org.springframework.security.web.ObservationFilterChainDecorator$FilterObservation$SimpleFilterObservation.lambda$wrap$1(ObservationFilterChainDecorator.java:479)
	at org.springframework.security.web.ObservationFilterChainDecorator$AroundFilterObservation$SimpleAroundFilterObservation.lambda$wrap$1(ObservationFilterChainDecorator.java:340)
	at org.springframework.security.web.ObservationFilterChainDecorator.lambda$wrapSecured$0(ObservationFilterChainDecorator.java:82)
	at org.springframework.security.web.ObservationFilterChainDecorator$VirtualFilterChain.doFilter(ObservationFilterChainDecorator.java:128)
	at org.springframework.security.web.access.intercept.AuthorizationFilter.doFilter(AuthorizationFilter.java:100)
	at org.springframework.security.web.ObservationFilterChainDecorator$ObservationFilter.wrapFilter(ObservationFilterChainDecorator.java:240)
	at org.springframework.security.web.ObservationFilterChainDecorator$ObservationFilter.doFilter(ObservationFilterChainDecorator.java:227)
	at org.springframework.security.web.ObservationFilterChainDecorator$VirtualFilterChain.doFilter(ObservationFilterChainDecorator.java:137)
	at org.springframework.security.web.access.ExceptionTranslationFilter.doFilter(ExceptionTranslationFilter.java:126)
	at org.springframework.security.web.access.ExceptionTranslationFilter.doFilter(ExceptionTranslationFilter.java:120)
	at org.springframework.security.web.ObservationFilterChainDecorator$ObservationFilter.wrapFilter(ObservationFilterChainDecorator.java:240)
	at org.springframework.security.web.ObservationFilterChainDecorator$ObservationFilter.doFilter(ObservationFilterChainDecorator.java:227)
	at org.springframework.security.web.ObservationFilterChainDecorator$VirtualFilterChain.doFilter(ObservationFilterChainDecorator.java:137)
	at org.springframework.security.web.session.SessionManagementFilter.doFilter(SessionManagementFilter.java:131)
	at org.springframework.security.web.session.SessionManagementFilter.doFilter(SessionManagementFilter.java:85)
	at org.springframework.security.web.ObservationFilterChainDecorator$ObservationFilter.wrapFilter(ObservationFilterChainDecorator.java:240)
	at org.springframework.security.web.ObservationFilterChainDecorator$ObservationFilter.doFilter(ObservationFilterChainDecorator.java:227)
	at org.springframework.security.web.ObservationFilterChainDecorator$VirtualFilterChain.doFilter(ObservationFilterChainDecorator.java:137)
	at org.springframework.security.web.authentication.AnonymousAuthenticationFilter.doFilter(AnonymousAuthenticationFilter.java:100)
	at org.springframework.security.web.ObservationFilterChainDecorator$ObservationFilter.wrapFilter(ObservationFilterChainDecorator.java:240)
	at org.springframework.security.web.ObservationFilterChainDecorator$ObservationFilter.doFilter(ObservationFilterChainDecorator.java:227)
	at org.springframework.security.web.ObservationFilterChainDecorator$VirtualFilterChain.doFilter(ObservationFilterChainDecorator.java:137)
	at org.springframework.security.web.servletapi.SecurityContextHolderAwareRequestFilter.doFilter(SecurityContextHolderAwareRequestFilter.java:179)
	at org.springframework.security.web.ObservationFilterChainDecorator$ObservationFilter.wrapFilter(ObservationFilterChainDecorator.java:240)
	at org.springframework.security.web.ObservationFilterChainDecorator$ObservationFilter.doFilter(ObservationFilterChainDecorator.java:227)
	at org.springframework.security.web.ObservationFilterChainDecorator$VirtualFilterChain.doFilter(ObservationFilterChainDecorator.java:137)
	at org.springframework.security.web.savedrequest.RequestCacheAwareFilter.doFilter(RequestCacheAwareFilter.java:63)
	at org.springframework.security.web.ObservationFilterChainDecorator$ObservationFilter.wrapFilter(ObservationFilterChainDecorator.java:240)
	at org.springframework.security.web.ObservationFilterChainDecorator$ObservationFilter.doFilter(ObservationFilterChainDecorator.java:227)
	at org.springframework.security.web.ObservationFilterChainDecorator$VirtualFilterChain.doFilter(ObservationFilterChainDecorator.java:137)
	at org.springframework.security.web.session.ConcurrentSessionFilter.doFilter(ConcurrentSessionFilter.java:151)
	at org.springframework.security.web.session.ConcurrentSessionFilter.doFilter(ConcurrentSessionFilter.java:129)
	at org.springframework.security.web.ObservationFilterChainDecorator$ObservationFilter.wrapFilter(ObservationFilterChainDecorator.java:240)
	at org.springframework.security.web.ObservationFilterChainDecorator$ObservationFilter.doFilter(ObservationFilterChainDecorator.java:227)
	at org.springframework.security.web.ObservationFilterChainDecorator$VirtualFilterChain.doFilter(ObservationFilterChainDecorator.java:137)
	at org.springframework.security.web.authentication.AbstractAuthenticationProcessingFilter.doFilter(AbstractAuthenticationProcessingFilter.java:227)
	at org.springframework.security.web.authentication.AbstractAuthenticationProcessingFilter.doFilter(AbstractAuthenticationProcessingFilter.java:221)
	at org.springframework.security.web.ObservationFilterChainDecorator$ObservationFilter.wrapFilter(ObservationFilterChainDecorator.java:240)
	at org.springframework.security.web.ObservationFilterChainDecorator$ObservationFilter.doFilter(ObservationFilterChainDecorator.java:227)
	at org.springframework.security.web.ObservationFilterChainDecorator$VirtualFilterChain.doFilter(ObservationFilterChainDecorator.java:137)
	at org.springframework.security.web.authentication.logout.LogoutFilter.doFilter(LogoutFilter.java:107)
	at org.springframework.security.web.authentication.logout.LogoutFilter.doFilter(LogoutFilter.java:93)
	at org.springframework.security.web.ObservationFilterChainDecorator$ObservationFilter.wrapFilter(ObservationFilterChainDecorator.java:240)
	at org.springframework.security.web.ObservationFilterChainDecorator$ObservationFilter.doFilter(ObservationFilterChainDecorator.java:227)
	at org.springframework.security.web.ObservationFilterChainDecorator$VirtualFilterChain.doFilter(ObservationFilterChainDecorator.java:137)
	at org.springframework.web.filter.CorsFilter.doFilterInternal(CorsFilter.java:91)
	at org.springframework.web.filter.OncePerRequestFilter.doFilter(OncePerRequestFilter.java:116)
	at org.springframework.security.web.ObservationFilterChainDecorator$ObservationFilter.wrapFilter(ObservationFilterChainDecorator.java:240)
	at org.springframework.security.web.ObservationFilterChainDecorator$ObservationFilter.doFilter(ObservationFilterChainDecorator.java:227)
	at org.springframework.security.web.ObservationFilterChainDecorator$VirtualFilterChain.doFilter(ObservationFilterChainDecorator.java:137)
	at org.springframework.security.web.header.HeaderWriterFilter.doHeadersAfter(HeaderWriterFilter.java:90)
	at org.springframework.security.web.header.HeaderWriterFilter.doFilterInternal(HeaderWriterFilter.java:75)
	at org.springframework.web.filter.OncePerRequestFilter.doFilter(OncePerRequestFilter.java:116)
	at org.springframework.security.web.ObservationFilterChainDecorator$ObservationFilter.wrapFilter(ObservationFilterChainDecorator.java:240)
	at org.springframework.security.web.ObservationFilterChainDecorator$ObservationFilter.doFilter(ObservationFilterChainDecorator.java:227)
	at org.springframework.security.web.ObservationFilterChainDecorator$VirtualFilterChain.doFilter(ObservationFilterChainDecorator.java:137)
	at org.springframework.security.web.context.SecurityContextHolderFilter.doFilter(SecurityContextHolderFilter.java:82)
	at org.springframework.security.web.context.SecurityContextHolderFilter.doFilter(SecurityContextHolderFilter.java:69)
	at org.springframework.security.web.ObservationFilterChainDecorator$ObservationFilter.wrapFilter(ObservationFilterChainDecorator.java:240)
	at org.springframework.security.web.ObservationFilterChainDecorator$ObservationFilter.doFilter(ObservationFilterChainDecorator.java:227)
	at org.springframework.security.web.ObservationFilterChainDecorator$VirtualFilterChain.doFilter(ObservationFilterChainDecorator.java:137)
	at org.springframework.security.web.context.request.async.WebAsyncManagerIntegrationFilter.doFilterInternal(WebAsyncManagerIntegrationFilter.java:62)
	at org.springframework.web.filter.OncePerRequestFilter.doFilter(OncePerRequestFilter.java:116)
	at org.springframework.security.web.ObservationFilterChainDecorator$ObservationFilter.wrapFilter(ObservationFilterChainDecorator.java:240)
	at org.springframework.security.web.ObservationFilterChainDecorator$ObservationFilter.doFilter(ObservationFilterChainDecorator.java:227)
	at org.springframework.security.web.ObservationFilterChainDecorator$VirtualFilterChain.doFilter(ObservationFilterChainDecorator.java:137)
	at org.springframework.security.web.session.DisableEncodeUrlFilter.doFilterInternal(DisableEncodeUrlFilter.java:42)
	at org.springframework.web.filter.OncePerRequestFilter.doFilter(OncePerRequestFilter.java:116)
	at org.springframework.security.web.ObservationFilterChainDecorator$ObservationFilter.wrapFilter(ObservationFilterChainDecorator.java:240)
	at org.springframework.security.web.ObservationFilterChainDecorator$AroundFilterObservation$SimpleAroundFilterObservation.lambda$wrap$0(ObservationFilterChainDecorator.java:323)
	at org.springframework.security.web.ObservationFilterChainDecorator$ObservationFilter.doFilter(ObservationFilterChainDecorator.java:224)
	at org.springframework.security.web.ObservationFilterChainDecorator$VirtualFilterChain.doFilter(ObservationFilterChainDecorator.java:137)
	at org.springframework.security.web.FilterChainProxy.doFilterInternal(FilterChainProxy.java:233)
	at org.springframework.security.web.FilterChainProxy.doFilter(FilterChainProxy.java:191)
	at org.springframework.web.filter.DelegatingFilterProxy.invokeDelegate(DelegatingFilterProxy.java:352)
	at org.springframework.web.filter.DelegatingFilterProxy.doFilter(DelegatingFilterProxy.java:268)
	at org.apache.catalina.core.ApplicationFilterChain.internalDoFilter(ApplicationFilterChain.java:174)
	at org.apache.catalina.core.ApplicationFilterChain.doFilter(ApplicationFilterChain.java:149)
	at org.springframework.web.filter.RequestContextFilter.doFilterInternal(RequestContextFilter.java:100)
	at org.springframework.web.filter.OncePerRequestFilter.doFilter(OncePerRequestFilter.java:116)
	at org.apache.catalina.core.ApplicationFilterChain.internalDoFilter(ApplicationFilterChain.java:174)
	at org.apache.catalina.core.ApplicationFilterChain.doFilter(ApplicationFilterChain.java:149)
	at org.springframework.web.filter.FormContentFilter.doFilterInternal(FormContentFilter.java:93)
	at org.springframework.web.filter.OncePerRequestFilter.doFilter(OncePerRequestFilter.java:116)
	at org.apache.catalina.core.ApplicationFilterChain.internalDoFilter(ApplicationFilterChain.java:174)
	at org.apache.catalina.core.ApplicationFilterChain.doFilter(ApplicationFilterChain.java:149)
	at org.springframework.web.filter.ServerHttpObservationFilter.doFilterInternal(ServerHttpObservationFilter.java:109)
	at org.springframework.web.filter.OncePerRequestFilter.doFilter(OncePerRequestFilter.java:116)
	at org.apache.catalina.core.ApplicationFilterChain.internalDoFilter(ApplicationFilterChain.java:174)
	at org.apache.catalina.core.ApplicationFilterChain.doFilter(ApplicationFilterChain.java:149)
	at org.springframework.web.filter.CharacterEncodingFilter.doFilterInternal(CharacterEncodingFilter.java:201)
	at org.springframework.web.filter.OncePerRequestFilter.doFilter(OncePerRequestFilter.java:116)
	at org.apache.catalina.core.ApplicationFilterChain.internalDoFilter(ApplicationFilterChain.java:174)
	at org.apache.catalina.core.ApplicationFilterChain.doFilter(ApplicationFilterChain.java:149)
	at org.apache.catalina.core.StandardWrapperValve.invoke(StandardWrapperValve.java:167)
	at org.apache.catalina.core.StandardContextValve.invoke(StandardContextValve.java:90)
	at org.apache.catalina.authenticator.AuthenticatorBase.invoke(AuthenticatorBase.java:482)
	at org.apache.catalina.core.StandardHostValve.invoke(StandardHostValve.java:115)
	at org.apache.catalina.valves.ErrorReportValve.invoke(ErrorReportValve.java:93)
	at org.apache.catalina.core.StandardEngineValve.invoke(StandardEngineValve.java:74)
	at org.apache.catalina.connector.CoyoteAdapter.service(CoyoteAdapter.java:340)
	at org.apache.coyote.http11.Http11Processor.service(Http11Processor.java:391)
	at org.apache.coyote.AbstractProcessorLight.process(AbstractProcessorLight.java:63)
	at org.apache.coyote.AbstractProtocol$ConnectionHandler.process(AbstractProtocol.java:896)
	at org.apache.tomcat.util.net.NioEndpoint$SocketProcessor.doRun(NioEndpoint.java:1744)
	at org.apache.tomcat.util.net.SocketProcessorBase.run(SocketProcessorBase.java:52)
	at org.apache.tomcat.util.threads.ThreadPoolExecutor.runWorker(ThreadPoolExecutor.java:1191)
	at org.apache.tomcat.util.threads.ThreadPoolExecutor$Worker.run(ThreadPoolExecutor.java:659)
	at org.apache.tomcat.util.threads.TaskThread$WrappingRunnable.run(TaskThread.java:61)
	at java.base/java.lang.Thread.run(Thread.java:840)
2025-11-26 15:45:51 [http-nio-8080-exec-2] ERROR o.a.c.c.C.[.[.[.[dispatcherServlet] - Servlet.service() for servlet [dispatcherServlet] in context with path [] threw exception [Request processing failed: org.thymeleaf.exceptions.TemplateInputException: Error resolving template [templates/index], template might not exist or might not be accessible by any of the configured Template Resolvers] with root cause
org.thymeleaf.exceptions.TemplateInputException: Error resolving template [templates/index], template might not exist or might not be accessible by any of the configured Template Resolvers
	at org.thymeleaf.engine.TemplateManager.resolveTemplate(TemplateManager.java:869)
	at org.thymeleaf.engine.TemplateManager.parseAndProcess(TemplateManager.java:607)
	at org.thymeleaf.TemplateEngine.process(TemplateEngine.java:1103)
	at org.thymeleaf.TemplateEngine.process(TemplateEngine.java:1077)
	at org.thymeleaf.spring6.view.ThymeleafView.renderFragment(ThymeleafView.java:372)
	at org.thymeleaf.spring6.view.ThymeleafView.render(ThymeleafView.java:192)
	at org.springframework.web.servlet.DispatcherServlet.render(DispatcherServlet.java:1431)
	at org.springframework.web.servlet.DispatcherServlet.processDispatchResult(DispatcherServlet.java:1167)
	at org.springframework.web.servlet.DispatcherServlet.doDispatch(DispatcherServlet.java:1106)
	at org.springframework.web.servlet.DispatcherServlet.doService(DispatcherServlet.java:979)
	at org.springframework.web.servlet.FrameworkServlet.processRequest(FrameworkServlet.java:1014)
	at org.springframework.web.servlet.FrameworkServlet.doGet(FrameworkServlet.java:903)
	at jakarta.servlet.http.HttpServlet.service(HttpServlet.java:564)
	at org.springframework.web.servlet.FrameworkServlet.service(FrameworkServlet.java:885)
	at jakarta.servlet.http.HttpServlet.service(HttpServlet.java:658)
	at org.apache.catalina.core.ApplicationFilterChain.internalDoFilter(ApplicationFilterChain.java:205)
	at org.apache.catalina.core.ApplicationFilterChain.doFilter(ApplicationFilterChain.java:149)
	at org.apache.tomcat.websocket.server.WsFilter.doFilter(WsFilter.java:51)
	at org.apache.catalina.core.ApplicationFilterChain.internalDoFilter(ApplicationFilterChain.java:174)
	at org.apache.catalina.core.ApplicationFilterChain.doFilter(ApplicationFilterChain.java:149)
	at org.springframework.security.web.FilterChainProxy.lambda$doFilterInternal$3(FilterChainProxy.java:231)
	at org.springframework.security.web.ObservationFilterChainDecorator$FilterObservation$SimpleFilterObservation.lambda$wrap$1(ObservationFilterChainDecorator.java:479)
	at org.springframework.security.web.ObservationFilterChainDecorator$AroundFilterObservation$SimpleAroundFilterObservation.lambda$wrap$1(ObservationFilterChainDecorator.java:340)
	at org.springframework.security.web.ObservationFilterChainDecorator.lambda$wrapSecured$0(ObservationFilterChainDecorator.java:82)
	at org.springframework.security.web.ObservationFilterChainDecorator$VirtualFilterChain.doFilter(ObservationFilterChainDecorator.java:128)
	at org.springframework.security.web.access.intercept.AuthorizationFilter.doFilter(AuthorizationFilter.java:100)
	at org.springframework.security.web.ObservationFilterChainDecorator$ObservationFilter.wrapFilter(ObservationFilterChainDecorator.java:240)
	at org.springframework.security.web.ObservationFilterChainDecorator$ObservationFilter.doFilter(ObservationFilterChainDecorator.java:227)
	at org.springframework.security.web.ObservationFilterChainDecorator$VirtualFilterChain.doFilter(ObservationFilterChainDecorator.java:137)
	at org.springframework.security.web.access.ExceptionTranslationFilter.doFilter(ExceptionTranslationFilter.java:126)
	at org.springframework.security.web.access.ExceptionTranslationFilter.doFilter(ExceptionTranslationFilter.java:120)
	at org.springframework.security.web.ObservationFilterChainDecorator$ObservationFilter.wrapFilter(ObservationFilterChainDecorator.java:240)
	at org.springframework.security.web.ObservationFilterChainDecorator$ObservationFilter.doFilter(ObservationFilterChainDecorator.java:227)
	at org.springframework.security.web.ObservationFilterChainDecorator$VirtualFilterChain.doFilter(ObservationFilterChainDecorator.java:137)
	at org.springframework.security.web.session.SessionManagementFilter.doFilter(SessionManagementFilter.java:131)
	at org.springframework.security.web.session.SessionManagementFilter.doFilter(SessionManagementFilter.java:85)
	at org.springframework.security.web.ObservationFilterChainDecorator$ObservationFilter.wrapFilter(ObservationFilterChainDecorator.java:240)
	at org.springframework.security.web.ObservationFilterChainDecorator$ObservationFilter.doFilter(ObservationFilterChainDecorator.java:227)
	at org.springframework.security.web.ObservationFilterChainDecorator$VirtualFilterChain.doFilter(ObservationFilterChainDecorator.java:137)
	at org.springframework.security.web.authentication.AnonymousAuthenticationFilter.doFilter(AnonymousAuthenticationFilter.java:100)
	at org.springframework.security.web.ObservationFilterChainDecorator$ObservationFilter.wrapFilter(ObservationFilterChainDecorator.java:240)
	at org.springframework.security.web.ObservationFilterChainDecorator$ObservationFilter.doFilter(ObservationFilterChainDecorator.java:227)
	at org.springframework.security.web.ObservationFilterChainDecorator$VirtualFilterChain.doFilter(ObservationFilterChainDecorator.java:137)
	at org.springframework.security.web.servletapi.SecurityContextHolderAwareRequestFilter.doFilter(SecurityContextHolderAwareRequestFilter.java:179)
	at org.springframework.security.web.ObservationFilterChainDecorator$ObservationFilter.wrapFilter(ObservationFilterChainDecorator.java:240)
	at org.springframework.security.web.ObservationFilterChainDecorator$ObservationFilter.doFilter(ObservationFilterChainDecorator.java:227)
	at org.springframework.security.web.ObservationFilterChainDecorator$VirtualFilterChain.doFilter(ObservationFilterChainDecorator.java:137)
	at org.springframework.security.web.savedrequest.RequestCacheAwareFilter.doFilter(RequestCacheAwareFilter.java:63)
	at org.springframework.security.web.ObservationFilterChainDecorator$ObservationFilter.wrapFilter(ObservationFilterChainDecorator.java:240)
	at org.springframework.security.web.ObservationFilterChainDecorator$ObservationFilter.doFilter(ObservationFilterChainDecorator.java:227)
	at org.springframework.security.web.ObservationFilterChainDecorator$VirtualFilterChain.doFilter(ObservationFilterChainDecorator.java:137)
	at org.springframework.security.web.session.ConcurrentSessionFilter.doFilter(ConcurrentSessionFilter.java:151)
	at org.springframework.security.web.session.ConcurrentSessionFilter.doFilter(ConcurrentSessionFilter.java:129)
	at org.springframework.security.web.ObservationFilterChainDecorator$ObservationFilter.wrapFilter(ObservationFilterChainDecorator.java:240)
	at org.springframework.security.web.ObservationFilterChainDecorator$ObservationFilter.doFilter(ObservationFilterChainDecorator.java:227)
	at org.springframework.security.web.ObservationFilterChainDecorator$VirtualFilterChain.doFilter(ObservationFilterChainDecorator.java:137)
	at org.springframework.security.web.authentication.AbstractAuthenticationProcessingFilter.doFilter(AbstractAuthenticationProcessingFilter.java:227)
	at org.springframework.security.web.authentication.AbstractAuthenticationProcessingFilter.doFilter(AbstractAuthenticationProcessingFilter.java:221)
	at org.springframework.security.web.ObservationFilterChainDecorator$ObservationFilter.wrapFilter(ObservationFilterChainDecorator.java:240)
	at org.springframework.security.web.ObservationFilterChainDecorator$ObservationFilter.doFilter(ObservationFilterChainDecorator.java:227)
	at org.springframework.security.web.ObservationFilterChainDecorator$VirtualFilterChain.doFilter(ObservationFilterChainDecorator.java:137)
	at org.springframework.security.web.authentication.logout.LogoutFilter.doFilter(LogoutFilter.java:107)
	at org.springframework.security.web.authentication.logout.LogoutFilter.doFilter(LogoutFilter.java:93)
	at org.springframework.security.web.ObservationFilterChainDecorator$ObservationFilter.wrapFilter(ObservationFilterChainDecorator.java:240)
	at org.springframework.security.web.ObservationFilterChainDecorator$ObservationFilter.doFilter(ObservationFilterChainDecorator.java:227)
	at org.springframework.security.web.ObservationFilterChainDecorator$VirtualFilterChain.doFilter(ObservationFilterChainDecorator.java:137)
	at org.springframework.web.filter.CorsFilter.doFilterInternal(CorsFilter.java:91)
	at org.springframework.web.filter.OncePerRequestFilter.doFilter(OncePerRequestFilter.java:116)
	at org.springframework.security.web.ObservationFilterChainDecorator$ObservationFilter.wrapFilter(ObservationFilterChainDecorator.java:240)
	at org.springframework.security.web.ObservationFilterChainDecorator$ObservationFilter.doFilter(ObservationFilterChainDecorator.java:227)
	at org.springframework.security.web.ObservationFilterChainDecorator$VirtualFilterChain.doFilter(ObservationFilterChainDecorator.java:137)
	at org.springframework.security.web.header.HeaderWriterFilter.doHeadersAfter(HeaderWriterFilter.java:90)
	at org.springframework.security.web.header.HeaderWriterFilter.doFilterInternal(HeaderWriterFilter.java:75)
	at org.springframework.web.filter.OncePerRequestFilter.doFilter(OncePerRequestFilter.java:116)
	at org.springframework.security.web.ObservationFilterChainDecorator$ObservationFilter.wrapFilter(ObservationFilterChainDecorator.java:240)
	at org.springframework.security.web.ObservationFilterChainDecorator$ObservationFilter.doFilter(ObservationFilterChainDecorator.java:227)
	at org.springframework.security.web.ObservationFilterChainDecorator$VirtualFilterChain.doFilter(ObservationFilterChainDecorator.java:137)
	at org.springframework.security.web.context.SecurityContextHolderFilter.doFilter(SecurityContextHolderFilter.java:82)
	at org.springframework.security.web.context.SecurityContextHolderFilter.doFilter(SecurityContextHolderFilter.java:69)
	at org.springframework.security.web.ObservationFilterChainDecorator$ObservationFilter.wrapFilter(ObservationFilterChainDecorator.java:240)
	at org.springframework.security.web.ObservationFilterChainDecorator$ObservationFilter.doFilter(ObservationFilterChainDecorator.java:227)
	at org.springframework.security.web.ObservationFilterChainDecorator$VirtualFilterChain.doFilter(ObservationFilterChainDecorator.java:137)
	at org.springframework.security.web.context.request.async.WebAsyncManagerIntegrationFilter.doFilterInternal(WebAsyncManagerIntegrationFilter.java:62)
	at org.springframework.web.filter.OncePerRequestFilter.doFilter(OncePerRequestFilter.java:116)
	at org.springframework.security.web.ObservationFilterChainDecorator$ObservationFilter.wrapFilter(ObservationFilterChainDecorator.java:240)
	at org.springframework.security.web.ObservationFilterChainDecorator$ObservationFilter.doFilter(ObservationFilterChainDecorator.java:227)
	at org.springframework.security.web.ObservationFilterChainDecorator$VirtualFilterChain.doFilter(ObservationFilterChainDecorator.java:137)
	at org.springframework.security.web.session.DisableEncodeUrlFilter.doFilterInternal(DisableEncodeUrlFilter.java:42)
	at org.springframework.web.filter.OncePerRequestFilter.doFilter(OncePerRequestFilter.java:116)
	at org.springframework.security.web.ObservationFilterChainDecorator$ObservationFilter.wrapFilter(ObservationFilterChainDecorator.java:240)
	at org.springframework.security.web.ObservationFilterChainDecorator$AroundFilterObservation$SimpleAroundFilterObservation.lambda$wrap$0(ObservationFilterChainDecorator.java:323)
	at org.springframework.security.web.ObservationFilterChainDecorator$ObservationFilter.doFilter(ObservationFilterChainDecorator.java:224)
	at org.springframework.security.web.ObservationFilterChainDecorator$VirtualFilterChain.doFilter(ObservationFilterChainDecorator.java:137)
	at org.springframework.security.web.FilterChainProxy.doFilterInternal(FilterChainProxy.java:233)
	at org.springframework.security.web.FilterChainProxy.doFilter(FilterChainProxy.java:191)
	at org.springframework.web.filter.DelegatingFilterProxy.invokeDelegate(DelegatingFilterProxy.java:352)
	at org.springframework.web.filter.DelegatingFilterProxy.doFilter(DelegatingFilterProxy.java:268)
	at org.apache.catalina.core.ApplicationFilterChain.internalDoFilter(ApplicationFilterChain.java:174)
	at org.apache.catalina.core.ApplicationFilterChain.doFilter(ApplicationFilterChain.java:149)
	at org.springframework.web.filter.RequestContextFilter.doFilterInternal(RequestContextFilter.java:100)
	at org.springframework.web.filter.OncePerRequestFilter.doFilter(OncePerRequestFilter.java:116)
	at org.apache.catalina.core.ApplicationFilterChain.internalDoFilter(ApplicationFilterChain.java:174)
	at org.apache.catalina.core.ApplicationFilterChain.doFilter(ApplicationFilterChain.java:149)
	at org.springframework.web.filter.FormContentFilter.doFilterInternal(FormContentFilter.java:93)
	at org.springframework.web.filter.OncePerRequestFilter.doFilter(OncePerRequestFilter.java:116)
	at org.apache.catalina.core.ApplicationFilterChain.internalDoFilter(ApplicationFilterChain.java:174)
	at org.apache.catalina.core.ApplicationFilterChain.doFilter(ApplicationFilterChain.java:149)
	at org.springframework.web.filter.ServerHttpObservationFilter.doFilterInternal(ServerHttpObservationFilter.java:109)
	at org.springframework.web.filter.OncePerRequestFilter.doFilter(OncePerRequestFilter.java:116)
	at org.apache.catalina.core.ApplicationFilterChain.internalDoFilter(ApplicationFilterChain.java:174)
	at org.apache.catalina.core.ApplicationFilterChain.doFilter(ApplicationFilterChain.java:149)
	at org.springframework.web.filter.CharacterEncodingFilter.doFilterInternal(CharacterEncodingFilter.java:201)
	at org.springframework.web.filter.OncePerRequestFilter.doFilter(OncePerRequestFilter.java:116)
	at org.apache.catalina.core.ApplicationFilterChain.internalDoFilter(ApplicationFilterChain.java:174)
	at org.apache.catalina.core.ApplicationFilterChain.doFilter(ApplicationFilterChain.java:149)
	at org.apache.catalina.core.StandardWrapperValve.invoke(StandardWrapperValve.java:167)
	at org.apache.catalina.core.StandardContextValve.invoke(StandardContextValve.java:90)
	at org.apache.catalina.authenticator.AuthenticatorBase.invoke(AuthenticatorBase.java:482)
	at org.apache.catalina.core.StandardHostValve.invoke(StandardHostValve.java:115)
	at org.apache.catalina.valves.ErrorReportValve.invoke(ErrorReportValve.java:93)
	at org.apache.catalina.core.StandardEngineValve.invoke(StandardEngineValve.java:74)
	at org.apache.catalina.connector.CoyoteAdapter.service(CoyoteAdapter.java:340)
	at org.apache.coyote.http11.Http11Processor.service(Http11Processor.java:391)
	at org.apache.coyote.AbstractProcessorLight.process(AbstractProcessorLight.java:63)
	at org.apache.coyote.AbstractProtocol$ConnectionHandler.process(AbstractProtocol.java:896)
	at org.apache.tomcat.util.net.NioEndpoint$SocketProcessor.doRun(NioEndpoint.java:1744)
	at org.apache.tomcat.util.net.SocketProcessorBase.run(SocketProcessorBase.java:52)
	at org.apache.tomcat.util.threads.ThreadPoolExecutor.runWorker(ThreadPoolExecutor.java:1191)
	at org.apache.tomcat.util.threads.ThreadPoolExecutor$Worker.run(ThreadPoolExecutor.java:659)
	at org.apache.tomcat.util.threads.TaskThread$WrappingRunnable.run(TaskThread.java:61)
	at java.base/java.lang.Thread.run(Thread.java:840)
2025-11-26 15:45:51 [http-nio-8080-exec-2] DEBUG o.s.security.web.FilterChainProxy - Securing GET /error
2025-11-26 15:45:52 [http-nio-8080-exec-2] DEBUG o.s.s.w.c.HttpSessionSecurityContextRepository - Retrieved SecurityContextImpl [Authentication=UsernamePasswordAuthenticationToken [Principal=org.springframework.security.core.userdetails.User [Username=admin, Password=[PROTECTED], Enabled=true, AccountNonExpired=true, CredentialsNonExpired=true, AccountNonLocked=true, Granted Authorities=[ROLE_ADMIN]], Credentials=[PROTECTED], Authenticated=true, Details=WebAuthenticationDetails [RemoteIpAddress=0:0:0:0:0:0:0:1, SessionId=9A8B8C07162CDE1EDFB8B91B50B0456D], Granted Authorities=[ROLE_ADMIN]]]
2025-11-26 15:45:52 [http-nio-8080-exec-2] DEBUG o.s.security.web.FilterChainProxy - Secured GET /error
2025-11-26 15:45:52 [http-nio-8080-exec-2] ERROR org.thymeleaf.TemplateEngine - [THYMELEAF][http-nio-8080-exec-2] Exception processing template "error": Error resolving template [error], template might not exist or might not be accessible by any of the configured Template Resolvers
org.thymeleaf.exceptions.TemplateInputException: Error resolving template [error], template might not exist or might not be accessible by any of the configured Template Resolvers
	at org.thymeleaf.engine.TemplateManager.resolveTemplate(TemplateManager.java:869)
	at org.thymeleaf.engine.TemplateManager.parseAndProcess(TemplateManager.java:607)
	at org.thymeleaf.TemplateEngine.process(TemplateEngine.java:1103)
	at org.thymeleaf.TemplateEngine.process(TemplateEngine.java:1077)
	at org.thymeleaf.spring6.view.ThymeleafView.renderFragment(ThymeleafView.java:372)
	at org.thymeleaf.spring6.view.ThymeleafView.render(ThymeleafView.java:192)
	at org.springframework.web.servlet.DispatcherServlet.render(DispatcherServlet.java:1431)
	at org.springframework.web.servlet.DispatcherServlet.processDispatchResult(DispatcherServlet.java:1167)
	at org.springframework.web.servlet.DispatcherServlet.doDispatch(DispatcherServlet.java:1106)
	at org.springframework.web.servlet.DispatcherServlet.doService(DispatcherServlet.java:979)
	at org.springframework.web.servlet.FrameworkServlet.processRequest(FrameworkServlet.java:1014)
	at org.springframework.web.servlet.FrameworkServlet.doGet(FrameworkServlet.java:903)
	at jakarta.servlet.http.HttpServlet.service(HttpServlet.java:564)
	at org.springframework.web.servlet.FrameworkServlet.service(FrameworkServlet.java:885)
	at jakarta.servlet.http.HttpServlet.service(HttpServlet.java:658)
	at org.apache.catalina.core.ApplicationFilterChain.internalDoFilter(ApplicationFilterChain.java:205)
	at org.apache.catalina.core.ApplicationFilterChain.doFilter(ApplicationFilterChain.java:149)
	at org.springframework.security.web.FilterChainProxy.lambda$doFilterInternal$3(FilterChainProxy.java:231)
	at org.springframework.security.web.ObservationFilterChainDecorator$FilterObservation$SimpleFilterObservation.lambda$wrap$1(ObservationFilterChainDecorator.java:479)
	at org.springframework.security.web.ObservationFilterChainDecorator$AroundFilterObservation$SimpleAroundFilterObservation.lambda$wrap$1(ObservationFilterChainDecorator.java:340)
	at org.springframework.security.web.ObservationFilterChainDecorator.lambda$wrapSecured$0(ObservationFilterChainDecorator.java:82)
	at org.springframework.security.web.ObservationFilterChainDecorator$VirtualFilterChain.doFilter(ObservationFilterChainDecorator.java:128)
	at org.springframework.security.web.access.intercept.AuthorizationFilter.doFilter(AuthorizationFilter.java:100)
	at org.springframework.security.web.ObservationFilterChainDecorator$ObservationFilter.wrapFilter(ObservationFilterChainDecorator.java:240)
	at org.springframework.security.web.ObservationFilterChainDecorator$ObservationFilter.doFilter(ObservationFilterChainDecorator.java:227)
	at org.springframework.security.web.ObservationFilterChainDecorator$VirtualFilterChain.doFilter(ObservationFilterChainDecorator.java:137)
	at org.springframework.security.web.access.ExceptionTranslationFilter.doFilter(ExceptionTranslationFilter.java:126)
	at org.springframework.security.web.access.ExceptionTranslationFilter.doFilter(ExceptionTranslationFilter.java:120)
	at org.springframework.security.web.ObservationFilterChainDecorator$ObservationFilter.wrapFilter(ObservationFilterChainDecorator.java:240)
	at org.springframework.security.web.ObservationFilterChainDecorator$ObservationFilter.doFilter(ObservationFilterChainDecorator.java:227)
	at org.springframework.security.web.ObservationFilterChainDecorator$VirtualFilterChain.doFilter(ObservationFilterChainDecorator.java:137)
	at org.springframework.security.web.session.SessionManagementFilter.doFilter(SessionManagementFilter.java:91)
	at org.springframework.security.web.session.SessionManagementFilter.doFilter(SessionManagementFilter.java:85)
	at org.springframework.security.web.ObservationFilterChainDecorator$ObservationFilter.wrapFilter(ObservationFilterChainDecorator.java:240)
	at org.springframework.security.web.ObservationFilterChainDecorator$ObservationFilter.doFilter(ObservationFilterChainDecorator.java:227)
	at org.springframework.security.web.ObservationFilterChainDecorator$VirtualFilterChain.doFilter(ObservationFilterChainDecorator.java:137)
	at org.springframework.security.web.authentication.AnonymousAuthenticationFilter.doFilter(AnonymousAuthenticationFilter.java:100)
	at org.springframework.security.web.ObservationFilterChainDecorator$ObservationFilter.wrapFilter(ObservationFilterChainDecorator.java:240)
	at org.springframework.security.web.ObservationFilterChainDecorator$ObservationFilter.doFilter(ObservationFilterChainDecorator.java:227)
	at org.springframework.security.web.ObservationFilterChainDecorator$VirtualFilterChain.doFilter(ObservationFilterChainDecorator.java:137)
	at org.springframework.security.web.servletapi.SecurityContextHolderAwareRequestFilter.doFilter(SecurityContextHolderAwareRequestFilter.java:179)
	at org.springframework.security.web.ObservationFilterChainDecorator$ObservationFilter.wrapFilter(ObservationFilterChainDecorator.java:240)
	at org.springframework.security.web.ObservationFilterChainDecorator$ObservationFilter.doFilter(ObservationFilterChainDecorator.java:227)
	at org.springframework.security.web.ObservationFilterChainDecorator$VirtualFilterChain.doFilter(ObservationFilterChainDecorator.java:137)
	at org.springframework.security.web.savedrequest.RequestCacheAwareFilter.doFilter(RequestCacheAwareFilter.java:63)
	at org.springframework.security.web.ObservationFilterChainDecorator$ObservationFilter.wrapFilter(ObservationFilterChainDecorator.java:240)
	at org.springframework.security.web.ObservationFilterChainDecorator$ObservationFilter.doFilter(ObservationFilterChainDecorator.java:227)
	at org.springframework.security.web.ObservationFilterChainDecorator$VirtualFilterChain.doFilter(ObservationFilterChainDecorator.java:137)
	at org.springframework.security.web.session.ConcurrentSessionFilter.doFilter(ConcurrentSessionFilter.java:151)
	at org.springframework.security.web.session.ConcurrentSessionFilter.doFilter(ConcurrentSessionFilter.java:129)
	at org.springframework.security.web.ObservationFilterChainDecorator$ObservationFilter.wrapFilter(ObservationFilterChainDecorator.java:240)
	at org.springframework.security.web.ObservationFilterChainDecorator$ObservationFilter.doFilter(ObservationFilterChainDecorator.java:227)
	at org.springframework.security.web.ObservationFilterChainDecorator$VirtualFilterChain.doFilter(ObservationFilterChainDecorator.java:137)
	at org.springframework.security.web.authentication.AbstractAuthenticationProcessingFilter.doFilter(AbstractAuthenticationProcessingFilter.java:227)
	at org.springframework.security.web.authentication.AbstractAuthenticationProcessingFilter.doFilter(AbstractAuthenticationProcessingFilter.java:221)
	at org.springframework.security.web.ObservationFilterChainDecorator$ObservationFilter.wrapFilter(ObservationFilterChainDecorator.java:240)
	at org.springframework.security.web.ObservationFilterChainDecorator$ObservationFilter.doFilter(ObservationFilterChainDecorator.java:227)
	at org.springframework.security.web.ObservationFilterChainDecorator$VirtualFilterChain.doFilter(ObservationFilterChainDecorator.java:137)
	at org.springframework.security.web.authentication.logout.LogoutFilter.doFilter(LogoutFilter.java:107)
	at org.springframework.security.web.authentication.logout.LogoutFilter.doFilter(LogoutFilter.java:93)
	at org.springframework.security.web.ObservationFilterChainDecorator$ObservationFilter.wrapFilter(ObservationFilterChainDecorator.java:240)
	at org.springframework.security.web.ObservationFilterChainDecorator$ObservationFilter.doFilter(ObservationFilterChainDecorator.java:227)
	at org.springframework.security.web.ObservationFilterChainDecorator$VirtualFilterChain.doFilter(ObservationFilterChainDecorator.java:137)
	at org.springframework.web.filter.OncePerRequestFilter.doFilter(OncePerRequestFilter.java:101)
	at org.springframework.security.web.ObservationFilterChainDecorator$ObservationFilter.wrapFilter(ObservationFilterChainDecorator.java:240)
	at org.springframework.security.web.ObservationFilterChainDecorator$ObservationFilter.doFilter(ObservationFilterChainDecorator.java:227)
	at org.springframework.security.web.ObservationFilterChainDecorator$VirtualFilterChain.doFilter(ObservationFilterChainDecorator.java:137)
	at org.springframework.web.filter.OncePerRequestFilter.doFilter(OncePerRequestFilter.java:101)
	at org.springframework.security.web.ObservationFilterChainDecorator$ObservationFilter.wrapFilter(ObservationFilterChainDecorator.java:240)
	at org.springframework.security.web.ObservationFilterChainDecorator$ObservationFilter.doFilter(ObservationFilterChainDecorator.java:227)
	at org.springframework.security.web.ObservationFilterChainDecorator$VirtualFilterChain.doFilter(ObservationFilterChainDecorator.java:137)
	at org.springframework.security.web.context.SecurityContextHolderFilter.doFilter(SecurityContextHolderFilter.java:82)
	at org.springframework.security.web.context.SecurityContextHolderFilter.doFilter(SecurityContextHolderFilter.java:69)
	at org.springframework.security.web.ObservationFilterChainDecorator$ObservationFilter.wrapFilter(ObservationFilterChainDecorator.java:240)
	at org.springframework.security.web.ObservationFilterChainDecorator$ObservationFilter.doFilter(ObservationFilterChainDecorator.java:227)
	at org.springframework.security.web.ObservationFilterChainDecorator$VirtualFilterChain.doFilter(ObservationFilterChainDecorator.java:137)
	at org.springframework.web.filter.OncePerRequestFilter.doFilter(OncePerRequestFilter.java:101)
	at org.springframework.security.web.ObservationFilterChainDecorator$ObservationFilter.wrapFilter(ObservationFilterChainDecorator.java:240)
	at org.springframework.security.web.ObservationFilterChainDecorator$ObservationFilter.doFilter(ObservationFilterChainDecorator.java:227)
	at org.springframework.security.web.ObservationFilterChainDecorator$VirtualFilterChain.doFilter(ObservationFilterChainDecorator.java:137)
	at org.springframework.web.filter.OncePerRequestFilter.doFilter(OncePerRequestFilter.java:101)
	at org.springframework.security.web.ObservationFilterChainDecorator$ObservationFilter.wrapFilter(ObservationFilterChainDecorator.java:240)
	at org.springframework.security.web.ObservationFilterChainDecorator$AroundFilterObservation$SimpleAroundFilterObservation.lambda$wrap$0(ObservationFilterChainDecorator.java:323)
	at org.springframework.security.web.ObservationFilterChainDecorator$ObservationFilter.doFilter(ObservationFilterChainDecorator.java:224)
	at org.springframework.security.web.ObservationFilterChainDecorator$VirtualFilterChain.doFilter(ObservationFilterChainDecorator.java:137)
	at org.springframework.security.web.FilterChainProxy.doFilterInternal(FilterChainProxy.java:233)
	at org.springframework.security.web.FilterChainProxy.doFilter(FilterChainProxy.java:191)
	at org.springframework.web.filter.DelegatingFilterProxy.invokeDelegate(DelegatingFilterProxy.java:352)
	at org.springframework.web.filter.DelegatingFilterProxy.doFilter(DelegatingFilterProxy.java:268)
	at org.apache.catalina.core.ApplicationFilterChain.internalDoFilter(ApplicationFilterChain.java:174)
	at org.apache.catalina.core.ApplicationFilterChain.doFilter(ApplicationFilterChain.java:149)
	at org.springframework.web.filter.RequestContextFilter.doFilterInternal(RequestContextFilter.java:100)
	at org.springframework.web.filter.OncePerRequestFilter.doFilter(OncePerRequestFilter.java:116)
	at org.apache.catalina.core.ApplicationFilterChain.internalDoFilter(ApplicationFilterChain.java:174)
	at org.apache.catalina.core.ApplicationFilterChain.doFilter(ApplicationFilterChain.java:149)
	at org.springframework.web.filter.OncePerRequestFilter.doFilter(OncePerRequestFilter.java:101)
	at org.apache.catalina.core.ApplicationFilterChain.internalDoFilter(ApplicationFilterChain.java:174)
	at org.apache.catalina.core.ApplicationFilterChain.doFilter(ApplicationFilterChain.java:149)
	at org.springframework.web.filter.OncePerRequestFilter.doFilter(OncePerRequestFilter.java:101)
	at org.apache.catalina.core.ApplicationFilterChain.internalDoFilter(ApplicationFilterChain.java:174)
	at org.apache.catalina.core.ApplicationFilterChain.doFilter(ApplicationFilterChain.java:149)
	at org.apache.catalina.core.ApplicationDispatcher.invoke(ApplicationDispatcher.java:642)
	at org.apache.catalina.core.ApplicationDispatcher.processRequest(ApplicationDispatcher.java:410)
	at org.apache.catalina.core.ApplicationDispatcher.doForward(ApplicationDispatcher.java:340)
	at org.apache.catalina.core.ApplicationDispatcher.forward(ApplicationDispatcher.java:277)
	at org.apache.catalina.core.StandardHostValve.custom(StandardHostValve.java:362)
	at org.apache.catalina.core.StandardHostValve.status(StandardHostValve.java:222)
	at org.apache.catalina.core.StandardHostValve.throwable(StandardHostValve.java:308)
	at org.apache.catalina.core.StandardHostValve.invoke(StandardHostValve.java:149)
	at org.apache.catalina.valves.ErrorReportValve.invoke(ErrorReportValve.java:93)
	at org.apache.catalina.core.StandardEngineValve.invoke(StandardEngineValve.java:74)
	at org.apache.catalina.connector.CoyoteAdapter.service(CoyoteAdapter.java:340)
	at org.apache.coyote.http11.Http11Processor.service(Http11Processor.java:391)
	at org.apache.coyote.AbstractProcessorLight.process(AbstractProcessorLight.java:63)
	at org.apache.coyote.AbstractProtocol$ConnectionHandler.process(AbstractProtocol.java:896)
	at org.apache.tomcat.util.net.NioEndpoint$SocketProcessor.doRun(NioEndpoint.java:1744)
	at org.apache.tomcat.util.net.SocketProcessorBase.run(SocketProcessorBase.java:52)
	at org.apache.tomcat.util.threads.ThreadPoolExecutor.runWorker(ThreadPoolExecutor.java:1191)
	at org.apache.tomcat.util.threads.ThreadPoolExecutor$Worker.run(ThreadPoolExecutor.java:659)
	at org.apache.tomcat.util.threads.TaskThread$WrappingRunnable.run(TaskThread.java:61)
	at java.base/java.lang.Thread.run(Thread.java:840)
2025-11-26 15:45:52 [http-nio-8080-exec-2] ERROR o.a.c.c.C.[.[.[.[dispatcherServlet] - Servlet.service() for servlet [dispatcherServlet] threw exception
org.thymeleaf.exceptions.TemplateInputException: Error resolving template [error], template might not exist or might not be accessible by any of the configured Template Resolvers
	at org.thymeleaf.engine.TemplateManager.resolveTemplate(TemplateManager.java:869)
	at org.thymeleaf.engine.TemplateManager.parseAndProcess(TemplateManager.java:607)
	at org.thymeleaf.TemplateEngine.process(TemplateEngine.java:1103)
	at org.thymeleaf.TemplateEngine.process(TemplateEngine.java:1077)
	at org.thymeleaf.spring6.view.ThymeleafView.renderFragment(ThymeleafView.java:372)
	at org.thymeleaf.spring6.view.ThymeleafView.render(ThymeleafView.java:192)
	at org.springframework.web.servlet.DispatcherServlet.render(DispatcherServlet.java:1431)
	at org.springframework.web.servlet.DispatcherServlet.processDispatchResult(DispatcherServlet.java:1167)
	at org.springframework.web.servlet.DispatcherServlet.doDispatch(DispatcherServlet.java:1106)
	at org.springframework.web.servlet.DispatcherServlet.doService(DispatcherServlet.java:979)
	at org.springframework.web.servlet.FrameworkServlet.processRequest(FrameworkServlet.java:1014)
	at org.springframework.web.servlet.FrameworkServlet.doGet(FrameworkServlet.java:903)
	at jakarta.servlet.http.HttpServlet.service(HttpServlet.java:564)
	at org.springframework.web.servlet.FrameworkServlet.service(FrameworkServlet.java:885)
	at jakarta.servlet.http.HttpServlet.service(HttpServlet.java:658)
	at org.apache.catalina.core.ApplicationFilterChain.internalDoFilter(ApplicationFilterChain.java:205)
	at org.apache.catalina.core.ApplicationFilterChain.doFilter(ApplicationFilterChain.java:149)
	at org.springframework.security.web.FilterChainProxy.lambda$doFilterInternal$3(FilterChainProxy.java:231)
	at org.springframework.security.web.ObservationFilterChainDecorator$FilterObservation$SimpleFilterObservation.lambda$wrap$1(ObservationFilterChainDecorator.java:479)
	at org.springframework.security.web.ObservationFilterChainDecorator$AroundFilterObservation$SimpleAroundFilterObservation.lambda$wrap$1(ObservationFilterChainDecorator.java:340)
	at org.springframework.security.web.ObservationFilterChainDecorator.lambda$wrapSecured$0(ObservationFilterChainDecorator.java:82)
	at org.springframework.security.web.ObservationFilterChainDecorator$VirtualFilterChain.doFilter(ObservationFilterChainDecorator.java:128)
	at org.springframework.security.web.access.intercept.AuthorizationFilter.doFilter(AuthorizationFilter.java:100)
	at org.springframework.security.web.ObservationFilterChainDecorator$ObservationFilter.wrapFilter(ObservationFilterChainDecorator.java:240)
	at org.springframework.security.web.ObservationFilterChainDecorator$ObservationFilter.doFilter(ObservationFilterChainDecorator.java:227)
	at org.springframework.security.web.ObservationFilterChainDecorator$VirtualFilterChain.doFilter(ObservationFilterChainDecorator.java:137)
	at org.springframework.security.web.access.ExceptionTranslationFilter.doFilter(ExceptionTranslationFilter.java:126)
	at org.springframework.security.web.access.ExceptionTranslationFilter.doFilter(ExceptionTranslationFilter.java:120)
	at org.springframework.security.web.ObservationFilterChainDecorator$ObservationFilter.wrapFilter(ObservationFilterChainDecorator.java:240)
	at org.springframework.security.web.ObservationFilterChainDecorator$ObservationFilter.doFilter(ObservationFilterChainDecorator.java:227)
	at org.springframework.security.web.ObservationFilterChainDecorator$VirtualFilterChain.doFilter(ObservationFilterChainDecorator.java:137)
	at org.springframework.security.web.session.SessionManagementFilter.doFilter(SessionManagementFilter.java:91)
	at org.springframework.security.web.session.SessionManagementFilter.doFilter(SessionManagementFilter.java:85)
	at org.springframework.security.web.ObservationFilterChainDecorator$ObservationFilter.wrapFilter(ObservationFilterChainDecorator.java:240)
	at org.springframework.security.web.ObservationFilterChainDecorator$ObservationFilter.doFilter(ObservationFilterChainDecorator.java:227)
	at org.springframework.security.web.ObservationFilterChainDecorator$VirtualFilterChain.doFilter(ObservationFilterChainDecorator.java:137)
	at org.springframework.security.web.authentication.AnonymousAuthenticationFilter.doFilter(AnonymousAuthenticationFilter.java:100)
	at org.springframework.security.web.ObservationFilterChainDecorator$ObservationFilter.wrapFilter(ObservationFilterChainDecorator.java:240)
	at org.springframework.security.web.ObservationFilterChainDecorator$ObservationFilter.doFilter(ObservationFilterChainDecorator.java:227)
	at org.springframework.security.web.ObservationFilterChainDecorator$VirtualFilterChain.doFilter(ObservationFilterChainDecorator.java:137)
	at org.springframework.security.web.servletapi.SecurityContextHolderAwareRequestFilter.doFilter(SecurityContextHolderAwareRequestFilter.java:179)
	at org.springframework.security.web.ObservationFilterChainDecorator$ObservationFilter.wrapFilter(ObservationFilterChainDecorator.java:240)
	at org.springframework.security.web.ObservationFilterChainDecorator$ObservationFilter.doFilter(ObservationFilterChainDecorator.java:227)
	at org.springframework.security.web.ObservationFilterChainDecorator$VirtualFilterChain.doFilter(ObservationFilterChainDecorator.java:137)
	at org.springframework.security.web.savedrequest.RequestCacheAwareFilter.doFilter(RequestCacheAwareFilter.java:63)
	at org.springframework.security.web.ObservationFilterChainDecorator$ObservationFilter.wrapFilter(ObservationFilterChainDecorator.java:240)
	at org.springframework.security.web.ObservationFilterChainDecorator$ObservationFilter.doFilter(ObservationFilterChainDecorator.java:227)
	at org.springframework.security.web.ObservationFilterChainDecorator$VirtualFilterChain.doFilter(ObservationFilterChainDecorator.java:137)
	at org.springframework.security.web.session.ConcurrentSessionFilter.doFilter(ConcurrentSessionFilter.java:151)
	at org.springframework.security.web.session.ConcurrentSessionFilter.doFilter(ConcurrentSessionFilter.java:129)
	at org.springframework.security.web.ObservationFilterChainDecorator$ObservationFilter.wrapFilter(ObservationFilterChainDecorator.java:240)
	at org.springframework.security.web.ObservationFilterChainDecorator$ObservationFilter.doFilter(ObservationFilterChainDecorator.java:227)
	at org.springframework.security.web.ObservationFilterChainDecorator$VirtualFilterChain.doFilter(ObservationFilterChainDecorator.java:137)
	at org.springframework.security.web.authentication.AbstractAuthenticationProcessingFilter.doFilter(AbstractAuthenticationProcessingFilter.java:227)
	at org.springframework.security.web.authentication.AbstractAuthenticationProcessingFilter.doFilter(AbstractAuthenticationProcessingFilter.java:221)
	at org.springframework.security.web.ObservationFilterChainDecorator$ObservationFilter.wrapFilter(ObservationFilterChainDecorator.java:240)
	at org.springframework.security.web.ObservationFilterChainDecorator$ObservationFilter.doFilter(ObservationFilterChainDecorator.java:227)
	at org.springframework.security.web.ObservationFilterChainDecorator$VirtualFilterChain.doFilter(ObservationFilterChainDecorator.java:137)
	at org.springframework.security.web.authentication.logout.LogoutFilter.doFilter(LogoutFilter.java:107)
	at org.springframework.security.web.authentication.logout.LogoutFilter.doFilter(LogoutFilter.java:93)
	at org.springframework.security.web.ObservationFilterChainDecorator$ObservationFilter.wrapFilter(ObservationFilterChainDecorator.java:240)
	at org.springframework.security.web.ObservationFilterChainDecorator$ObservationFilter.doFilter(ObservationFilterChainDecorator.java:227)
	at org.springframework.security.web.ObservationFilterChainDecorator$VirtualFilterChain.doFilter(ObservationFilterChainDecorator.java:137)
	at org.springframework.web.filter.OncePerRequestFilter.doFilter(OncePerRequestFilter.java:101)
	at org.springframework.security.web.ObservationFilterChainDecorator$ObservationFilter.wrapFilter(ObservationFilterChainDecorator.java:240)
	at org.springframework.security.web.ObservationFilterChainDecorator$ObservationFilter.doFilter(ObservationFilterChainDecorator.java:227)
	at org.springframework.security.web.ObservationFilterChainDecorator$VirtualFilterChain.doFilter(ObservationFilterChainDecorator.java:137)
	at org.springframework.web.filter.OncePerRequestFilter.doFilter(OncePerRequestFilter.java:101)
	at org.springframework.security.web.ObservationFilterChainDecorator$ObservationFilter.wrapFilter(ObservationFilterChainDecorator.java:240)
	at org.springframework.security.web.ObservationFilterChainDecorator$ObservationFilter.doFilter(ObservationFilterChainDecorator.java:227)
	at org.springframework.security.web.ObservationFilterChainDecorator$VirtualFilterChain.doFilter(ObservationFilterChainDecorator.java:137)
	at org.springframework.security.web.context.SecurityContextHolderFilter.doFilter(SecurityContextHolderFilter.java:82)
	at org.springframework.security.web.context.SecurityContextHolderFilter.doFilter(SecurityContextHolderFilter.java:69)
	at org.springframework.security.web.ObservationFilterChainDecorator$ObservationFilter.wrapFilter(ObservationFilterChainDecorator.java:240)
	at org.springframework.security.web.ObservationFilterChainDecorator$ObservationFilter.doFilter(ObservationFilterChainDecorator.java:227)
	at org.springframework.security.web.ObservationFilterChainDecorator$VirtualFilterChain.doFilter(ObservationFilterChainDecorator.java:137)
	at org.springframework.web.filter.OncePerRequestFilter.doFilter(OncePerRequestFilter.java:101)
	at org.springframework.security.web.ObservationFilterChainDecorator$ObservationFilter.wrapFilter(ObservationFilterChainDecorator.java:240)
	at org.springframework.security.web.ObservationFilterChainDecorator$ObservationFilter.doFilter(ObservationFilterChainDecorator.java:227)
	at org.springframework.security.web.ObservationFilterChainDecorator$VirtualFilterChain.doFilter(ObservationFilterChainDecorator.java:137)
	at org.springframework.web.filter.OncePerRequestFilter.doFilter(OncePerRequestFilter.java:101)
	at org.springframework.security.web.ObservationFilterChainDecorator$ObservationFilter.wrapFilter(ObservationFilterChainDecorator.java:240)
	at org.springframework.security.web.ObservationFilterChainDecorator$AroundFilterObservation$SimpleAroundFilterObservation.lambda$wrap$0(ObservationFilterChainDecorator.java:323)
	at org.springframework.security.web.ObservationFilterChainDecorator$ObservationFilter.doFilter(ObservationFilterChainDecorator.java:224)
	at org.springframework.security.web.ObservationFilterChainDecorator$VirtualFilterChain.doFilter(ObservationFilterChainDecorator.java:137)
	at org.springframework.security.web.FilterChainProxy.doFilterInternal(FilterChainProxy.java:233)
	at org.springframework.security.web.FilterChainProxy.doFilter(FilterChainProxy.java:191)
	at org.springframework.web.filter.DelegatingFilterProxy.invokeDelegate(DelegatingFilterProxy.java:352)
	at org.springframework.web.filter.DelegatingFilterProxy.doFilter(DelegatingFilterProxy.java:268)
	at org.apache.catalina.core.ApplicationFilterChain.internalDoFilter(ApplicationFilterChain.java:174)
	at org.apache.catalina.core.ApplicationFilterChain.doFilter(ApplicationFilterChain.java:149)
	at org.springframework.web.filter.RequestContextFilter.doFilterInternal(RequestContextFilter.java:100)
	at org.springframework.web.filter.OncePerRequestFilter.doFilter(OncePerRequestFilter.java:116)
	at org.apache.catalina.core.ApplicationFilterChain.internalDoFilter(ApplicationFilterChain.java:174)
	at org.apache.catalina.core.ApplicationFilterChain.doFilter(ApplicationFilterChain.java:149)
	at org.springframework.web.filter.OncePerRequestFilter.doFilter(OncePerRequestFilter.java:101)
	at org.apache.catalina.core.ApplicationFilterChain.internalDoFilter(ApplicationFilterChain.java:174)
	at org.apache.catalina.core.ApplicationFilterChain.doFilter(ApplicationFilterChain.java:149)
	at org.springframework.web.filter.OncePerRequestFilter.doFilter(OncePerRequestFilter.java:101)
	at org.apache.catalina.core.ApplicationFilterChain.internalDoFilter(ApplicationFilterChain.java:174)
	at org.apache.catalina.core.ApplicationFilterChain.doFilter(ApplicationFilterChain.java:149)
	at org.apache.catalina.core.ApplicationDispatcher.invoke(ApplicationDispatcher.java:642)
	at org.apache.catalina.core.ApplicationDispatcher.processRequest(ApplicationDispatcher.java:410)
	at org.apache.catalina.core.ApplicationDispatcher.doForward(ApplicationDispatcher.java:340)
	at org.apache.catalina.core.ApplicationDispatcher.forward(ApplicationDispatcher.java:277)
	at org.apache.catalina.core.StandardHostValve.custom(StandardHostValve.java:362)
	at org.apache.catalina.core.StandardHostValve.status(StandardHostValve.java:222)
	at org.apache.catalina.core.StandardHostValve.throwable(StandardHostValve.java:308)
	at org.apache.catalina.core.StandardHostValve.invoke(StandardHostValve.java:149)
	at org.apache.catalina.valves.ErrorReportValve.invoke(ErrorReportValve.java:93)
	at org.apache.catalina.core.StandardEngineValve.invoke(StandardEngineValve.java:74)
	at org.apache.catalina.connector.CoyoteAdapter.service(CoyoteAdapter.java:340)
	at org.apache.coyote.http11.Http11Processor.service(Http11Processor.java:391)
	at org.apache.coyote.AbstractProcessorLight.process(AbstractProcessorLight.java:63)
	at org.apache.coyote.AbstractProtocol$ConnectionHandler.process(AbstractProtocol.java:896)
	at org.apache.tomcat.util.net.NioEndpoint$SocketProcessor.doRun(NioEndpoint.java:1744)
	at org.apache.tomcat.util.net.SocketProcessorBase.run(SocketProcessorBase.java:52)
	at org.apache.tomcat.util.threads.ThreadPoolExecutor.runWorker(ThreadPoolExecutor.java:1191)
	at org.apache.tomcat.util.threads.ThreadPoolExecutor$Worker.run(ThreadPoolExecutor.java:659)
	at org.apache.tomcat.util.threads.TaskThread$WrappingRunnable.run(TaskThread.java:61)
	at java.base/java.lang.Thread.run(Thread.java:840)
2025-11-26 15:45:52 [http-nio-8080-exec-2] ERROR o.a.c.c.C.[Tomcat].[localhost] - Exception Processing ErrorPage[errorCode=0, location=/error]
jakarta.servlet.ServletException: Request processing failed: org.thymeleaf.exceptions.TemplateInputException: Error resolving template [error], template might not exist or might not be accessible by any of the configured Template Resolvers
	at org.springframework.web.servlet.FrameworkServlet.processRequest(FrameworkServlet.java:1022)
	at org.springframework.web.servlet.FrameworkServlet.doGet(FrameworkServlet.java:903)
	at jakarta.servlet.http.HttpServlet.service(HttpServlet.java:564)
	at org.springframework.web.servlet.FrameworkServlet.service(FrameworkServlet.java:885)
	at jakarta.servlet.http.HttpServlet.service(HttpServlet.java:658)
	at org.apache.catalina.core.ApplicationFilterChain.internalDoFilter(ApplicationFilterChain.java:205)
	at org.apache.catalina.core.ApplicationFilterChain.doFilter(ApplicationFilterChain.java:149)
	at org.springframework.security.web.FilterChainProxy.lambda$doFilterInternal$3(FilterChainProxy.java:231)
	at org.springframework.security.web.ObservationFilterChainDecorator$FilterObservation$SimpleFilterObservation.lambda$wrap$1(ObservationFilterChainDecorator.java:479)
	at org.springframework.security.web.ObservationFilterChainDecorator$AroundFilterObservation$SimpleAroundFilterObservation.lambda$wrap$1(ObservationFilterChainDecorator.java:340)
	at org.springframework.security.web.ObservationFilterChainDecorator.lambda$wrapSecured$0(ObservationFilterChainDecorator.java:82)
	at org.springframework.security.web.ObservationFilterChainDecorator$VirtualFilterChain.doFilter(ObservationFilterChainDecorator.java:128)
	at org.springframework.security.web.access.intercept.AuthorizationFilter.doFilter(AuthorizationFilter.java:100)
	at org.springframework.security.web.ObservationFilterChainDecorator$ObservationFilter.wrapFilter(ObservationFilterChainDecorator.java:240)
	at org.springframework.security.web.ObservationFilterChainDecorator$ObservationFilter.doFilter(ObservationFilterChainDecorator.java:227)
	at org.springframework.security.web.ObservationFilterChainDecorator$VirtualFilterChain.doFilter(ObservationFilterChainDecorator.java:137)
	at org.springframework.security.web.access.ExceptionTranslationFilter.doFilter(ExceptionTranslationFilter.java:126)
	at org.springframework.security.web.access.ExceptionTranslationFilter.doFilter(ExceptionTranslationFilter.java:120)
	at org.springframework.security.web.ObservationFilterChainDecorator$ObservationFilter.wrapFilter(ObservationFilterChainDecorator.java:240)
	at org.springframework.security.web.ObservationFilterChainDecorator$ObservationFilter.doFilter(ObservationFilterChainDecorator.java:227)
	at org.springframework.security.web.ObservationFilterChainDecorator$VirtualFilterChain.doFilter(ObservationFilterChainDecorator.java:137)
	at org.springframework.security.web.session.SessionManagementFilter.doFilter(SessionManagementFilter.java:91)
	at org.springframework.security.web.session.SessionManagementFilter.doFilter(SessionManagementFilter.java:85)
	at org.springframework.security.web.ObservationFilterChainDecorator$ObservationFilter.wrapFilter(ObservationFilterChainDecorator.java:240)
	at org.springframework.security.web.ObservationFilterChainDecorator$ObservationFilter.doFilter(ObservationFilterChainDecorator.java:227)
	at org.springframework.security.web.ObservationFilterChainDecorator$VirtualFilterChain.doFilter(ObservationFilterChainDecorator.java:137)
	at org.springframework.security.web.authentication.AnonymousAuthenticationFilter.doFilter(AnonymousAuthenticationFilter.java:100)
	at org.springframework.security.web.ObservationFilterChainDecorator$ObservationFilter.wrapFilter(ObservationFilterChainDecorator.java:240)
	at org.springframework.security.web.ObservationFilterChainDecorator$ObservationFilter.doFilter(ObservationFilterChainDecorator.java:227)
	at org.springframework.security.web.ObservationFilterChainDecorator$VirtualFilterChain.doFilter(ObservationFilterChainDecorator.java:137)
	at org.springframework.security.web.servletapi.SecurityContextHolderAwareRequestFilter.doFilter(SecurityContextHolderAwareRequestFilter.java:179)
	at org.springframework.security.web.ObservationFilterChainDecorator$ObservationFilter.wrapFilter(ObservationFilterChainDecorator.java:240)
	at org.springframework.security.web.ObservationFilterChainDecorator$ObservationFilter.doFilter(ObservationFilterChainDecorator.java:227)
	at org.springframework.security.web.ObservationFilterChainDecorator$VirtualFilterChain.doFilter(ObservationFilterChainDecorator.java:137)
	at org.springframework.security.web.savedrequest.RequestCacheAwareFilter.doFilter(RequestCacheAwareFilter.java:63)
	at org.springframework.security.web.ObservationFilterChainDecorator$ObservationFilter.wrapFilter(ObservationFilterChainDecorator.java:240)
	at org.springframework.security.web.ObservationFilterChainDecorator$ObservationFilter.doFilter(ObservationFilterChainDecorator.java:227)
	at org.springframework.security.web.ObservationFilterChainDecorator$VirtualFilterChain.doFilter(ObservationFilterChainDecorator.java:137)
	at org.springframework.security.web.session.ConcurrentSessionFilter.doFilter(ConcurrentSessionFilter.java:151)
	at org.springframework.security.web.session.ConcurrentSessionFilter.doFilter(ConcurrentSessionFilter.java:129)
	at org.springframework.security.web.ObservationFilterChainDecorator$ObservationFilter.wrapFilter(ObservationFilterChainDecorator.java:240)
	at org.springframework.security.web.ObservationFilterChainDecorator$ObservationFilter.doFilter(ObservationFilterChainDecorator.java:227)
	at org.springframework.security.web.ObservationFilterChainDecorator$VirtualFilterChain.doFilter(ObservationFilterChainDecorator.java:137)
	at org.springframework.security.web.authentication.AbstractAuthenticationProcessingFilter.doFilter(AbstractAuthenticationProcessingFilter.java:227)
	at org.springframework.security.web.authentication.AbstractAuthenticationProcessingFilter.doFilter(AbstractAuthenticationProcessingFilter.java:221)
	at org.springframework.security.web.ObservationFilterChainDecorator$ObservationFilter.wrapFilter(ObservationFilterChainDecorator.java:240)
	at org.springframework.security.web.ObservationFilterChainDecorator$ObservationFilter.doFilter(ObservationFilterChainDecorator.java:227)
	at org.springframework.security.web.ObservationFilterChainDecorator$VirtualFilterChain.doFilter(ObservationFilterChainDecorator.java:137)
	at org.springframework.security.web.authentication.logout.LogoutFilter.doFilter(LogoutFilter.java:107)
	at org.springframework.security.web.authentication.logout.LogoutFilter.doFilter(LogoutFilter.java:93)
	at org.springframework.security.web.ObservationFilterChainDecorator$ObservationFilter.wrapFilter(ObservationFilterChainDecorator.java:240)
	at org.springframework.security.web.ObservationFilterChainDecorator$ObservationFilter.doFilter(ObservationFilterChainDecorator.java:227)
	at org.springframework.security.web.ObservationFilterChainDecorator$VirtualFilterChain.doFilter(ObservationFilterChainDecorator.java:137)
	at org.springframework.web.filter.OncePerRequestFilter.doFilter(OncePerRequestFilter.java:101)
	at org.springframework.security.web.ObservationFilterChainDecorator$ObservationFilter.wrapFilter(ObservationFilterChainDecorator.java:240)
	at org.springframework.security.web.ObservationFilterChainDecorator$ObservationFilter.doFilter(ObservationFilterChainDecorator.java:227)
	at org.springframework.security.web.ObservationFilterChainDecorator$VirtualFilterChain.doFilter(ObservationFilterChainDecorator.java:137)
	at org.springframework.web.filter.OncePerRequestFilter.doFilter(OncePerRequestFilter.java:101)
	at org.springframework.security.web.ObservationFilterChainDecorator$ObservationFilter.wrapFilter(ObservationFilterChainDecorator.java:240)
	at org.springframework.security.web.ObservationFilterChainDecorator$ObservationFilter.doFilter(ObservationFilterChainDecorator.java:227)
	at org.springframework.security.web.ObservationFilterChainDecorator$VirtualFilterChain.doFilter(ObservationFilterChainDecorator.java:137)
	at org.springframework.security.web.context.SecurityContextHolderFilter.doFilter(SecurityContextHolderFilter.java:82)
	at org.springframework.security.web.context.SecurityContextHolderFilter.doFilter(SecurityContextHolderFilter.java:69)
	at org.springframework.security.web.ObservationFilterChainDecorator$ObservationFilter.wrapFilter(ObservationFilterChainDecorator.java:240)
	at org.springframework.security.web.ObservationFilterChainDecorator$ObservationFilter.doFilter(ObservationFilterChainDecorator.java:227)
	at org.springframework.security.web.ObservationFilterChainDecorator$VirtualFilterChain.doFilter(ObservationFilterChainDecorator.java:137)
	at org.springframework.web.filter.OncePerRequestFilter.doFilter(OncePerRequestFilter.java:101)
	at org.springframework.security.web.ObservationFilterChainDecorator$ObservationFilter.wrapFilter(ObservationFilterChainDecorator.java:240)
	at org.springframework.security.web.ObservationFilterChainDecorator$ObservationFilter.doFilter(ObservationFilterChainDecorator.java:227)
	at org.springframework.security.web.ObservationFilterChainDecorator$VirtualFilterChain.doFilter(ObservationFilterChainDecorator.java:137)
	at org.springframework.web.filter.OncePerRequestFilter.doFilter(OncePerRequestFilter.java:101)
	at org.springframework.security.web.ObservationFilterChainDecorator$ObservationFilter.wrapFilter(ObservationFilterChainDecorator.java:240)
	at org.springframework.security.web.ObservationFilterChainDecorator$AroundFilterObservation$SimpleAroundFilterObservation.lambda$wrap$0(ObservationFilterChainDecorator.java:323)
	at org.springframework.security.web.ObservationFilterChainDecorator$ObservationFilter.doFilter(ObservationFilterChainDecorator.java:224)
	at org.springframework.security.web.ObservationFilterChainDecorator$VirtualFilterChain.doFilter(ObservationFilterChainDecorator.java:137)
	at org.springframework.security.web.FilterChainProxy.doFilterInternal(FilterChainProxy.java:233)
	at org.springframework.security.web.FilterChainProxy.doFilter(FilterChainProxy.java:191)
	at org.springframework.web.filter.DelegatingFilterProxy.invokeDelegate(DelegatingFilterProxy.java:352)
	at org.springframework.web.filter.DelegatingFilterProxy.doFilter(DelegatingFilterProxy.java:268)
	at org.apache.catalina.core.ApplicationFilterChain.internalDoFilter(ApplicationFilterChain.java:174)
	at org.apache.catalina.core.ApplicationFilterChain.doFilter(ApplicationFilterChain.java:149)
	at org.springframework.web.filter.RequestContextFilter.doFilterInternal(RequestContextFilter.java:100)
	at org.springframework.web.filter.OncePerRequestFilter.doFilter(OncePerRequestFilter.java:116)
	at org.apache.catalina.core.ApplicationFilterChain.internalDoFilter(ApplicationFilterChain.java:174)
	at org.apache.catalina.core.ApplicationFilterChain.doFilter(ApplicationFilterChain.java:149)
	at org.springframework.web.filter.OncePerRequestFilter.doFilter(OncePerRequestFilter.java:101)
	at org.apache.catalina.core.ApplicationFilterChain.internalDoFilter(ApplicationFilterChain.java:174)
	at org.apache.catalina.core.ApplicationFilterChain.doFilter(ApplicationFilterChain.java:149)
	at org.springframework.web.filter.OncePerRequestFilter.doFilter(OncePerRequestFilter.java:101)
	at org.apache.catalina.core.ApplicationFilterChain.internalDoFilter(ApplicationFilterChain.java:174)
	at org.apache.catalina.core.ApplicationFilterChain.doFilter(ApplicationFilterChain.java:149)
	at org.apache.catalina.core.ApplicationDispatcher.invoke(ApplicationDispatcher.java:642)
	at org.apache.catalina.core.ApplicationDispatcher.processRequest(ApplicationDispatcher.java:410)
	at org.apache.catalina.core.ApplicationDispatcher.doForward(ApplicationDispatcher.java:340)
	at org.apache.catalina.core.ApplicationDispatcher.forward(ApplicationDispatcher.java:277)
	at org.apache.catalina.core.StandardHostValve.custom(StandardHostValve.java:362)
	at org.apache.catalina.core.StandardHostValve.status(StandardHostValve.java:222)
	at org.apache.catalina.core.StandardHostValve.throwable(StandardHostValve.java:308)
	at org.apache.catalina.core.StandardHostValve.invoke(StandardHostValve.java:149)
	at org.apache.catalina.valves.ErrorReportValve.invoke(ErrorReportValve.java:93)
	at org.apache.catalina.core.StandardEngineValve.invoke(StandardEngineValve.java:74)
	at org.apache.catalina.connector.CoyoteAdapter.service(CoyoteAdapter.java:340)
	at org.apache.coyote.http11.Http11Processor.service(Http11Processor.java:391)
	at org.apache.coyote.AbstractProcessorLight.process(AbstractProcessorLight.java:63)
	at org.apache.coyote.AbstractProtocol$ConnectionHandler.process(AbstractProtocol.java:896)
	at org.apache.tomcat.util.net.NioEndpoint$SocketProcessor.doRun(NioEndpoint.java:1744)
	at org.apache.tomcat.util.net.SocketProcessorBase.run(SocketProcessorBase.java:52)
	at org.apache.tomcat.util.threads.ThreadPoolExecutor.runWorker(ThreadPoolExecutor.java:1191)
	at org.apache.tomcat.util.threads.ThreadPoolExecutor$Worker.run(ThreadPoolExecutor.java:659)
	at org.apache.tomcat.util.threads.TaskThread$WrappingRunnable.run(TaskThread.java:61)
	at java.base/java.lang.Thread.run(Thread.java:840)
Caused by: org.thymeleaf.exceptions.TemplateInputException: Error resolving template [error], template might not exist or might not be accessible by any of the configured Template Resolvers
	at org.thymeleaf.engine.TemplateManager.resolveTemplate(TemplateManager.java:869)
	at org.thymeleaf.engine.TemplateManager.parseAndProcess(TemplateManager.java:607)
	at org.thymeleaf.TemplateEngine.process(TemplateEngine.java:1103)
	at org.thymeleaf.TemplateEngine.process(TemplateEngine.java:1077)
	at org.thymeleaf.spring6.view.ThymeleafView.renderFragment(ThymeleafView.java:372)
	at org.thymeleaf.spring6.view.ThymeleafView.render(ThymeleafView.java:192)
	at org.springframework.web.servlet.DispatcherServlet.render(DispatcherServlet.java:1431)
	at org.springframework.web.servlet.DispatcherServlet.processDispatchResult(DispatcherServlet.java:1167)
	at org.springframework.web.servlet.DispatcherServlet.doDispatch(DispatcherServlet.java:1106)
	at org.springframework.web.servlet.DispatcherServlet.doService(DispatcherServlet.java:979)
	at org.springframework.web.servlet.FrameworkServlet.processRequest(FrameworkServlet.java:1014)
	... 110 common frames omitted
2025-11-26 15:45:52 [http-nio-8080-exec-3] DEBUG o.s.security.web.FilterChainProxy - Securing GET /.well-known/appspecific/com.chrome.devtools.json
2025-11-26 15:45:52 [http-nio-8080-exec-3] DEBUG o.s.s.w.c.HttpSessionSecurityContextRepository - Retrieved SecurityContextImpl [Authentication=UsernamePasswordAuthenticationToken [Principal=org.springframework.security.core.userdetails.User [Username=admin, Password=[PROTECTED], Enabled=true, AccountNonExpired=true, CredentialsNonExpired=true, AccountNonLocked=true, Granted Authorities=[ROLE_ADMIN]], Credentials=[PROTECTED], Authenticated=true, Details=WebAuthenticationDetails [RemoteIpAddress=0:0:0:0:0:0:0:1, SessionId=9A8B8C07162CDE1EDFB8B91B50B0456D], Granted Authorities=[ROLE_ADMIN]]]
2025-11-26 15:45:52 [http-nio-8080-exec-3] DEBUG o.s.security.web.FilterChainProxy - Secured GET /.well-known/appspecific/com.chrome.devtools.json
2025-11-26 15:45:52 [http-nio-8080-exec-3] DEBUG o.s.security.web.FilterChainProxy - Securing GET /error
2025-11-26 15:45:52 [http-nio-8080-exec-3] DEBUG o.s.s.w.c.HttpSessionSecurityContextRepository - Retrieved SecurityContextImpl [Authentication=UsernamePasswordAuthenticationToken [Principal=org.springframework.security.core.userdetails.User [Username=admin, Password=[PROTECTED], Enabled=true, AccountNonExpired=true, CredentialsNonExpired=true, AccountNonLocked=true, Granted Authorities=[ROLE_ADMIN]], Credentials=[PROTECTED], Authenticated=true, Details=WebAuthenticationDetails [RemoteIpAddress=0:0:0:0:0:0:0:1, SessionId=9A8B8C07162CDE1EDFB8B91B50B0456D], Granted Authorities=[ROLE_ADMIN]]]
2025-11-26 15:45:52 [http-nio-8080-exec-3] DEBUG o.s.security.web.FilterChainProxy - Secured GET /error
2025-11-26 15:45:58 [http-nio-8080-exec-4] DEBUG o.s.security.web.FilterChainProxy - Securing GET /dashboard
2025-11-26 15:45:58 [http-nio-8080-exec-4] DEBUG o.s.s.w.c.HttpSessionSecurityContextRepository - Retrieved SecurityContextImpl [Authentication=UsernamePasswordAuthenticationToken [Principal=org.springframework.security.core.userdetails.User [Username=admin, Password=[PROTECTED], Enabled=true, AccountNonExpired=true, CredentialsNonExpired=true, AccountNonLocked=true, Granted Authorities=[ROLE_ADMIN]], Credentials=[PROTECTED], Authenticated=true, Details=WebAuthenticationDetails [RemoteIpAddress=0:0:0:0:0:0:0:1, SessionId=9A8B8C07162CDE1EDFB8B91B50B0456D], Granted Authorities=[ROLE_ADMIN]]]
2025-11-26 15:45:58 [http-nio-8080-exec-4] DEBUG o.s.security.web.FilterChainProxy - Secured GET /dashboard
2025-11-26 15:45:58 [http-nio-8080-exec-4] DEBUG org.hibernate.SQL - 
    /* <criteria> */ select
        p1_0.id,
        p1_0.activo,
        p1_0.categoria_id,
        p1_0.codigo,
        p1_0.codigoBarras,
        p1_0.color,
        p1_0.costo_almacenamiento,
        p1_0.created_at,
        p1_0.descripcion,
        p1_0.es_perecedero,
        p1_0.fecha_vencimiento,
        p1_0.imagen_url,
        p1_0.lote,
        p1_0.marca,
        p1_0.modelo,
        p1_0.nombre,
        p1_0.numero_serie,
        p1_0.observaciones,
        p1_0.peso,
        p1_0.porcentaje_impuesto,
        p1_0.precio_compra,
        p1_0.precio_mayoreo,
        p1_0.precio_venta,
        p1_0.proveedor_id,
        p1_0.punto_reorden,
        p1_0.requiere_lote,
        p1_0.requiere_serie,
        p1_0.sku,
        p1_0.stock_actual,
        p1_0.stock_maximo,
        p1_0.stock_minimo,
        p1_0.talla,
        p1_0.tiene_impuestos,
        p1_0.unidadMedida,
        p1_0.updated_at,
        p1_0.volumen 
    from
        productos p1_0
2025-11-26 15:45:58 [http-nio-8080-exec-4] DEBUG org.hibernate.SQL - 
    /* <criteria> */ select
        p1_0.id,
        p1_0.activo,
        p1_0.categoria_id,
        p1_0.codigo,
        p1_0.codigoBarras,
        p1_0.color,
        p1_0.costo_almacenamiento,
        p1_0.created_at,
        p1_0.descripcion,
        p1_0.es_perecedero,
        p1_0.fecha_vencimiento,
        p1_0.imagen_url,
        p1_0.lote,
        p1_0.marca,
        p1_0.modelo,
        p1_0.nombre,
        p1_0.numero_serie,
        p1_0.observaciones,
        p1_0.peso,
        p1_0.porcentaje_impuesto,
        p1_0.precio_compra,
        p1_0.precio_mayoreo,
        p1_0.precio_venta,
        p1_0.proveedor_id,
        p1_0.punto_reorden,
        p1_0.requiere_lote,
        p1_0.requiere_serie,
        p1_0.sku,
        p1_0.stock_actual,
        p1_0.stock_maximo,
        p1_0.stock_minimo,
        p1_0.talla,
        p1_0.tiene_impuestos,
        p1_0.unidadMedida,
        p1_0.updated_at,
        p1_0.volumen 
    from
        productos p1_0
2025-11-26 15:45:58 [http-nio-8080-exec-4] DEBUG org.hibernate.SQL - 
    /* <criteria> */ select
        p1_0.id,
        p1_0.activo,
        p1_0.categoria_id,
        p1_0.codigo,
        p1_0.codigoBarras,
        p1_0.color,
        p1_0.costo_almacenamiento,
        p1_0.created_at,
        p1_0.descripcion,
        p1_0.es_perecedero,
        p1_0.fecha_vencimiento,
        p1_0.imagen_url,
        p1_0.lote,
        p1_0.marca,
        p1_0.modelo,
        p1_0.nombre,
        p1_0.numero_serie,
        p1_0.observaciones,
        p1_0.peso,
        p1_0.porcentaje_impuesto,
        p1_0.precio_compra,
        p1_0.precio_mayoreo,
        p1_0.precio_venta,
        p1_0.proveedor_id,
        p1_0.punto_reorden,
        p1_0.requiere_lote,
        p1_0.requiere_serie,
        p1_0.sku,
        p1_0.stock_actual,
        p1_0.stock_maximo,
        p1_0.stock_minimo,
        p1_0.talla,
        p1_0.tiene_impuestos,
        p1_0.unidadMedida,
        p1_0.updated_at,
        p1_0.volumen 
    from
        productos p1_0
2025-11-26 15:45:58 [http-nio-8080-exec-4] DEBUG org.hibernate.SQL - 
    /* SELECT
        COUNT(m) 
    FROM
        Movimiento m 
    WHERE
        DATE(m.fechaMovimiento) = CURRENT_DATE */ select
            count(m1_0.id) 
        from
            movimientos m1_0 
        where
            date(m1_0.fecha_movimiento)=current_date
2025-11-26 15:45:58 [http-nio-8080-exec-4] DEBUG org.hibernate.SQL - 
    /* <criteria> */ select
        p1_0.id,
        p1_0.activo,
        p1_0.categoria_id,
        p1_0.codigo,
        p1_0.codigoBarras,
        p1_0.color,
        p1_0.costo_almacenamiento,
        p1_0.created_at,
        p1_0.descripcion,
        p1_0.es_perecedero,
        p1_0.fecha_vencimiento,
        p1_0.imagen_url,
        p1_0.lote,
        p1_0.marca,
        p1_0.modelo,
        p1_0.nombre,
        p1_0.numero_serie,
        p1_0.observaciones,
        p1_0.peso,
        p1_0.porcentaje_impuesto,
        p1_0.precio_compra,
        p1_0.precio_mayoreo,
        p1_0.precio_venta,
        p1_0.proveedor_id,
        p1_0.punto_reorden,
        p1_0.requiere_lote,
        p1_0.requiere_serie,
        p1_0.sku,
        p1_0.stock_actual,
        p1_0.stock_maximo,
        p1_0.stock_minimo,
        p1_0.talla,
        p1_0.tiene_impuestos,
        p1_0.unidadMedida,
        p1_0.updated_at,
        p1_0.volumen 
    from
        productos p1_0
2025-11-26 15:45:58 [http-nio-8080-exec-4] DEBUG org.hibernate.SQL - 
    /* <criteria> */ select
        p1_0.id,
        p1_0.activo,
        p1_0.categoria_id,
        p1_0.codigo,
        p1_0.codigoBarras,
        p1_0.color,
        p1_0.costo_almacenamiento,
        p1_0.created_at,
        p1_0.descripcion,
        p1_0.es_perecedero,
        p1_0.fecha_vencimiento,
        p1_0.imagen_url,
        p1_0.lote,
        p1_0.marca,
        p1_0.modelo,
        p1_0.nombre,
        p1_0.numero_serie,
        p1_0.observaciones,
        p1_0.peso,
        p1_0.porcentaje_impuesto,
        p1_0.precio_compra,
        p1_0.precio_mayoreo,
        p1_0.precio_venta,
        p1_0.proveedor_id,
        p1_0.punto_reorden,
        p1_0.requiere_lote,
        p1_0.requiere_serie,
        p1_0.sku,
        p1_0.stock_actual,
        p1_0.stock_maximo,
        p1_0.stock_minimo,
        p1_0.talla,
        p1_0.tiene_impuestos,
        p1_0.unidadMedida,
        p1_0.updated_at,
        p1_0.volumen 
    from
        productos p1_0
2025-11-26 15:45:58 [http-nio-8080-exec-4] DEBUG org.hibernate.SQL - 
    /* SELECT
        a 
    FROM
        Alerta a 
    WHERE
        a.activa = true 
        AND a.leida = false 
    ORDER BY
        a.prioridad DESC,
        a.createdAt DESC */ select
            a1_0.id,
            a1_0.activa,
            a1_0.almacen_id,
            a1_0.created_at,
            a1_0.fecha_lectura,
            a1_0.leida,
            a1_0.mensaje,
            a1_0.prioridad,
            a1_0.producto_id,
            a1_0.tipo 
        from
            alertas a1_0 
        where
            a1_0.activa=1 
            and a1_0.leida=0 
        order by
            a1_0.prioridad desc,
            a1_0.created_at desc
2025-11-26 15:45:58 [http-nio-8080-exec-4] DEBUG org.hibernate.SQL - 
    /* SELECT
        m 
    FROM
        Movimiento m 
    ORDER BY
        m.fechaMovimiento DESC */ select
            m1_0.id,
            m1_0.almacen_id,
            m1_0.aprobado_por,
            m1_0.cliente_id,
            m1_0.codigo,
            m1_0.created_at,
            m1_0.estado,
            m1_0.fecha_aprobacion,
            m1_0.fecha_movimiento,
            m1_0.numero_documento,
            m1_0.observaciones,
            m1_0.proveedor_id,
            m1_0.subtipo,
            m1_0.tipo,
            m1_0.total_items,
            m1_0.updated_at,
            m1_0.usuario_id,
            m1_0.valor_total 
        from
            movimientos m1_0 
        order by
            m1_0.fecha_movimiento desc
2025-11-26 15:45:58 [http-nio-8080-exec-4] DEBUG org.hibernate.SQL - 
    /* <criteria> */ select
        p1_0.id,
        p1_0.activo,
        p1_0.categoria_id,
        p1_0.codigo,
        p1_0.codigoBarras,
        p1_0.color,
        p1_0.costo_almacenamiento,
        p1_0.created_at,
        p1_0.descripcion,
        p1_0.es_perecedero,
        p1_0.fecha_vencimiento,
        p1_0.imagen_url,
        p1_0.lote,
        p1_0.marca,
        p1_0.modelo,
        p1_0.nombre,
        p1_0.numero_serie,
        p1_0.observaciones,
        p1_0.peso,
        p1_0.porcentaje_impuesto,
        p1_0.precio_compra,
        p1_0.precio_mayoreo,
        p1_0.precio_venta,
        p1_0.proveedor_id,
        p1_0.punto_reorden,
        p1_0.requiere_lote,
        p1_0.requiere_serie,
        p1_0.sku,
        p1_0.stock_actual,
        p1_0.stock_maximo,
        p1_0.stock_minimo,
        p1_0.talla,
        p1_0.tiene_impuestos,
        p1_0.unidadMedida,
        p1_0.updated_at,
        p1_0.volumen 
    from
        productos p1_0
2025-11-26 15:45:58 [http-nio-8080-exec-4] ERROR org.thymeleaf.TemplateEngine - [THYMELEAF][http-nio-8080-exec-4] Exception processing template "templates/index": Error resolving template [templates/index], template might not exist or might not be accessible by any of the configured Template Resolvers
org.thymeleaf.exceptions.TemplateInputException: Error resolving template [templates/index], template might not exist or might not be accessible by any of the configured Template Resolvers
	at org.thymeleaf.engine.TemplateManager.resolveTemplate(TemplateManager.java:869)
	at org.thymeleaf.engine.TemplateManager.parseAndProcess(TemplateManager.java:607)
	at org.thymeleaf.TemplateEngine.process(TemplateEngine.java:1103)
	at org.thymeleaf.TemplateEngine.process(TemplateEngine.java:1077)
	at org.thymeleaf.spring6.view.ThymeleafView.renderFragment(ThymeleafView.java:372)
	at org.thymeleaf.spring6.view.ThymeleafView.render(ThymeleafView.java:192)
	at org.springframework.web.servlet.DispatcherServlet.render(DispatcherServlet.java:1431)
	at org.springframework.web.servlet.DispatcherServlet.processDispatchResult(DispatcherServlet.java:1167)
	at org.springframework.web.servlet.DispatcherServlet.doDispatch(DispatcherServlet.java:1106)
	at org.springframework.web.servlet.DispatcherServlet.doService(DispatcherServlet.java:979)
	at org.springframework.web.servlet.FrameworkServlet.processRequest(FrameworkServlet.java:1014)
	at org.springframework.web.servlet.FrameworkServlet.doGet(FrameworkServlet.java:903)
	at jakarta.servlet.http.HttpServlet.service(HttpServlet.java:564)
	at org.springframework.web.servlet.FrameworkServlet.service(FrameworkServlet.java:885)
	at jakarta.servlet.http.HttpServlet.service(HttpServlet.java:658)
	at org.apache.catalina.core.ApplicationFilterChain.internalDoFilter(ApplicationFilterChain.java:205)
	at org.apache.catalina.core.ApplicationFilterChain.doFilter(ApplicationFilterChain.java:149)
	at org.apache.tomcat.websocket.server.WsFilter.doFilter(WsFilter.java:51)
	at org.apache.catalina.core.ApplicationFilterChain.internalDoFilter(ApplicationFilterChain.java:174)
	at org.apache.catalina.core.ApplicationFilterChain.doFilter(ApplicationFilterChain.java:149)
	at org.springframework.security.web.FilterChainProxy.lambda$doFilterInternal$3(FilterChainProxy.java:231)
	at org.springframework.security.web.ObservationFilterChainDecorator$FilterObservation$SimpleFilterObservation.lambda$wrap$1(ObservationFilterChainDecorator.java:479)
	at org.springframework.security.web.ObservationFilterChainDecorator$AroundFilterObservation$SimpleAroundFilterObservation.lambda$wrap$1(ObservationFilterChainDecorator.java:340)
	at org.springframework.security.web.ObservationFilterChainDecorator.lambda$wrapSecured$0(ObservationFilterChainDecorator.java:82)
	at org.springframework.security.web.ObservationFilterChainDecorator$VirtualFilterChain.doFilter(ObservationFilterChainDecorator.java:128)
	at org.springframework.security.web.access.intercept.AuthorizationFilter.doFilter(AuthorizationFilter.java:100)
	at org.springframework.security.web.ObservationFilterChainDecorator$ObservationFilter.wrapFilter(ObservationFilterChainDecorator.java:240)
	at org.springframework.security.web.ObservationFilterChainDecorator$ObservationFilter.doFilter(ObservationFilterChainDecorator.java:227)
	at org.springframework.security.web.ObservationFilterChainDecorator$VirtualFilterChain.doFilter(ObservationFilterChainDecorator.java:137)
	at org.springframework.security.web.access.ExceptionTranslationFilter.doFilter(ExceptionTranslationFilter.java:126)
	at org.springframework.security.web.access.ExceptionTranslationFilter.doFilter(ExceptionTranslationFilter.java:120)
	at org.springframework.security.web.ObservationFilterChainDecorator$ObservationFilter.wrapFilter(ObservationFilterChainDecorator.java:240)
	at org.springframework.security.web.ObservationFilterChainDecorator$ObservationFilter.doFilter(ObservationFilterChainDecorator.java:227)
	at org.springframework.security.web.ObservationFilterChainDecorator$VirtualFilterChain.doFilter(ObservationFilterChainDecorator.java:137)
	at org.springframework.security.web.session.SessionManagementFilter.doFilter(SessionManagementFilter.java:131)
	at org.springframework.security.web.session.SessionManagementFilter.doFilter(SessionManagementFilter.java:85)
	at org.springframework.security.web.ObservationFilterChainDecorator$ObservationFilter.wrapFilter(ObservationFilterChainDecorator.java:240)
	at org.springframework.security.web.ObservationFilterChainDecorator$ObservationFilter.doFilter(ObservationFilterChainDecorator.java:227)
	at org.springframework.security.web.ObservationFilterChainDecorator$VirtualFilterChain.doFilter(ObservationFilterChainDecorator.java:137)
	at org.springframework.security.web.authentication.AnonymousAuthenticationFilter.doFilter(AnonymousAuthenticationFilter.java:100)
	at org.springframework.security.web.ObservationFilterChainDecorator$ObservationFilter.wrapFilter(ObservationFilterChainDecorator.java:240)
	at org.springframework.security.web.ObservationFilterChainDecorator$ObservationFilter.doFilter(ObservationFilterChainDecorator.java:227)
	at org.springframework.security.web.ObservationFilterChainDecorator$VirtualFilterChain.doFilter(ObservationFilterChainDecorator.java:137)
	at org.springframework.security.web.servletapi.SecurityContextHolderAwareRequestFilter.doFilter(SecurityContextHolderAwareRequestFilter.java:179)
	at org.springframework.security.web.ObservationFilterChainDecorator$ObservationFilter.wrapFilter(ObservationFilterChainDecorator.java:240)
	at org.springframework.security.web.ObservationFilterChainDecorator$ObservationFilter.doFilter(ObservationFilterChainDecorator.java:227)
	at org.springframework.security.web.ObservationFilterChainDecorator$VirtualFilterChain.doFilter(ObservationFilterChainDecorator.java:137)
	at org.springframework.security.web.savedrequest.RequestCacheAwareFilter.doFilter(RequestCacheAwareFilter.java:63)
	at org.springframework.security.web.ObservationFilterChainDecorator$ObservationFilter.wrapFilter(ObservationFilterChainDecorator.java:240)
	at org.springframework.security.web.ObservationFilterChainDecorator$ObservationFilter.doFilter(ObservationFilterChainDecorator.java:227)
	at org.springframework.security.web.ObservationFilterChainDecorator$VirtualFilterChain.doFilter(ObservationFilterChainDecorator.java:137)
	at org.springframework.security.web.session.ConcurrentSessionFilter.doFilter(ConcurrentSessionFilter.java:151)
	at org.springframework.security.web.session.ConcurrentSessionFilter.doFilter(ConcurrentSessionFilter.java:129)
	at org.springframework.security.web.ObservationFilterChainDecorator$ObservationFilter.wrapFilter(ObservationFilterChainDecorator.java:240)
	at org.springframework.security.web.ObservationFilterChainDecorator$ObservationFilter.doFilter(ObservationFilterChainDecorator.java:227)
	at org.springframework.security.web.ObservationFilterChainDecorator$VirtualFilterChain.doFilter(ObservationFilterChainDecorator.java:137)
	at org.springframework.security.web.authentication.AbstractAuthenticationProcessingFilter.doFilter(AbstractAuthenticationProcessingFilter.java:227)
	at org.springframework.security.web.authentication.AbstractAuthenticationProcessingFilter.doFilter(AbstractAuthenticationProcessingFilter.java:221)
	at org.springframework.security.web.ObservationFilterChainDecorator$ObservationFilter.wrapFilter(ObservationFilterChainDecorator.java:240)
	at org.springframework.security.web.ObservationFilterChainDecorator$ObservationFilter.doFilter(ObservationFilterChainDecorator.java:227)
	at org.springframework.security.web.ObservationFilterChainDecorator$VirtualFilterChain.doFilter(ObservationFilterChainDecorator.java:137)
	at org.springframework.security.web.authentication.logout.LogoutFilter.doFilter(LogoutFilter.java:107)
	at org.springframework.security.web.authentication.logout.LogoutFilter.doFilter(LogoutFilter.java:93)
	at org.springframework.security.web.ObservationFilterChainDecorator$ObservationFilter.wrapFilter(ObservationFilterChainDecorator.java:240)
	at org.springframework.security.web.ObservationFilterChainDecorator$ObservationFilter.doFilter(ObservationFilterChainDecorator.java:227)
	at org.springframework.security.web.ObservationFilterChainDecorator$VirtualFilterChain.doFilter(ObservationFilterChainDecorator.java:137)
	at org.springframework.web.filter.CorsFilter.doFilterInternal(CorsFilter.java:91)
	at org.springframework.web.filter.OncePerRequestFilter.doFilter(OncePerRequestFilter.java:116)
	at org.springframework.security.web.ObservationFilterChainDecorator$ObservationFilter.wrapFilter(ObservationFilterChainDecorator.java:240)
	at org.springframework.security.web.ObservationFilterChainDecorator$ObservationFilter.doFilter(ObservationFilterChainDecorator.java:227)
	at org.springframework.security.web.ObservationFilterChainDecorator$VirtualFilterChain.doFilter(ObservationFilterChainDecorator.java:137)
	at org.springframework.security.web.header.HeaderWriterFilter.doHeadersAfter(HeaderWriterFilter.java:90)
	at org.springframework.security.web.header.HeaderWriterFilter.doFilterInternal(HeaderWriterFilter.java:75)
	at org.springframework.web.filter.OncePerRequestFilter.doFilter(OncePerRequestFilter.java:116)
	at org.springframework.security.web.ObservationFilterChainDecorator$ObservationFilter.wrapFilter(ObservationFilterChainDecorator.java:240)
	at org.springframework.security.web.ObservationFilterChainDecorator$ObservationFilter.doFilter(ObservationFilterChainDecorator.java:227)
	at org.springframework.security.web.ObservationFilterChainDecorator$VirtualFilterChain.doFilter(ObservationFilterChainDecorator.java:137)
	at org.springframework.security.web.context.SecurityContextHolderFilter.doFilter(SecurityContextHolderFilter.java:82)
	at org.springframework.security.web.context.SecurityContextHolderFilter.doFilter(SecurityContextHolderFilter.java:69)
	at org.springframework.security.web.ObservationFilterChainDecorator$ObservationFilter.wrapFilter(ObservationFilterChainDecorator.java:240)
	at org.springframework.security.web.ObservationFilterChainDecorator$ObservationFilter.doFilter(ObservationFilterChainDecorator.java:227)
	at org.springframework.security.web.ObservationFilterChainDecorator$VirtualFilterChain.doFilter(ObservationFilterChainDecorator.java:137)
	at org.springframework.security.web.context.request.async.WebAsyncManagerIntegrationFilter.doFilterInternal(WebAsyncManagerIntegrationFilter.java:62)
	at org.springframework.web.filter.OncePerRequestFilter.doFilter(OncePerRequestFilter.java:116)
	at org.springframework.security.web.ObservationFilterChainDecorator$ObservationFilter.wrapFilter(ObservationFilterChainDecorator.java:240)
	at org.springframework.security.web.ObservationFilterChainDecorator$ObservationFilter.doFilter(ObservationFilterChainDecorator.java:227)
	at org.springframework.security.web.ObservationFilterChainDecorator$VirtualFilterChain.doFilter(ObservationFilterChainDecorator.java:137)
	at org.springframework.security.web.session.DisableEncodeUrlFilter.doFilterInternal(DisableEncodeUrlFilter.java:42)
	at org.springframework.web.filter.OncePerRequestFilter.doFilter(OncePerRequestFilter.java:116)
	at org.springframework.security.web.ObservationFilterChainDecorator$ObservationFilter.wrapFilter(ObservationFilterChainDecorator.java:240)
	at org.springframework.security.web.ObservationFilterChainDecorator$AroundFilterObservation$SimpleAroundFilterObservation.lambda$wrap$0(ObservationFilterChainDecorator.java:323)
	at org.springframework.security.web.ObservationFilterChainDecorator$ObservationFilter.doFilter(ObservationFilterChainDecorator.java:224)
	at org.springframework.security.web.ObservationFilterChainDecorator$VirtualFilterChain.doFilter(ObservationFilterChainDecorator.java:137)
	at org.springframework.security.web.FilterChainProxy.doFilterInternal(FilterChainProxy.java:233)
	at org.springframework.security.web.FilterChainProxy.doFilter(FilterChainProxy.java:191)
	at org.springframework.web.filter.DelegatingFilterProxy.invokeDelegate(DelegatingFilterProxy.java:352)
	at org.springframework.web.filter.DelegatingFilterProxy.doFilter(DelegatingFilterProxy.java:268)
	at org.apache.catalina.core.ApplicationFilterChain.internalDoFilter(ApplicationFilterChain.java:174)
	at org.apache.catalina.core.ApplicationFilterChain.doFilter(ApplicationFilterChain.java:149)
	at org.springframework.web.filter.RequestContextFilter.doFilterInternal(RequestContextFilter.java:100)
	at org.springframework.web.filter.OncePerRequestFilter.doFilter(OncePerRequestFilter.java:116)
	at org.apache.catalina.core.ApplicationFilterChain.internalDoFilter(ApplicationFilterChain.java:174)
	at org.apache.catalina.core.ApplicationFilterChain.doFilter(ApplicationFilterChain.java:149)
	at org.springframework.web.filter.FormContentFilter.doFilterInternal(FormContentFilter.java:93)
	at org.springframework.web.filter.OncePerRequestFilter.doFilter(OncePerRequestFilter.java:116)
	at org.apache.catalina.core.ApplicationFilterChain.internalDoFilter(ApplicationFilterChain.java:174)
	at org.apache.catalina.core.ApplicationFilterChain.doFilter(ApplicationFilterChain.java:149)
	at org.springframework.web.filter.ServerHttpObservationFilter.doFilterInternal(ServerHttpObservationFilter.java:109)
	at org.springframework.web.filter.OncePerRequestFilter.doFilter(OncePerRequestFilter.java:116)
	at org.apache.catalina.core.ApplicationFilterChain.internalDoFilter(ApplicationFilterChain.java:174)
	at org.apache.catalina.core.ApplicationFilterChain.doFilter(ApplicationFilterChain.java:149)
	at org.springframework.web.filter.CharacterEncodingFilter.doFilterInternal(CharacterEncodingFilter.java:201)
	at org.springframework.web.filter.OncePerRequestFilter.doFilter(OncePerRequestFilter.java:116)
	at org.apache.catalina.core.ApplicationFilterChain.internalDoFilter(ApplicationFilterChain.java:174)
	at org.apache.catalina.core.ApplicationFilterChain.doFilter(ApplicationFilterChain.java:149)
	at org.apache.catalina.core.StandardWrapperValve.invoke(StandardWrapperValve.java:167)
	at org.apache.catalina.core.StandardContextValve.invoke(StandardContextValve.java:90)
	at org.apache.catalina.authenticator.AuthenticatorBase.invoke(AuthenticatorBase.java:482)
	at org.apache.catalina.core.StandardHostValve.invoke(StandardHostValve.java:115)
	at org.apache.catalina.valves.ErrorReportValve.invoke(ErrorReportValve.java:93)
	at org.apache.catalina.core.StandardEngineValve.invoke(StandardEngineValve.java:74)
	at org.apache.catalina.connector.CoyoteAdapter.service(CoyoteAdapter.java:340)
	at org.apache.coyote.http11.Http11Processor.service(Http11Processor.java:391)
	at org.apache.coyote.AbstractProcessorLight.process(AbstractProcessorLight.java:63)
	at org.apache.coyote.AbstractProtocol$ConnectionHandler.process(AbstractProtocol.java:896)
	at org.apache.tomcat.util.net.NioEndpoint$SocketProcessor.doRun(NioEndpoint.java:1744)
	at org.apache.tomcat.util.net.SocketProcessorBase.run(SocketProcessorBase.java:52)
	at org.apache.tomcat.util.threads.ThreadPoolExecutor.runWorker(ThreadPoolExecutor.java:1191)
	at org.apache.tomcat.util.threads.ThreadPoolExecutor$Worker.run(ThreadPoolExecutor.java:659)
	at org.apache.tomcat.util.threads.TaskThread$WrappingRunnable.run(TaskThread.java:61)
	at java.base/java.lang.Thread.run(Thread.java:840)
2025-11-26 15:45:58 [http-nio-8080-exec-4] ERROR o.a.c.c.C.[.[.[.[dispatcherServlet] - Servlet.service() for servlet [dispatcherServlet] in context with path [] threw exception [Request processing failed: org.thymeleaf.exceptions.TemplateInputException: Error resolving template [templates/index], template might not exist or might not be accessible by any of the configured Template Resolvers] with root cause
org.thymeleaf.exceptions.TemplateInputException: Error resolving template [templates/index], template might not exist or might not be accessible by any of the configured Template Resolvers
	at org.thymeleaf.engine.TemplateManager.resolveTemplate(TemplateManager.java:869)
	at org.thymeleaf.engine.TemplateManager.parseAndProcess(TemplateManager.java:607)
	at org.thymeleaf.TemplateEngine.process(TemplateEngine.java:1103)
	at org.thymeleaf.TemplateEngine.process(TemplateEngine.java:1077)
	at org.thymeleaf.spring6.view.ThymeleafView.renderFragment(ThymeleafView.java:372)
	at org.thymeleaf.spring6.view.ThymeleafView.render(ThymeleafView.java:192)
	at org.springframework.web.servlet.DispatcherServlet.render(DispatcherServlet.java:1431)
	at org.springframework.web.servlet.DispatcherServlet.processDispatchResult(DispatcherServlet.java:1167)
	at org.springframework.web.servlet.DispatcherServlet.doDispatch(DispatcherServlet.java:1106)
	at org.springframework.web.servlet.DispatcherServlet.doService(DispatcherServlet.java:979)
	at org.springframework.web.servlet.FrameworkServlet.processRequest(FrameworkServlet.java:1014)
	at org.springframework.web.servlet.FrameworkServlet.doGet(FrameworkServlet.java:903)
	at jakarta.servlet.http.HttpServlet.service(HttpServlet.java:564)
	at org.springframework.web.servlet.FrameworkServlet.service(FrameworkServlet.java:885)
	at jakarta.servlet.http.HttpServlet.service(HttpServlet.java:658)
	at org.apache.catalina.core.ApplicationFilterChain.internalDoFilter(ApplicationFilterChain.java:205)
	at org.apache.catalina.core.ApplicationFilterChain.doFilter(ApplicationFilterChain.java:149)
	at org.apache.tomcat.websocket.server.WsFilter.doFilter(WsFilter.java:51)
	at org.apache.catalina.core.ApplicationFilterChain.internalDoFilter(ApplicationFilterChain.java:174)
	at org.apache.catalina.core.ApplicationFilterChain.doFilter(ApplicationFilterChain.java:149)
	at org.springframework.security.web.FilterChainProxy.lambda$doFilterInternal$3(FilterChainProxy.java:231)
	at org.springframework.security.web.ObservationFilterChainDecorator$FilterObservation$SimpleFilterObservation.lambda$wrap$1(ObservationFilterChainDecorator.java:479)
	at org.springframework.security.web.ObservationFilterChainDecorator$AroundFilterObservation$SimpleAroundFilterObservation.lambda$wrap$1(ObservationFilterChainDecorator.java:340)
	at org.springframework.security.web.ObservationFilterChainDecorator.lambda$wrapSecured$0(ObservationFilterChainDecorator.java:82)
	at org.springframework.security.web.ObservationFilterChainDecorator$VirtualFilterChain.doFilter(ObservationFilterChainDecorator.java:128)
	at org.springframework.security.web.access.intercept.AuthorizationFilter.doFilter(AuthorizationFilter.java:100)
	at org.springframework.security.web.ObservationFilterChainDecorator$ObservationFilter.wrapFilter(ObservationFilterChainDecorator.java:240)
	at org.springframework.security.web.ObservationFilterChainDecorator$ObservationFilter.doFilter(ObservationFilterChainDecorator.java:227)
	at org.springframework.security.web.ObservationFilterChainDecorator$VirtualFilterChain.doFilter(ObservationFilterChainDecorator.java:137)
	at org.springframework.security.web.access.ExceptionTranslationFilter.doFilter(ExceptionTranslationFilter.java:126)
	at org.springframework.security.web.access.ExceptionTranslationFilter.doFilter(ExceptionTranslationFilter.java:120)
	at org.springframework.security.web.ObservationFilterChainDecorator$ObservationFilter.wrapFilter(ObservationFilterChainDecorator.java:240)
	at org.springframework.security.web.ObservationFilterChainDecorator$ObservationFilter.doFilter(ObservationFilterChainDecorator.java:227)
	at org.springframework.security.web.ObservationFilterChainDecorator$VirtualFilterChain.doFilter(ObservationFilterChainDecorator.java:137)
	at org.springframework.security.web.session.SessionManagementFilter.doFilter(SessionManagementFilter.java:131)
	at org.springframework.security.web.session.SessionManagementFilter.doFilter(SessionManagementFilter.java:85)
	at org.springframework.security.web.ObservationFilterChainDecorator$ObservationFilter.wrapFilter(ObservationFilterChainDecorator.java:240)
	at org.springframework.security.web.ObservationFilterChainDecorator$ObservationFilter.doFilter(ObservationFilterChainDecorator.java:227)
	at org.springframework.security.web.ObservationFilterChainDecorator$VirtualFilterChain.doFilter(ObservationFilterChainDecorator.java:137)
	at org.springframework.security.web.authentication.AnonymousAuthenticationFilter.doFilter(AnonymousAuthenticationFilter.java:100)
	at org.springframework.security.web.ObservationFilterChainDecorator$ObservationFilter.wrapFilter(ObservationFilterChainDecorator.java:240)
	at org.springframework.security.web.ObservationFilterChainDecorator$ObservationFilter.doFilter(ObservationFilterChainDecorator.java:227)
	at org.springframework.security.web.ObservationFilterChainDecorator$VirtualFilterChain.doFilter(ObservationFilterChainDecorator.java:137)
	at org.springframework.security.web.servletapi.SecurityContextHolderAwareRequestFilter.doFilter(SecurityContextHolderAwareRequestFilter.java:179)
	at org.springframework.security.web.ObservationFilterChainDecorator$ObservationFilter.wrapFilter(ObservationFilterChainDecorator.java:240)
	at org.springframework.security.web.ObservationFilterChainDecorator$ObservationFilter.doFilter(ObservationFilterChainDecorator.java:227)
	at org.springframework.security.web.ObservationFilterChainDecorator$VirtualFilterChain.doFilter(ObservationFilterChainDecorator.java:137)
	at org.springframework.security.web.savedrequest.RequestCacheAwareFilter.doFilter(RequestCacheAwareFilter.java:63)
	at org.springframework.security.web.ObservationFilterChainDecorator$ObservationFilter.wrapFilter(ObservationFilterChainDecorator.java:240)
	at org.springframework.security.web.ObservationFilterChainDecorator$ObservationFilter.doFilter(ObservationFilterChainDecorator.java:227)
	at org.springframework.security.web.ObservationFilterChainDecorator$VirtualFilterChain.doFilter(ObservationFilterChainDecorator.java:137)
	at org.springframework.security.web.session.ConcurrentSessionFilter.doFilter(ConcurrentSessionFilter.java:151)
	at org.springframework.security.web.session.ConcurrentSessionFilter.doFilter(ConcurrentSessionFilter.java:129)
	at org.springframework.security.web.ObservationFilterChainDecorator$ObservationFilter.wrapFilter(ObservationFilterChainDecorator.java:240)
	at org.springframework.security.web.ObservationFilterChainDecorator$ObservationFilter.doFilter(ObservationFilterChainDecorator.java:227)
	at org.springframework.security.web.ObservationFilterChainDecorator$VirtualFilterChain.doFilter(ObservationFilterChainDecorator.java:137)
	at org.springframework.security.web.authentication.AbstractAuthenticationProcessingFilter.doFilter(AbstractAuthenticationProcessingFilter.java:227)
	at org.springframework.security.web.authentication.AbstractAuthenticationProcessingFilter.doFilter(AbstractAuthenticationProcessingFilter.java:221)
	at org.springframework.security.web.ObservationFilterChainDecorator$ObservationFilter.wrapFilter(ObservationFilterChainDecorator.java:240)
	at org.springframework.security.web.ObservationFilterChainDecorator$ObservationFilter.doFilter(ObservationFilterChainDecorator.java:227)
	at org.springframework.security.web.ObservationFilterChainDecorator$VirtualFilterChain.doFilter(ObservationFilterChainDecorator.java:137)
	at org.springframework.security.web.authentication.logout.LogoutFilter.doFilter(LogoutFilter.java:107)
	at org.springframework.security.web.authentication.logout.LogoutFilter.doFilter(LogoutFilter.java:93)
	at org.springframework.security.web.ObservationFilterChainDecorator$ObservationFilter.wrapFilter(ObservationFilterChainDecorator.java:240)
	at org.springframework.security.web.ObservationFilterChainDecorator$ObservationFilter.doFilter(ObservationFilterChainDecorator.java:227)
	at org.springframework.security.web.ObservationFilterChainDecorator$VirtualFilterChain.doFilter(ObservationFilterChainDecorator.java:137)
	at org.springframework.web.filter.CorsFilter.doFilterInternal(CorsFilter.java:91)
	at org.springframework.web.filter.OncePerRequestFilter.doFilter(OncePerRequestFilter.java:116)
	at org.springframework.security.web.ObservationFilterChainDecorator$ObservationFilter.wrapFilter(ObservationFilterChainDecorator.java:240)
	at org.springframework.security.web.ObservationFilterChainDecorator$ObservationFilter.doFilter(ObservationFilterChainDecorator.java:227)
	at org.springframework.security.web.ObservationFilterChainDecorator$VirtualFilterChain.doFilter(ObservationFilterChainDecorator.java:137)
	at org.springframework.security.web.header.HeaderWriterFilter.doHeadersAfter(HeaderWriterFilter.java:90)
	at org.springframework.security.web.header.HeaderWriterFilter.doFilterInternal(HeaderWriterFilter.java:75)
	at org.springframework.web.filter.OncePerRequestFilter.doFilter(OncePerRequestFilter.java:116)
	at org.springframework.security.web.ObservationFilterChainDecorator$ObservationFilter.wrapFilter(ObservationFilterChainDecorator.java:240)
	at org.springframework.security.web.ObservationFilterChainDecorator$ObservationFilter.doFilter(ObservationFilterChainDecorator.java:227)
	at org.springframework.security.web.ObservationFilterChainDecorator$VirtualFilterChain.doFilter(ObservationFilterChainDecorator.java:137)
	at org.springframework.security.web.context.SecurityContextHolderFilter.doFilter(SecurityContextHolderFilter.java:82)
	at org.springframework.security.web.context.SecurityContextHolderFilter.doFilter(SecurityContextHolderFilter.java:69)
	at org.springframework.security.web.ObservationFilterChainDecorator$ObservationFilter.wrapFilter(ObservationFilterChainDecorator.java:240)
	at org.springframework.security.web.ObservationFilterChainDecorator$ObservationFilter.doFilter(ObservationFilterChainDecorator.java:227)
	at org.springframework.security.web.ObservationFilterChainDecorator$VirtualFilterChain.doFilter(ObservationFilterChainDecorator.java:137)
	at org.springframework.security.web.context.request.async.WebAsyncManagerIntegrationFilter.doFilterInternal(WebAsyncManagerIntegrationFilter.java:62)
	at org.springframework.web.filter.OncePerRequestFilter.doFilter(OncePerRequestFilter.java:116)
	at org.springframework.security.web.ObservationFilterChainDecorator$ObservationFilter.wrapFilter(ObservationFilterChainDecorator.java:240)
	at org.springframework.security.web.ObservationFilterChainDecorator$ObservationFilter.doFilter(ObservationFilterChainDecorator.java:227)
	at org.springframework.security.web.ObservationFilterChainDecorator$VirtualFilterChain.doFilter(ObservationFilterChainDecorator.java:137)
	at org.springframework.security.web.session.DisableEncodeUrlFilter.doFilterInternal(DisableEncodeUrlFilter.java:42)
	at org.springframework.web.filter.OncePerRequestFilter.doFilter(OncePerRequestFilter.java:116)
	at org.springframework.security.web.ObservationFilterChainDecorator$ObservationFilter.wrapFilter(ObservationFilterChainDecorator.java:240)
	at org.springframework.security.web.ObservationFilterChainDecorator$AroundFilterObservation$SimpleAroundFilterObservation.lambda$wrap$0(ObservationFilterChainDecorator.java:323)
	at org.springframework.security.web.ObservationFilterChainDecorator$ObservationFilter.doFilter(ObservationFilterChainDecorator.java:224)
	at org.springframework.security.web.ObservationFilterChainDecorator$VirtualFilterChain.doFilter(ObservationFilterChainDecorator.java:137)
	at org.springframework.security.web.FilterChainProxy.doFilterInternal(FilterChainProxy.java:233)
	at org.springframework.security.web.FilterChainProxy.doFilter(FilterChainProxy.java:191)
	at org.springframework.web.filter.DelegatingFilterProxy.invokeDelegate(DelegatingFilterProxy.java:352)
	at org.springframework.web.filter.DelegatingFilterProxy.doFilter(DelegatingFilterProxy.java:268)
	at org.apache.catalina.core.ApplicationFilterChain.internalDoFilter(ApplicationFilterChain.java:174)
	at org.apache.catalina.core.ApplicationFilterChain.doFilter(ApplicationFilterChain.java:149)
	at org.springframework.web.filter.RequestContextFilter.doFilterInternal(RequestContextFilter.java:100)
	at org.springframework.web.filter.OncePerRequestFilter.doFilter(OncePerRequestFilter.java:116)
	at org.apache.catalina.core.ApplicationFilterChain.internalDoFilter(ApplicationFilterChain.java:174)
	at org.apache.catalina.core.ApplicationFilterChain.doFilter(ApplicationFilterChain.java:149)
	at org.springframework.web.filter.FormContentFilter.doFilterInternal(FormContentFilter.java:93)
	at org.springframework.web.filter.OncePerRequestFilter.doFilter(OncePerRequestFilter.java:116)
	at org.apache.catalina.core.ApplicationFilterChain.internalDoFilter(ApplicationFilterChain.java:174)
	at org.apache.catalina.core.ApplicationFilterChain.doFilter(ApplicationFilterChain.java:149)
	at org.springframework.web.filter.ServerHttpObservationFilter.doFilterInternal(ServerHttpObservationFilter.java:109)
	at org.springframework.web.filter.OncePerRequestFilter.doFilter(OncePerRequestFilter.java:116)
	at org.apache.catalina.core.ApplicationFilterChain.internalDoFilter(ApplicationFilterChain.java:174)
	at org.apache.catalina.core.ApplicationFilterChain.doFilter(ApplicationFilterChain.java:149)
	at org.springframework.web.filter.CharacterEncodingFilter.doFilterInternal(CharacterEncodingFilter.java:201)
	at org.springframework.web.filter.OncePerRequestFilter.doFilter(OncePerRequestFilter.java:116)
	at org.apache.catalina.core.ApplicationFilterChain.internalDoFilter(ApplicationFilterChain.java:174)
	at org.apache.catalina.core.ApplicationFilterChain.doFilter(ApplicationFilterChain.java:149)
	at org.apache.catalina.core.StandardWrapperValve.invoke(StandardWrapperValve.java:167)
	at org.apache.catalina.core.StandardContextValve.invoke(StandardContextValve.java:90)
	at org.apache.catalina.authenticator.AuthenticatorBase.invoke(AuthenticatorBase.java:482)
	at org.apache.catalina.core.StandardHostValve.invoke(StandardHostValve.java:115)
	at org.apache.catalina.valves.ErrorReportValve.invoke(ErrorReportValve.java:93)
	at org.apache.catalina.core.StandardEngineValve.invoke(StandardEngineValve.java:74)
	at org.apache.catalina.connector.CoyoteAdapter.service(CoyoteAdapter.java:340)
	at org.apache.coyote.http11.Http11Processor.service(Http11Processor.java:391)
	at org.apache.coyote.AbstractProcessorLight.process(AbstractProcessorLight.java:63)
	at org.apache.coyote.AbstractProtocol$ConnectionHandler.process(AbstractProtocol.java:896)
	at org.apache.tomcat.util.net.NioEndpoint$SocketProcessor.doRun(NioEndpoint.java:1744)
	at org.apache.tomcat.util.net.SocketProcessorBase.run(SocketProcessorBase.java:52)
	at org.apache.tomcat.util.threads.ThreadPoolExecutor.runWorker(ThreadPoolExecutor.java:1191)
	at org.apache.tomcat.util.threads.ThreadPoolExecutor$Worker.run(ThreadPoolExecutor.java:659)
	at org.apache.tomcat.util.threads.TaskThread$WrappingRunnable.run(TaskThread.java:61)
	at java.base/java.lang.Thread.run(Thread.java:840)
2025-11-26 15:45:58 [http-nio-8080-exec-4] DEBUG o.s.security.web.FilterChainProxy - Securing GET /error
2025-11-26 15:45:58 [http-nio-8080-exec-4] DEBUG o.s.s.w.c.HttpSessionSecurityContextRepository - Retrieved SecurityContextImpl [Authentication=UsernamePasswordAuthenticationToken [Principal=org.springframework.security.core.userdetails.User [Username=admin, Password=[PROTECTED], Enabled=true, AccountNonExpired=true, CredentialsNonExpired=true, AccountNonLocked=true, Granted Authorities=[ROLE_ADMIN]], Credentials=[PROTECTED], Authenticated=true, Details=WebAuthenticationDetails [RemoteIpAddress=0:0:0:0:0:0:0:1, SessionId=9A8B8C07162CDE1EDFB8B91B50B0456D], Granted Authorities=[ROLE_ADMIN]]]
2025-11-26 15:45:58 [http-nio-8080-exec-4] DEBUG o.s.security.web.FilterChainProxy - Secured GET /error
2025-11-26 15:45:58 [http-nio-8080-exec-4] ERROR org.thymeleaf.TemplateEngine - [THYMELEAF][http-nio-8080-exec-4] Exception processing template "error": Error resolving template [error], template might not exist or might not be accessible by any of the configured Template Resolvers
org.thymeleaf.exceptions.TemplateInputException: Error resolving template [error], template might not exist or might not be accessible by any of the configured Template Resolvers
	at org.thymeleaf.engine.TemplateManager.resolveTemplate(TemplateManager.java:869)
	at org.thymeleaf.engine.TemplateManager.parseAndProcess(TemplateManager.java:607)
	at org.thymeleaf.TemplateEngine.process(TemplateEngine.java:1103)
	at org.thymeleaf.TemplateEngine.process(TemplateEngine.java:1077)
	at org.thymeleaf.spring6.view.ThymeleafView.renderFragment(ThymeleafView.java:372)
	at org.thymeleaf.spring6.view.ThymeleafView.render(ThymeleafView.java:192)
	at org.springframework.web.servlet.DispatcherServlet.render(DispatcherServlet.java:1431)
	at org.springframework.web.servlet.DispatcherServlet.processDispatchResult(DispatcherServlet.java:1167)
	at org.springframework.web.servlet.DispatcherServlet.doDispatch(DispatcherServlet.java:1106)
	at org.springframework.web.servlet.DispatcherServlet.doService(DispatcherServlet.java:979)
	at org.springframework.web.servlet.FrameworkServlet.processRequest(FrameworkServlet.java:1014)
	at org.springframework.web.servlet.FrameworkServlet.doGet(FrameworkServlet.java:903)
	at jakarta.servlet.http.HttpServlet.service(HttpServlet.java:564)
	at org.springframework.web.servlet.FrameworkServlet.service(FrameworkServlet.java:885)
	at jakarta.servlet.http.HttpServlet.service(HttpServlet.java:658)
	at org.apache.catalina.core.ApplicationFilterChain.internalDoFilter(ApplicationFilterChain.java:205)
	at org.apache.catalina.core.ApplicationFilterChain.doFilter(ApplicationFilterChain.java:149)
	at org.springframework.security.web.FilterChainProxy.lambda$doFilterInternal$3(FilterChainProxy.java:231)
	at org.springframework.security.web.ObservationFilterChainDecorator$FilterObservation$SimpleFilterObservation.lambda$wrap$1(ObservationFilterChainDecorator.java:479)
	at org.springframework.security.web.ObservationFilterChainDecorator$AroundFilterObservation$SimpleAroundFilterObservation.lambda$wrap$1(ObservationFilterChainDecorator.java:340)
	at org.springframework.security.web.ObservationFilterChainDecorator.lambda$wrapSecured$0(ObservationFilterChainDecorator.java:82)
	at org.springframework.security.web.ObservationFilterChainDecorator$VirtualFilterChain.doFilter(ObservationFilterChainDecorator.java:128)
	at org.springframework.security.web.access.intercept.AuthorizationFilter.doFilter(AuthorizationFilter.java:100)
	at org.springframework.security.web.ObservationFilterChainDecorator$ObservationFilter.wrapFilter(ObservationFilterChainDecorator.java:240)
	at org.springframework.security.web.ObservationFilterChainDecorator$ObservationFilter.doFilter(ObservationFilterChainDecorator.java:227)
	at org.springframework.security.web.ObservationFilterChainDecorator$VirtualFilterChain.doFilter(ObservationFilterChainDecorator.java:137)
	at org.springframework.security.web.access.ExceptionTranslationFilter.doFilter(ExceptionTranslationFilter.java:126)
	at org.springframework.security.web.access.ExceptionTranslationFilter.doFilter(ExceptionTranslationFilter.java:120)
	at org.springframework.security.web.ObservationFilterChainDecorator$ObservationFilter.wrapFilter(ObservationFilterChainDecorator.java:240)
	at org.springframework.security.web.ObservationFilterChainDecorator$ObservationFilter.doFilter(ObservationFilterChainDecorator.java:227)
	at org.springframework.security.web.ObservationFilterChainDecorator$VirtualFilterChain.doFilter(ObservationFilterChainDecorator.java:137)
	at org.springframework.security.web.session.SessionManagementFilter.doFilter(SessionManagementFilter.java:91)
	at org.springframework.security.web.session.SessionManagementFilter.doFilter(SessionManagementFilter.java:85)
	at org.springframework.security.web.ObservationFilterChainDecorator$ObservationFilter.wrapFilter(ObservationFilterChainDecorator.java:240)
	at org.springframework.security.web.ObservationFilterChainDecorator$ObservationFilter.doFilter(ObservationFilterChainDecorator.java:227)
	at org.springframework.security.web.ObservationFilterChainDecorator$VirtualFilterChain.doFilter(ObservationFilterChainDecorator.java:137)
	at org.springframework.security.web.authentication.AnonymousAuthenticationFilter.doFilter(AnonymousAuthenticationFilter.java:100)
	at org.springframework.security.web.ObservationFilterChainDecorator$ObservationFilter.wrapFilter(ObservationFilterChainDecorator.java:240)
	at org.springframework.security.web.ObservationFilterChainDecorator$ObservationFilter.doFilter(ObservationFilterChainDecorator.java:227)
	at org.springframework.security.web.ObservationFilterChainDecorator$VirtualFilterChain.doFilter(ObservationFilterChainDecorator.java:137)
	at org.springframework.security.web.servletapi.SecurityContextHolderAwareRequestFilter.doFilter(SecurityContextHolderAwareRequestFilter.java:179)
	at org.springframework.security.web.ObservationFilterChainDecorator$ObservationFilter.wrapFilter(ObservationFilterChainDecorator.java:240)
	at org.springframework.security.web.ObservationFilterChainDecorator$ObservationFilter.doFilter(ObservationFilterChainDecorator.java:227)
	at org.springframework.security.web.ObservationFilterChainDecorator$VirtualFilterChain.doFilter(ObservationFilterChainDecorator.java:137)
	at org.springframework.security.web.savedrequest.RequestCacheAwareFilter.doFilter(RequestCacheAwareFilter.java:63)
	at org.springframework.security.web.ObservationFilterChainDecorator$ObservationFilter.wrapFilter(ObservationFilterChainDecorator.java:240)
	at org.springframework.security.web.ObservationFilterChainDecorator$ObservationFilter.doFilter(ObservationFilterChainDecorator.java:227)
	at org.springframework.security.web.ObservationFilterChainDecorator$VirtualFilterChain.doFilter(ObservationFilterChainDecorator.java:137)
	at org.springframework.security.web.session.ConcurrentSessionFilter.doFilter(ConcurrentSessionFilter.java:151)
	at org.springframework.security.web.session.ConcurrentSessionFilter.doFilter(ConcurrentSessionFilter.java:129)
	at org.springframework.security.web.ObservationFilterChainDecorator$ObservationFilter.wrapFilter(ObservationFilterChainDecorator.java:240)
	at org.springframework.security.web.ObservationFilterChainDecorator$ObservationFilter.doFilter(ObservationFilterChainDecorator.java:227)
	at org.springframework.security.web.ObservationFilterChainDecorator$VirtualFilterChain.doFilter(ObservationFilterChainDecorator.java:137)
	at org.springframework.security.web.authentication.AbstractAuthenticationProcessingFilter.doFilter(AbstractAuthenticationProcessingFilter.java:227)
	at org.springframework.security.web.authentication.AbstractAuthenticationProcessingFilter.doFilter(AbstractAuthenticationProcessingFilter.java:221)
	at org.springframework.security.web.ObservationFilterChainDecorator$ObservationFilter.wrapFilter(ObservationFilterChainDecorator.java:240)
	at org.springframework.security.web.ObservationFilterChainDecorator$ObservationFilter.doFilter(ObservationFilterChainDecorator.java:227)
	at org.springframework.security.web.ObservationFilterChainDecorator$VirtualFilterChain.doFilter(ObservationFilterChainDecorator.java:137)
	at org.springframework.security.web.authentication.logout.LogoutFilter.doFilter(LogoutFilter.java:107)
	at org.springframework.security.web.authentication.logout.LogoutFilter.doFilter(LogoutFilter.java:93)
	at org.springframework.security.web.ObservationFilterChainDecorator$ObservationFilter.wrapFilter(ObservationFilterChainDecorator.java:240)
	at org.springframework.security.web.ObservationFilterChainDecorator$ObservationFilter.doFilter(ObservationFilterChainDecorator.java:227)
	at org.springframework.security.web.ObservationFilterChainDecorator$VirtualFilterChain.doFilter(ObservationFilterChainDecorator.java:137)
	at org.springframework.web.filter.OncePerRequestFilter.doFilter(OncePerRequestFilter.java:101)
	at org.springframework.security.web.ObservationFilterChainDecorator$ObservationFilter.wrapFilter(ObservationFilterChainDecorator.java:240)
	at org.springframework.security.web.ObservationFilterChainDecorator$ObservationFilter.doFilter(ObservationFilterChainDecorator.java:227)
	at org.springframework.security.web.ObservationFilterChainDecorator$VirtualFilterChain.doFilter(ObservationFilterChainDecorator.java:137)
	at org.springframework.web.filter.OncePerRequestFilter.doFilter(OncePerRequestFilter.java:101)
	at org.springframework.security.web.ObservationFilterChainDecorator$ObservationFilter.wrapFilter(ObservationFilterChainDecorator.java:240)
	at org.springframework.security.web.ObservationFilterChainDecorator$ObservationFilter.doFilter(ObservationFilterChainDecorator.java:227)
	at org.springframework.security.web.ObservationFilterChainDecorator$VirtualFilterChain.doFilter(ObservationFilterChainDecorator.java:137)
	at org.springframework.security.web.context.SecurityContextHolderFilter.doFilter(SecurityContextHolderFilter.java:82)
	at org.springframework.security.web.context.SecurityContextHolderFilter.doFilter(SecurityContextHolderFilter.java:69)
	at org.springframework.security.web.ObservationFilterChainDecorator$ObservationFilter.wrapFilter(ObservationFilterChainDecorator.java:240)
	at org.springframework.security.web.ObservationFilterChainDecorator$ObservationFilter.doFilter(ObservationFilterChainDecorator.java:227)
	at org.springframework.security.web.ObservationFilterChainDecorator$VirtualFilterChain.doFilter(ObservationFilterChainDecorator.java:137)
	at org.springframework.web.filter.OncePerRequestFilter.doFilter(OncePerRequestFilter.java:101)
	at org.springframework.security.web.ObservationFilterChainDecorator$ObservationFilter.wrapFilter(ObservationFilterChainDecorator.java:240)
	at org.springframework.security.web.ObservationFilterChainDecorator$ObservationFilter.doFilter(ObservationFilterChainDecorator.java:227)
	at org.springframework.security.web.ObservationFilterChainDecorator$VirtualFilterChain.doFilter(ObservationFilterChainDecorator.java:137)
	at org.springframework.web.filter.OncePerRequestFilter.doFilter(OncePerRequestFilter.java:101)
	at org.springframework.security.web.ObservationFilterChainDecorator$ObservationFilter.wrapFilter(ObservationFilterChainDecorator.java:240)
	at org.springframework.security.web.ObservationFilterChainDecorator$AroundFilterObservation$SimpleAroundFilterObservation.lambda$wrap$0(ObservationFilterChainDecorator.java:323)
	at org.springframework.security.web.ObservationFilterChainDecorator$ObservationFilter.doFilter(ObservationFilterChainDecorator.java:224)
	at org.springframework.security.web.ObservationFilterChainDecorator$VirtualFilterChain.doFilter(ObservationFilterChainDecorator.java:137)
	at org.springframework.security.web.FilterChainProxy.doFilterInternal(FilterChainProxy.java:233)
	at org.springframework.security.web.FilterChainProxy.doFilter(FilterChainProxy.java:191)
	at org.springframework.web.filter.DelegatingFilterProxy.invokeDelegate(DelegatingFilterProxy.java:352)
	at org.springframework.web.filter.DelegatingFilterProxy.doFilter(DelegatingFilterProxy.java:268)
	at org.apache.catalina.core.ApplicationFilterChain.internalDoFilter(ApplicationFilterChain.java:174)
	at org.apache.catalina.core.ApplicationFilterChain.doFilter(ApplicationFilterChain.java:149)
	at org.springframework.web.filter.RequestContextFilter.doFilterInternal(RequestContextFilter.java:100)
	at org.springframework.web.filter.OncePerRequestFilter.doFilter(OncePerRequestFilter.java:116)
	at org.apache.catalina.core.ApplicationFilterChain.internalDoFilter(ApplicationFilterChain.java:174)
	at org.apache.catalina.core.ApplicationFilterChain.doFilter(ApplicationFilterChain.java:149)
	at org.springframework.web.filter.OncePerRequestFilter.doFilter(OncePerRequestFilter.java:101)
	at org.apache.catalina.core.ApplicationFilterChain.internalDoFilter(ApplicationFilterChain.java:174)
	at org.apache.catalina.core.ApplicationFilterChain.doFilter(ApplicationFilterChain.java:149)
	at org.springframework.web.filter.OncePerRequestFilter.doFilter(OncePerRequestFilter.java:101)
	at org.apache.catalina.core.ApplicationFilterChain.internalDoFilter(ApplicationFilterChain.java:174)
	at org.apache.catalina.core.ApplicationFilterChain.doFilter(ApplicationFilterChain.java:149)
	at org.apache.catalina.core.ApplicationDispatcher.invoke(ApplicationDispatcher.java:642)
	at org.apache.catalina.core.ApplicationDispatcher.processRequest(ApplicationDispatcher.java:410)
	at org.apache.catalina.core.ApplicationDispatcher.doForward(ApplicationDispatcher.java:340)
	at org.apache.catalina.core.ApplicationDispatcher.forward(ApplicationDispatcher.java:277)
	at org.apache.catalina.core.StandardHostValve.custom(StandardHostValve.java:362)
	at org.apache.catalina.core.StandardHostValve.status(StandardHostValve.java:222)
	at org.apache.catalina.core.StandardHostValve.throwable(StandardHostValve.java:308)
	at org.apache.catalina.core.StandardHostValve.invoke(StandardHostValve.java:149)
	at org.apache.catalina.valves.ErrorReportValve.invoke(ErrorReportValve.java:93)
	at org.apache.catalina.core.StandardEngineValve.invoke(StandardEngineValve.java:74)
	at org.apache.catalina.connector.CoyoteAdapter.service(CoyoteAdapter.java:340)
	at org.apache.coyote.http11.Http11Processor.service(Http11Processor.java:391)
	at org.apache.coyote.AbstractProcessorLight.process(AbstractProcessorLight.java:63)
	at org.apache.coyote.AbstractProtocol$ConnectionHandler.process(AbstractProtocol.java:896)
	at org.apache.tomcat.util.net.NioEndpoint$SocketProcessor.doRun(NioEndpoint.java:1744)
	at org.apache.tomcat.util.net.SocketProcessorBase.run(SocketProcessorBase.java:52)
	at org.apache.tomcat.util.threads.ThreadPoolExecutor.runWorker(ThreadPoolExecutor.java:1191)
	at org.apache.tomcat.util.threads.ThreadPoolExecutor$Worker.run(ThreadPoolExecutor.java:659)
	at org.apache.tomcat.util.threads.TaskThread$WrappingRunnable.run(TaskThread.java:61)
	at java.base/java.lang.Thread.run(Thread.java:840)
2025-11-26 15:45:58 [http-nio-8080-exec-4] ERROR o.a.c.c.C.[.[.[.[dispatcherServlet] - Servlet.service() for servlet [dispatcherServlet] threw exception
org.thymeleaf.exceptions.TemplateInputException: Error resolving template [error], template might not exist or might not be accessible by any of the configured Template Resolvers
	at org.thymeleaf.engine.TemplateManager.resolveTemplate(TemplateManager.java:869)
	at org.thymeleaf.engine.TemplateManager.parseAndProcess(TemplateManager.java:607)
	at org.thymeleaf.TemplateEngine.process(TemplateEngine.java:1103)
	at org.thymeleaf.TemplateEngine.process(TemplateEngine.java:1077)
	at org.thymeleaf.spring6.view.ThymeleafView.renderFragment(ThymeleafView.java:372)
	at org.thymeleaf.spring6.view.ThymeleafView.render(ThymeleafView.java:192)
	at org.springframework.web.servlet.DispatcherServlet.render(DispatcherServlet.java:1431)
	at org.springframework.web.servlet.DispatcherServlet.processDispatchResult(DispatcherServlet.java:1167)
	at org.springframework.web.servlet.DispatcherServlet.doDispatch(DispatcherServlet.java:1106)
	at org.springframework.web.servlet.DispatcherServlet.doService(DispatcherServlet.java:979)
	at org.springframework.web.servlet.FrameworkServlet.processRequest(FrameworkServlet.java:1014)
	at org.springframework.web.servlet.FrameworkServlet.doGet(FrameworkServlet.java:903)
	at jakarta.servlet.http.HttpServlet.service(HttpServlet.java:564)
	at org.springframework.web.servlet.FrameworkServlet.service(FrameworkServlet.java:885)
	at jakarta.servlet.http.HttpServlet.service(HttpServlet.java:658)
	at org.apache.catalina.core.ApplicationFilterChain.internalDoFilter(ApplicationFilterChain.java:205)
	at org.apache.catalina.core.ApplicationFilterChain.doFilter(ApplicationFilterChain.java:149)
	at org.springframework.security.web.FilterChainProxy.lambda$doFilterInternal$3(FilterChainProxy.java:231)
	at org.springframework.security.web.ObservationFilterChainDecorator$FilterObservation$SimpleFilterObservation.lambda$wrap$1(ObservationFilterChainDecorator.java:479)
	at org.springframework.security.web.ObservationFilterChainDecorator$AroundFilterObservation$SimpleAroundFilterObservation.lambda$wrap$1(ObservationFilterChainDecorator.java:340)
	at org.springframework.security.web.ObservationFilterChainDecorator.lambda$wrapSecured$0(ObservationFilterChainDecorator.java:82)
	at org.springframework.security.web.ObservationFilterChainDecorator$VirtualFilterChain.doFilter(ObservationFilterChainDecorator.java:128)
	at org.springframework.security.web.access.intercept.AuthorizationFilter.doFilter(AuthorizationFilter.java:100)
	at org.springframework.security.web.ObservationFilterChainDecorator$ObservationFilter.wrapFilter(ObservationFilterChainDecorator.java:240)
	at org.springframework.security.web.ObservationFilterChainDecorator$ObservationFilter.doFilter(ObservationFilterChainDecorator.java:227)
	at org.springframework.security.web.ObservationFilterChainDecorator$VirtualFilterChain.doFilter(ObservationFilterChainDecorator.java:137)
	at org.springframework.security.web.access.ExceptionTranslationFilter.doFilter(ExceptionTranslationFilter.java:126)
	at org.springframework.security.web.access.ExceptionTranslationFilter.doFilter(ExceptionTranslationFilter.java:120)
	at org.springframework.security.web.ObservationFilterChainDecorator$ObservationFilter.wrapFilter(ObservationFilterChainDecorator.java:240)
	at org.springframework.security.web.ObservationFilterChainDecorator$ObservationFilter.doFilter(ObservationFilterChainDecorator.java:227)
	at org.springframework.security.web.ObservationFilterChainDecorator$VirtualFilterChain.doFilter(ObservationFilterChainDecorator.java:137)
	at org.springframework.security.web.session.SessionManagementFilter.doFilter(SessionManagementFilter.java:91)
	at org.springframework.security.web.session.SessionManagementFilter.doFilter(SessionManagementFilter.java:85)
	at org.springframework.security.web.ObservationFilterChainDecorator$ObservationFilter.wrapFilter(ObservationFilterChainDecorator.java:240)
	at org.springframework.security.web.ObservationFilterChainDecorator$ObservationFilter.doFilter(ObservationFilterChainDecorator.java:227)
	at org.springframework.security.web.ObservationFilterChainDecorator$VirtualFilterChain.doFilter(ObservationFilterChainDecorator.java:137)
	at org.springframework.security.web.authentication.AnonymousAuthenticationFilter.doFilter(AnonymousAuthenticationFilter.java:100)
	at org.springframework.security.web.ObservationFilterChainDecorator$ObservationFilter.wrapFilter(ObservationFilterChainDecorator.java:240)
	at org.springframework.security.web.ObservationFilterChainDecorator$ObservationFilter.doFilter(ObservationFilterChainDecorator.java:227)
	at org.springframework.security.web.ObservationFilterChainDecorator$VirtualFilterChain.doFilter(ObservationFilterChainDecorator.java:137)
	at org.springframework.security.web.servletapi.SecurityContextHolderAwareRequestFilter.doFilter(SecurityContextHolderAwareRequestFilter.java:179)
	at org.springframework.security.web.ObservationFilterChainDecorator$ObservationFilter.wrapFilter(ObservationFilterChainDecorator.java:240)
	at org.springframework.security.web.ObservationFilterChainDecorator$ObservationFilter.doFilter(ObservationFilterChainDecorator.java:227)
	at org.springframework.security.web.ObservationFilterChainDecorator$VirtualFilterChain.doFilter(ObservationFilterChainDecorator.java:137)
	at org.springframework.security.web.savedrequest.RequestCacheAwareFilter.doFilter(RequestCacheAwareFilter.java:63)
	at org.springframework.security.web.ObservationFilterChainDecorator$ObservationFilter.wrapFilter(ObservationFilterChainDecorator.java:240)
	at org.springframework.security.web.ObservationFilterChainDecorator$ObservationFilter.doFilter(ObservationFilterChainDecorator.java:227)
	at org.springframework.security.web.ObservationFilterChainDecorator$VirtualFilterChain.doFilter(ObservationFilterChainDecorator.java:137)
	at org.springframework.security.web.session.ConcurrentSessionFilter.doFilter(ConcurrentSessionFilter.java:151)
	at org.springframework.security.web.session.ConcurrentSessionFilter.doFilter(ConcurrentSessionFilter.java:129)
	at org.springframework.security.web.ObservationFilterChainDecorator$ObservationFilter.wrapFilter(ObservationFilterChainDecorator.java:240)
	at org.springframework.security.web.ObservationFilterChainDecorator$ObservationFilter.doFilter(ObservationFilterChainDecorator.java:227)
	at org.springframework.security.web.ObservationFilterChainDecorator$VirtualFilterChain.doFilter(ObservationFilterChainDecorator.java:137)
	at org.springframework.security.web.authentication.AbstractAuthenticationProcessingFilter.doFilter(AbstractAuthenticationProcessingFilter.java:227)
	at org.springframework.security.web.authentication.AbstractAuthenticationProcessingFilter.doFilter(AbstractAuthenticationProcessingFilter.java:221)
	at org.springframework.security.web.ObservationFilterChainDecorator$ObservationFilter.wrapFilter(ObservationFilterChainDecorator.java:240)
	at org.springframework.security.web.ObservationFilterChainDecorator$ObservationFilter.doFilter(ObservationFilterChainDecorator.java:227)
	at org.springframework.security.web.ObservationFilterChainDecorator$VirtualFilterChain.doFilter(ObservationFilterChainDecorator.java:137)
	at org.springframework.security.web.authentication.logout.LogoutFilter.doFilter(LogoutFilter.java:107)
	at org.springframework.security.web.authentication.logout.LogoutFilter.doFilter(LogoutFilter.java:93)
	at org.springframework.security.web.ObservationFilterChainDecorator$ObservationFilter.wrapFilter(ObservationFilterChainDecorator.java:240)
	at org.springframework.security.web.ObservationFilterChainDecorator$ObservationFilter.doFilter(ObservationFilterChainDecorator.java:227)
	at org.springframework.security.web.ObservationFilterChainDecorator$VirtualFilterChain.doFilter(ObservationFilterChainDecorator.java:137)
	at org.springframework.web.filter.OncePerRequestFilter.doFilter(OncePerRequestFilter.java:101)
	at org.springframework.security.web.ObservationFilterChainDecorator$ObservationFilter.wrapFilter(ObservationFilterChainDecorator.java:240)
	at org.springframework.security.web.ObservationFilterChainDecorator$ObservationFilter.doFilter(ObservationFilterChainDecorator.java:227)
	at org.springframework.security.web.ObservationFilterChainDecorator$VirtualFilterChain.doFilter(ObservationFilterChainDecorator.java:137)
	at org.springframework.web.filter.OncePerRequestFilter.doFilter(OncePerRequestFilter.java:101)
	at org.springframework.security.web.ObservationFilterChainDecorator$ObservationFilter.wrapFilter(ObservationFilterChainDecorator.java:240)
	at org.springframework.security.web.ObservationFilterChainDecorator$ObservationFilter.doFilter(ObservationFilterChainDecorator.java:227)
	at org.springframework.security.web.ObservationFilterChainDecorator$VirtualFilterChain.doFilter(ObservationFilterChainDecorator.java:137)
	at org.springframework.security.web.context.SecurityContextHolderFilter.doFilter(SecurityContextHolderFilter.java:82)
	at org.springframework.security.web.context.SecurityContextHolderFilter.doFilter(SecurityContextHolderFilter.java:69)
	at org.springframework.security.web.ObservationFilterChainDecorator$ObservationFilter.wrapFilter(ObservationFilterChainDecorator.java:240)
	at org.springframework.security.web.ObservationFilterChainDecorator$ObservationFilter.doFilter(ObservationFilterChainDecorator.java:227)
	at org.springframework.security.web.ObservationFilterChainDecorator$VirtualFilterChain.doFilter(ObservationFilterChainDecorator.java:137)
	at org.springframework.web.filter.OncePerRequestFilter.doFilter(OncePerRequestFilter.java:101)
	at org.springframework.security.web.ObservationFilterChainDecorator$ObservationFilter.wrapFilter(ObservationFilterChainDecorator.java:240)
	at org.springframework.security.web.ObservationFilterChainDecorator$ObservationFilter.doFilter(ObservationFilterChainDecorator.java:227)
	at org.springframework.security.web.ObservationFilterChainDecorator$VirtualFilterChain.doFilter(ObservationFilterChainDecorator.java:137)
	at org.springframework.web.filter.OncePerRequestFilter.doFilter(OncePerRequestFilter.java:101)
	at org.springframework.security.web.ObservationFilterChainDecorator$ObservationFilter.wrapFilter(ObservationFilterChainDecorator.java:240)
	at org.springframework.security.web.ObservationFilterChainDecorator$AroundFilterObservation$SimpleAroundFilterObservation.lambda$wrap$0(ObservationFilterChainDecorator.java:323)
	at org.springframework.security.web.ObservationFilterChainDecorator$ObservationFilter.doFilter(ObservationFilterChainDecorator.java:224)
	at org.springframework.security.web.ObservationFilterChainDecorator$VirtualFilterChain.doFilter(ObservationFilterChainDecorator.java:137)
	at org.springframework.security.web.FilterChainProxy.doFilterInternal(FilterChainProxy.java:233)
	at org.springframework.security.web.FilterChainProxy.doFilter(FilterChainProxy.java:191)
	at org.springframework.web.filter.DelegatingFilterProxy.invokeDelegate(DelegatingFilterProxy.java:352)
	at org.springframework.web.filter.DelegatingFilterProxy.doFilter(DelegatingFilterProxy.java:268)
	at org.apache.catalina.core.ApplicationFilterChain.internalDoFilter(ApplicationFilterChain.java:174)
	at org.apache.catalina.core.ApplicationFilterChain.doFilter(ApplicationFilterChain.java:149)
	at org.springframework.web.filter.RequestContextFilter.doFilterInternal(RequestContextFilter.java:100)
	at org.springframework.web.filter.OncePerRequestFilter.doFilter(OncePerRequestFilter.java:116)
	at org.apache.catalina.core.ApplicationFilterChain.internalDoFilter(ApplicationFilterChain.java:174)
	at org.apache.catalina.core.ApplicationFilterChain.doFilter(ApplicationFilterChain.java:149)
	at org.springframework.web.filter.OncePerRequestFilter.doFilter(OncePerRequestFilter.java:101)
	at org.apache.catalina.core.ApplicationFilterChain.internalDoFilter(ApplicationFilterChain.java:174)
	at org.apache.catalina.core.ApplicationFilterChain.doFilter(ApplicationFilterChain.java:149)
	at org.springframework.web.filter.OncePerRequestFilter.doFilter(OncePerRequestFilter.java:101)
	at org.apache.catalina.core.ApplicationFilterChain.internalDoFilter(ApplicationFilterChain.java:174)
	at org.apache.catalina.core.ApplicationFilterChain.doFilter(ApplicationFilterChain.java:149)
	at org.apache.catalina.core.ApplicationDispatcher.invoke(ApplicationDispatcher.java:642)
	at org.apache.catalina.core.ApplicationDispatcher.processRequest(ApplicationDispatcher.java:410)
	at org.apache.catalina.core.ApplicationDispatcher.doForward(ApplicationDispatcher.java:340)
	at org.apache.catalina.core.ApplicationDispatcher.forward(ApplicationDispatcher.java:277)
	at org.apache.catalina.core.StandardHostValve.custom(StandardHostValve.java:362)
	at org.apache.catalina.core.StandardHostValve.status(StandardHostValve.java:222)
	at org.apache.catalina.core.StandardHostValve.throwable(StandardHostValve.java:308)
	at org.apache.catalina.core.StandardHostValve.invoke(StandardHostValve.java:149)
	at org.apache.catalina.valves.ErrorReportValve.invoke(ErrorReportValve.java:93)
	at org.apache.catalina.core.StandardEngineValve.invoke(StandardEngineValve.java:74)
	at org.apache.catalina.connector.CoyoteAdapter.service(CoyoteAdapter.java:340)
	at org.apache.coyote.http11.Http11Processor.service(Http11Processor.java:391)
	at org.apache.coyote.AbstractProcessorLight.process(AbstractProcessorLight.java:63)
	at org.apache.coyote.AbstractProtocol$ConnectionHandler.process(AbstractProtocol.java:896)
	at org.apache.tomcat.util.net.NioEndpoint$SocketProcessor.doRun(NioEndpoint.java:1744)
	at org.apache.tomcat.util.net.SocketProcessorBase.run(SocketProcessorBase.java:52)
	at org.apache.tomcat.util.threads.ThreadPoolExecutor.runWorker(ThreadPoolExecutor.java:1191)
	at org.apache.tomcat.util.threads.ThreadPoolExecutor$Worker.run(ThreadPoolExecutor.java:659)
	at org.apache.tomcat.util.threads.TaskThread$WrappingRunnable.run(TaskThread.java:61)
	at java.base/java.lang.Thread.run(Thread.java:840)
2025-11-26 15:45:58 [http-nio-8080-exec-4] ERROR o.a.c.c.C.[Tomcat].[localhost] - Exception Processing ErrorPage[errorCode=0, location=/error]
jakarta.servlet.ServletException: Request processing failed: org.thymeleaf.exceptions.TemplateInputException: Error resolving template [error], template might not exist or might not be accessible by any of the configured Template Resolvers
	at org.springframework.web.servlet.FrameworkServlet.processRequest(FrameworkServlet.java:1022)
	at org.springframework.web.servlet.FrameworkServlet.doGet(FrameworkServlet.java:903)
	at jakarta.servlet.http.HttpServlet.service(HttpServlet.java:564)
	at org.springframework.web.servlet.FrameworkServlet.service(FrameworkServlet.java:885)
	at jakarta.servlet.http.HttpServlet.service(HttpServlet.java:658)
	at org.apache.catalina.core.ApplicationFilterChain.internalDoFilter(ApplicationFilterChain.java:205)
	at org.apache.catalina.core.ApplicationFilterChain.doFilter(ApplicationFilterChain.java:149)
	at org.springframework.security.web.FilterChainProxy.lambda$doFilterInternal$3(FilterChainProxy.java:231)
	at org.springframework.security.web.ObservationFilterChainDecorator$FilterObservation$SimpleFilterObservation.lambda$wrap$1(ObservationFilterChainDecorator.java:479)
	at org.springframework.security.web.ObservationFilterChainDecorator$AroundFilterObservation$SimpleAroundFilterObservation.lambda$wrap$1(ObservationFilterChainDecorator.java:340)
	at org.springframework.security.web.ObservationFilterChainDecorator.lambda$wrapSecured$0(ObservationFilterChainDecorator.java:82)
	at org.springframework.security.web.ObservationFilterChainDecorator$VirtualFilterChain.doFilter(ObservationFilterChainDecorator.java:128)
	at org.springframework.security.web.access.intercept.AuthorizationFilter.doFilter(AuthorizationFilter.java:100)
	at org.springframework.security.web.ObservationFilterChainDecorator$ObservationFilter.wrapFilter(ObservationFilterChainDecorator.java:240)
	at org.springframework.security.web.ObservationFilterChainDecorator$ObservationFilter.doFilter(ObservationFilterChainDecorator.java:227)
	at org.springframework.security.web.ObservationFilterChainDecorator$VirtualFilterChain.doFilter(ObservationFilterChainDecorator.java:137)
	at org.springframework.security.web.access.ExceptionTranslationFilter.doFilter(ExceptionTranslationFilter.java:126)
	at org.springframework.security.web.access.ExceptionTranslationFilter.doFilter(ExceptionTranslationFilter.java:120)
	at org.springframework.security.web.ObservationFilterChainDecorator$ObservationFilter.wrapFilter(ObservationFilterChainDecorator.java:240)
	at org.springframework.security.web.ObservationFilterChainDecorator$ObservationFilter.doFilter(ObservationFilterChainDecorator.java:227)
	at org.springframework.security.web.ObservationFilterChainDecorator$VirtualFilterChain.doFilter(ObservationFilterChainDecorator.java:137)
	at org.springframework.security.web.session.SessionManagementFilter.doFilter(SessionManagementFilter.java:91)
	at org.springframework.security.web.session.SessionManagementFilter.doFilter(SessionManagementFilter.java:85)
	at org.springframework.security.web.ObservationFilterChainDecorator$ObservationFilter.wrapFilter(ObservationFilterChainDecorator.java:240)
	at org.springframework.security.web.ObservationFilterChainDecorator$ObservationFilter.doFilter(ObservationFilterChainDecorator.java:227)
	at org.springframework.security.web.ObservationFilterChainDecorator$VirtualFilterChain.doFilter(ObservationFilterChainDecorator.java:137)
	at org.springframework.security.web.authentication.AnonymousAuthenticationFilter.doFilter(AnonymousAuthenticationFilter.java:100)
	at org.springframework.security.web.ObservationFilterChainDecorator$ObservationFilter.wrapFilter(ObservationFilterChainDecorator.java:240)
	at org.springframework.security.web.ObservationFilterChainDecorator$ObservationFilter.doFilter(ObservationFilterChainDecorator.java:227)
	at org.springframework.security.web.ObservationFilterChainDecorator$VirtualFilterChain.doFilter(ObservationFilterChainDecorator.java:137)
	at org.springframework.security.web.servletapi.SecurityContextHolderAwareRequestFilter.doFilter(SecurityContextHolderAwareRequestFilter.java:179)
	at org.springframework.security.web.ObservationFilterChainDecorator$ObservationFilter.wrapFilter(ObservationFilterChainDecorator.java:240)
	at org.springframework.security.web.ObservationFilterChainDecorator$ObservationFilter.doFilter(ObservationFilterChainDecorator.java:227)
	at org.springframework.security.web.ObservationFilterChainDecorator$VirtualFilterChain.doFilter(ObservationFilterChainDecorator.java:137)
	at org.springframework.security.web.savedrequest.RequestCacheAwareFilter.doFilter(RequestCacheAwareFilter.java:63)
	at org.springframework.security.web.ObservationFilterChainDecorator$ObservationFilter.wrapFilter(ObservationFilterChainDecorator.java:240)
	at org.springframework.security.web.ObservationFilterChainDecorator$ObservationFilter.doFilter(ObservationFilterChainDecorator.java:227)
	at org.springframework.security.web.ObservationFilterChainDecorator$VirtualFilterChain.doFilter(ObservationFilterChainDecorator.java:137)
	at org.springframework.security.web.session.ConcurrentSessionFilter.doFilter(ConcurrentSessionFilter.java:151)
	at org.springframework.security.web.session.ConcurrentSessionFilter.doFilter(ConcurrentSessionFilter.java:129)
	at org.springframework.security.web.ObservationFilterChainDecorator$ObservationFilter.wrapFilter(ObservationFilterChainDecorator.java:240)
	at org.springframework.security.web.ObservationFilterChainDecorator$ObservationFilter.doFilter(ObservationFilterChainDecorator.java:227)
	at org.springframework.security.web.ObservationFilterChainDecorator$VirtualFilterChain.doFilter(ObservationFilterChainDecorator.java:137)
	at org.springframework.security.web.authentication.AbstractAuthenticationProcessingFilter.doFilter(AbstractAuthenticationProcessingFilter.java:227)
	at org.springframework.security.web.authentication.AbstractAuthenticationProcessingFilter.doFilter(AbstractAuthenticationProcessingFilter.java:221)
	at org.springframework.security.web.ObservationFilterChainDecorator$ObservationFilter.wrapFilter(ObservationFilterChainDecorator.java:240)
	at org.springframework.security.web.ObservationFilterChainDecorator$ObservationFilter.doFilter(ObservationFilterChainDecorator.java:227)
	at org.springframework.security.web.ObservationFilterChainDecorator$VirtualFilterChain.doFilter(ObservationFilterChainDecorator.java:137)
	at org.springframework.security.web.authentication.logout.LogoutFilter.doFilter(LogoutFilter.java:107)
	at org.springframework.security.web.authentication.logout.LogoutFilter.doFilter(LogoutFilter.java:93)
	at org.springframework.security.web.ObservationFilterChainDecorator$ObservationFilter.wrapFilter(ObservationFilterChainDecorator.java:240)
	at org.springframework.security.web.ObservationFilterChainDecorator$ObservationFilter.doFilter(ObservationFilterChainDecorator.java:227)
	at org.springframework.security.web.ObservationFilterChainDecorator$VirtualFilterChain.doFilter(ObservationFilterChainDecorator.java:137)
	at org.springframework.web.filter.OncePerRequestFilter.doFilter(OncePerRequestFilter.java:101)
	at org.springframework.security.web.ObservationFilterChainDecorator$ObservationFilter.wrapFilter(ObservationFilterChainDecorator.java:240)
	at org.springframework.security.web.ObservationFilterChainDecorator$ObservationFilter.doFilter(ObservationFilterChainDecorator.java:227)
	at org.springframework.security.web.ObservationFilterChainDecorator$VirtualFilterChain.doFilter(ObservationFilterChainDecorator.java:137)
	at org.springframework.web.filter.OncePerRequestFilter.doFilter(OncePerRequestFilter.java:101)
	at org.springframework.security.web.ObservationFilterChainDecorator$ObservationFilter.wrapFilter(ObservationFilterChainDecorator.java:240)
	at org.springframework.security.web.ObservationFilterChainDecorator$ObservationFilter.doFilter(ObservationFilterChainDecorator.java:227)
	at org.springframework.security.web.ObservationFilterChainDecorator$VirtualFilterChain.doFilter(ObservationFilterChainDecorator.java:137)
	at org.springframework.security.web.context.SecurityContextHolderFilter.doFilter(SecurityContextHolderFilter.java:82)
	at org.springframework.security.web.context.SecurityContextHolderFilter.doFilter(SecurityContextHolderFilter.java:69)
	at org.springframework.security.web.ObservationFilterChainDecorator$ObservationFilter.wrapFilter(ObservationFilterChainDecorator.java:240)
	at org.springframework.security.web.ObservationFilterChainDecorator$ObservationFilter.doFilter(ObservationFilterChainDecorator.java:227)
	at org.springframework.security.web.ObservationFilterChainDecorator$VirtualFilterChain.doFilter(ObservationFilterChainDecorator.java:137)
	at org.springframework.web.filter.OncePerRequestFilter.doFilter(OncePerRequestFilter.java:101)
	at org.springframework.security.web.ObservationFilterChainDecorator$ObservationFilter.wrapFilter(ObservationFilterChainDecorator.java:240)
	at org.springframework.security.web.ObservationFilterChainDecorator$ObservationFilter.doFilter(ObservationFilterChainDecorator.java:227)
	at org.springframework.security.web.ObservationFilterChainDecorator$VirtualFilterChain.doFilter(ObservationFilterChainDecorator.java:137)
	at org.springframework.web.filter.OncePerRequestFilter.doFilter(OncePerRequestFilter.java:101)
	at org.springframework.security.web.ObservationFilterChainDecorator$ObservationFilter.wrapFilter(ObservationFilterChainDecorator.java:240)
	at org.springframework.security.web.ObservationFilterChainDecorator$AroundFilterObservation$SimpleAroundFilterObservation.lambda$wrap$0(ObservationFilterChainDecorator.java:323)
	at org.springframework.security.web.ObservationFilterChainDecorator$ObservationFilter.doFilter(ObservationFilterChainDecorator.java:224)
	at org.springframework.security.web.ObservationFilterChainDecorator$VirtualFilterChain.doFilter(ObservationFilterChainDecorator.java:137)
	at org.springframework.security.web.FilterChainProxy.doFilterInternal(FilterChainProxy.java:233)
	at org.springframework.security.web.FilterChainProxy.doFilter(FilterChainProxy.java:191)
	at org.springframework.web.filter.DelegatingFilterProxy.invokeDelegate(DelegatingFilterProxy.java:352)
	at org.springframework.web.filter.DelegatingFilterProxy.doFilter(DelegatingFilterProxy.java:268)
	at org.apache.catalina.core.ApplicationFilterChain.internalDoFilter(ApplicationFilterChain.java:174)
	at org.apache.catalina.core.ApplicationFilterChain.doFilter(ApplicationFilterChain.java:149)
	at org.springframework.web.filter.RequestContextFilter.doFilterInternal(RequestContextFilter.java:100)
	at org.springframework.web.filter.OncePerRequestFilter.doFilter(OncePerRequestFilter.java:116)
	at org.apache.catalina.core.ApplicationFilterChain.internalDoFilter(ApplicationFilterChain.java:174)
	at org.apache.catalina.core.ApplicationFilterChain.doFilter(ApplicationFilterChain.java:149)
	at org.springframework.web.filter.OncePerRequestFilter.doFilter(OncePerRequestFilter.java:101)
	at org.apache.catalina.core.ApplicationFilterChain.internalDoFilter(ApplicationFilterChain.java:174)
	at org.apache.catalina.core.ApplicationFilterChain.doFilter(ApplicationFilterChain.java:149)
	at org.springframework.web.filter.OncePerRequestFilter.doFilter(OncePerRequestFilter.java:101)
	at org.apache.catalina.core.ApplicationFilterChain.internalDoFilter(ApplicationFilterChain.java:174)
	at org.apache.catalina.core.ApplicationFilterChain.doFilter(ApplicationFilterChain.java:149)
	at org.apache.catalina.core.ApplicationDispatcher.invoke(ApplicationDispatcher.java:642)
	at org.apache.catalina.core.ApplicationDispatcher.processRequest(ApplicationDispatcher.java:410)
	at org.apache.catalina.core.ApplicationDispatcher.doForward(ApplicationDispatcher.java:340)
	at org.apache.catalina.core.ApplicationDispatcher.forward(ApplicationDispatcher.java:277)
	at org.apache.catalina.core.StandardHostValve.custom(StandardHostValve.java:362)
	at org.apache.catalina.core.StandardHostValve.status(StandardHostValve.java:222)
	at org.apache.catalina.core.StandardHostValve.throwable(StandardHostValve.java:308)
	at org.apache.catalina.core.StandardHostValve.invoke(StandardHostValve.java:149)
	at org.apache.catalina.valves.ErrorReportValve.invoke(ErrorReportValve.java:93)
	at org.apache.catalina.core.StandardEngineValve.invoke(StandardEngineValve.java:74)
	at org.apache.catalina.connector.CoyoteAdapter.service(CoyoteAdapter.java:340)
	at org.apache.coyote.http11.Http11Processor.service(Http11Processor.java:391)
	at org.apache.coyote.AbstractProcessorLight.process(AbstractProcessorLight.java:63)
	at org.apache.coyote.AbstractProtocol$ConnectionHandler.process(AbstractProtocol.java:896)
	at org.apache.tomcat.util.net.NioEndpoint$SocketProcessor.doRun(NioEndpoint.java:1744)
	at org.apache.tomcat.util.net.SocketProcessorBase.run(SocketProcessorBase.java:52)
	at org.apache.tomcat.util.threads.ThreadPoolExecutor.runWorker(ThreadPoolExecutor.java:1191)
	at org.apache.tomcat.util.threads.ThreadPoolExecutor$Worker.run(ThreadPoolExecutor.java:659)
	at org.apache.tomcat.util.threads.TaskThread$WrappingRunnable.run(TaskThread.java:61)
	at java.base/java.lang.Thread.run(Thread.java:840)
Caused by: org.thymeleaf.exceptions.TemplateInputException: Error resolving template [error], template might not exist or might not be accessible by any of the configured Template Resolvers
	at org.thymeleaf.engine.TemplateManager.resolveTemplate(TemplateManager.java:869)
	at org.thymeleaf.engine.TemplateManager.parseAndProcess(TemplateManager.java:607)
	at org.thymeleaf.TemplateEngine.process(TemplateEngine.java:1103)
	at org.thymeleaf.TemplateEngine.process(TemplateEngine.java:1077)
	at org.thymeleaf.spring6.view.ThymeleafView.renderFragment(ThymeleafView.java:372)
	at org.thymeleaf.spring6.view.ThymeleafView.render(ThymeleafView.java:192)
	at org.springframework.web.servlet.DispatcherServlet.render(DispatcherServlet.java:1431)
	at org.springframework.web.servlet.DispatcherServlet.processDispatchResult(DispatcherServlet.java:1167)
	at org.springframework.web.servlet.DispatcherServlet.doDispatch(DispatcherServlet.java:1106)
	at org.springframework.web.servlet.DispatcherServlet.doService(DispatcherServlet.java:979)
	at org.springframework.web.servlet.FrameworkServlet.processRequest(FrameworkServlet.java:1014)
	... 110 common frames omitted
2025-11-26 15:45:58 [http-nio-8080-exec-5] DEBUG o.s.security.web.FilterChainProxy - Securing GET /.well-known/appspecific/com.chrome.devtools.json
2025-11-26 15:45:58 [http-nio-8080-exec-5] DEBUG o.s.s.w.c.HttpSessionSecurityContextRepository - Retrieved SecurityContextImpl [Authentication=UsernamePasswordAuthenticationToken [Principal=org.springframework.security.core.userdetails.User [Username=admin, Password=[PROTECTED], Enabled=true, AccountNonExpired=true, CredentialsNonExpired=true, AccountNonLocked=true, Granted Authorities=[ROLE_ADMIN]], Credentials=[PROTECTED], Authenticated=true, Details=WebAuthenticationDetails [RemoteIpAddress=0:0:0:0:0:0:0:1, SessionId=9A8B8C07162CDE1EDFB8B91B50B0456D], Granted Authorities=[ROLE_ADMIN]]]
2025-11-26 15:45:58 [http-nio-8080-exec-5] DEBUG o.s.security.web.FilterChainProxy - Secured GET /.well-known/appspecific/com.chrome.devtools.json
2025-11-26 15:45:58 [http-nio-8080-exec-5] DEBUG o.s.security.web.FilterChainProxy - Securing GET /error
2025-11-26 15:45:58 [http-nio-8080-exec-5] DEBUG o.s.s.w.c.HttpSessionSecurityContextRepository - Retrieved SecurityContextImpl [Authentication=UsernamePasswordAuthenticationToken [Principal=org.springframework.security.core.userdetails.User [Username=admin, Password=[PROTECTED], Enabled=true, AccountNonExpired=true, CredentialsNonExpired=true, AccountNonLocked=true, Granted Authorities=[ROLE_ADMIN]], Credentials=[PROTECTED], Authenticated=true, Details=WebAuthenticationDetails [RemoteIpAddress=0:0:0:0:0:0:0:1, SessionId=9A8B8C07162CDE1EDFB8B91B50B0456D], Granted Authorities=[ROLE_ADMIN]]]
2025-11-26 15:45:58 [http-nio-8080-exec-5] DEBUG o.s.security.web.FilterChainProxy - Secured GET /error
2025-11-26 15:46:23 [http-nio-8080-exec-6] DEBUG o.s.security.web.FilterChainProxy - Securing GET /
2025-11-26 15:46:23 [http-nio-8080-exec-6] DEBUG o.s.s.w.c.HttpSessionSecurityContextRepository - Retrieved SecurityContextImpl [Authentication=UsernamePasswordAuthenticationToken [Principal=org.springframework.security.core.userdetails.User [Username=admin, Password=[PROTECTED], Enabled=true, AccountNonExpired=true, CredentialsNonExpired=true, AccountNonLocked=true, Granted Authorities=[ROLE_ADMIN]], Credentials=[PROTECTED], Authenticated=true, Details=WebAuthenticationDetails [RemoteIpAddress=0:0:0:0:0:0:0:1, SessionId=9A8B8C07162CDE1EDFB8B91B50B0456D], Granted Authorities=[ROLE_ADMIN]]]
2025-11-26 15:46:23 [http-nio-8080-exec-6] DEBUG o.s.security.web.FilterChainProxy - Secured GET /
2025-11-26 15:46:23 [http-nio-8080-exec-7] DEBUG o.s.security.web.FilterChainProxy - Securing GET /dashboard
2025-11-26 15:46:23 [http-nio-8080-exec-7] DEBUG o.s.s.w.c.HttpSessionSecurityContextRepository - Retrieved SecurityContextImpl [Authentication=UsernamePasswordAuthenticationToken [Principal=org.springframework.security.core.userdetails.User [Username=admin, Password=[PROTECTED], Enabled=true, AccountNonExpired=true, CredentialsNonExpired=true, AccountNonLocked=true, Granted Authorities=[ROLE_ADMIN]], Credentials=[PROTECTED], Authenticated=true, Details=WebAuthenticationDetails [RemoteIpAddress=0:0:0:0:0:0:0:1, SessionId=9A8B8C07162CDE1EDFB8B91B50B0456D], Granted Authorities=[ROLE_ADMIN]]]
2025-11-26 15:46:23 [http-nio-8080-exec-7] DEBUG o.s.security.web.FilterChainProxy - Secured GET /dashboard
2025-11-26 15:46:23 [http-nio-8080-exec-7] DEBUG org.hibernate.SQL - 
    /* <criteria> */ select
        p1_0.id,
        p1_0.activo,
        p1_0.categoria_id,
        p1_0.codigo,
        p1_0.codigoBarras,
        p1_0.color,
        p1_0.costo_almacenamiento,
        p1_0.created_at,
        p1_0.descripcion,
        p1_0.es_perecedero,
        p1_0.fecha_vencimiento,
        p1_0.imagen_url,
        p1_0.lote,
        p1_0.marca,
        p1_0.modelo,
        p1_0.nombre,
        p1_0.numero_serie,
        p1_0.observaciones,
        p1_0.peso,
        p1_0.porcentaje_impuesto,
        p1_0.precio_compra,
        p1_0.precio_mayoreo,
        p1_0.precio_venta,
        p1_0.proveedor_id,
        p1_0.punto_reorden,
        p1_0.requiere_lote,
        p1_0.requiere_serie,
        p1_0.sku,
        p1_0.stock_actual,
        p1_0.stock_maximo,
        p1_0.stock_minimo,
        p1_0.talla,
        p1_0.tiene_impuestos,
        p1_0.unidadMedida,
        p1_0.updated_at,
        p1_0.volumen 
    from
        productos p1_0
2025-11-26 15:46:23 [http-nio-8080-exec-7] DEBUG org.hibernate.SQL - 
    /* <criteria> */ select
        p1_0.id,
        p1_0.activo,
        p1_0.categoria_id,
        p1_0.codigo,
        p1_0.codigoBarras,
        p1_0.color,
        p1_0.costo_almacenamiento,
        p1_0.created_at,
        p1_0.descripcion,
        p1_0.es_perecedero,
        p1_0.fecha_vencimiento,
        p1_0.imagen_url,
        p1_0.lote,
        p1_0.marca,
        p1_0.modelo,
        p1_0.nombre,
        p1_0.numero_serie,
        p1_0.observaciones,
        p1_0.peso,
        p1_0.porcentaje_impuesto,
        p1_0.precio_compra,
        p1_0.precio_mayoreo,
        p1_0.precio_venta,
        p1_0.proveedor_id,
        p1_0.punto_reorden,
        p1_0.requiere_lote,
        p1_0.requiere_serie,
        p1_0.sku,
        p1_0.stock_actual,
        p1_0.stock_maximo,
        p1_0.stock_minimo,
        p1_0.talla,
        p1_0.tiene_impuestos,
        p1_0.unidadMedida,
        p1_0.updated_at,
        p1_0.volumen 
    from
        productos p1_0
2025-11-26 15:46:23 [http-nio-8080-exec-7] DEBUG org.hibernate.SQL - 
    /* <criteria> */ select
        p1_0.id,
        p1_0.activo,
        p1_0.categoria_id,
        p1_0.codigo,
        p1_0.codigoBarras,
        p1_0.color,
        p1_0.costo_almacenamiento,
        p1_0.created_at,
        p1_0.descripcion,
        p1_0.es_perecedero,
        p1_0.fecha_vencimiento,
        p1_0.imagen_url,
        p1_0.lote,
        p1_0.marca,
        p1_0.modelo,
        p1_0.nombre,
        p1_0.numero_serie,
        p1_0.observaciones,
        p1_0.peso,
        p1_0.porcentaje_impuesto,
        p1_0.precio_compra,
        p1_0.precio_mayoreo,
        p1_0.precio_venta,
        p1_0.proveedor_id,
        p1_0.punto_reorden,
        p1_0.requiere_lote,
        p1_0.requiere_serie,
        p1_0.sku,
        p1_0.stock_actual,
        p1_0.stock_maximo,
        p1_0.stock_minimo,
        p1_0.talla,
        p1_0.tiene_impuestos,
        p1_0.unidadMedida,
        p1_0.updated_at,
        p1_0.volumen 
    from
        productos p1_0
2025-11-26 15:46:23 [http-nio-8080-exec-7] DEBUG org.hibernate.SQL - 
    /* SELECT
        COUNT(m) 
    FROM
        Movimiento m 
    WHERE
        DATE(m.fechaMovimiento) = CURRENT_DATE */ select
            count(m1_0.id) 
        from
            movimientos m1_0 
        where
            date(m1_0.fecha_movimiento)=current_date
2025-11-26 15:46:23 [http-nio-8080-exec-7] DEBUG org.hibernate.SQL - 
    /* <criteria> */ select
        p1_0.id,
        p1_0.activo,
        p1_0.categoria_id,
        p1_0.codigo,
        p1_0.codigoBarras,
        p1_0.color,
        p1_0.costo_almacenamiento,
        p1_0.created_at,
        p1_0.descripcion,
        p1_0.es_perecedero,
        p1_0.fecha_vencimiento,
        p1_0.imagen_url,
        p1_0.lote,
        p1_0.marca,
        p1_0.modelo,
        p1_0.nombre,
        p1_0.numero_serie,
        p1_0.observaciones,
        p1_0.peso,
        p1_0.porcentaje_impuesto,
        p1_0.precio_compra,
        p1_0.precio_mayoreo,
        p1_0.precio_venta,
        p1_0.proveedor_id,
        p1_0.punto_reorden,
        p1_0.requiere_lote,
        p1_0.requiere_serie,
        p1_0.sku,
        p1_0.stock_actual,
        p1_0.stock_maximo,
        p1_0.stock_minimo,
        p1_0.talla,
        p1_0.tiene_impuestos,
        p1_0.unidadMedida,
        p1_0.updated_at,
        p1_0.volumen 
    from
        productos p1_0
2025-11-26 15:46:23 [http-nio-8080-exec-7] DEBUG org.hibernate.SQL - 
    /* <criteria> */ select
        p1_0.id,
        p1_0.activo,
        p1_0.categoria_id,
        p1_0.codigo,
        p1_0.codigoBarras,
        p1_0.color,
        p1_0.costo_almacenamiento,
        p1_0.created_at,
        p1_0.descripcion,
        p1_0.es_perecedero,
        p1_0.fecha_vencimiento,
        p1_0.imagen_url,
        p1_0.lote,
        p1_0.marca,
        p1_0.modelo,
        p1_0.nombre,
        p1_0.numero_serie,
        p1_0.observaciones,
        p1_0.peso,
        p1_0.porcentaje_impuesto,
        p1_0.precio_compra,
        p1_0.precio_mayoreo,
        p1_0.precio_venta,
        p1_0.proveedor_id,
        p1_0.punto_reorden,
        p1_0.requiere_lote,
        p1_0.requiere_serie,
        p1_0.sku,
        p1_0.stock_actual,
        p1_0.stock_maximo,
        p1_0.stock_minimo,
        p1_0.talla,
        p1_0.tiene_impuestos,
        p1_0.unidadMedida,
        p1_0.updated_at,
        p1_0.volumen 
    from
        productos p1_0
2025-11-26 15:46:23 [http-nio-8080-exec-7] DEBUG org.hibernate.SQL - 
    /* SELECT
        a 
    FROM
        Alerta a 
    WHERE
        a.activa = true 
        AND a.leida = false 
    ORDER BY
        a.prioridad DESC,
        a.createdAt DESC */ select
            a1_0.id,
            a1_0.activa,
            a1_0.almacen_id,
            a1_0.created_at,
            a1_0.fecha_lectura,
            a1_0.leida,
            a1_0.mensaje,
            a1_0.prioridad,
            a1_0.producto_id,
            a1_0.tipo 
        from
            alertas a1_0 
        where
            a1_0.activa=1 
            and a1_0.leida=0 
        order by
            a1_0.prioridad desc,
            a1_0.created_at desc
2025-11-26 15:46:23 [http-nio-8080-exec-7] DEBUG org.hibernate.SQL - 
    /* SELECT
        m 
    FROM
        Movimiento m 
    ORDER BY
        m.fechaMovimiento DESC */ select
            m1_0.id,
            m1_0.almacen_id,
            m1_0.aprobado_por,
            m1_0.cliente_id,
            m1_0.codigo,
            m1_0.created_at,
            m1_0.estado,
            m1_0.fecha_aprobacion,
            m1_0.fecha_movimiento,
            m1_0.numero_documento,
            m1_0.observaciones,
            m1_0.proveedor_id,
            m1_0.subtipo,
            m1_0.tipo,
            m1_0.total_items,
            m1_0.updated_at,
            m1_0.usuario_id,
            m1_0.valor_total 
        from
            movimientos m1_0 
        order by
            m1_0.fecha_movimiento desc
2025-11-26 15:46:23 [http-nio-8080-exec-7] DEBUG org.hibernate.SQL - 
    /* <criteria> */ select
        p1_0.id,
        p1_0.activo,
        p1_0.categoria_id,
        p1_0.codigo,
        p1_0.codigoBarras,
        p1_0.color,
        p1_0.costo_almacenamiento,
        p1_0.created_at,
        p1_0.descripcion,
        p1_0.es_perecedero,
        p1_0.fecha_vencimiento,
        p1_0.imagen_url,
        p1_0.lote,
        p1_0.marca,
        p1_0.modelo,
        p1_0.nombre,
        p1_0.numero_serie,
        p1_0.observaciones,
        p1_0.peso,
        p1_0.porcentaje_impuesto,
        p1_0.precio_compra,
        p1_0.precio_mayoreo,
        p1_0.precio_venta,
        p1_0.proveedor_id,
        p1_0.punto_reorden,
        p1_0.requiere_lote,
        p1_0.requiere_serie,
        p1_0.sku,
        p1_0.stock_actual,
        p1_0.stock_maximo,
        p1_0.stock_minimo,
        p1_0.talla,
        p1_0.tiene_impuestos,
        p1_0.unidadMedida,
        p1_0.updated_at,
        p1_0.volumen 
    from
        productos p1_0
2025-11-26 15:46:23 [http-nio-8080-exec-7] ERROR org.thymeleaf.TemplateEngine - [THYMELEAF][http-nio-8080-exec-7] Exception processing template "templates/index": Error resolving template [templates/index], template might not exist or might not be accessible by any of the configured Template Resolvers
org.thymeleaf.exceptions.TemplateInputException: Error resolving template [templates/index], template might not exist or might not be accessible by any of the configured Template Resolvers
	at org.thymeleaf.engine.TemplateManager.resolveTemplate(TemplateManager.java:869)
	at org.thymeleaf.engine.TemplateManager.parseAndProcess(TemplateManager.java:607)
	at org.thymeleaf.TemplateEngine.process(TemplateEngine.java:1103)
	at org.thymeleaf.TemplateEngine.process(TemplateEngine.java:1077)
	at org.thymeleaf.spring6.view.ThymeleafView.renderFragment(ThymeleafView.java:372)
	at org.thymeleaf.spring6.view.ThymeleafView.render(ThymeleafView.java:192)
	at org.springframework.web.servlet.DispatcherServlet.render(DispatcherServlet.java:1431)
	at org.springframework.web.servlet.DispatcherServlet.processDispatchResult(DispatcherServlet.java:1167)
	at org.springframework.web.servlet.DispatcherServlet.doDispatch(DispatcherServlet.java:1106)
	at org.springframework.web.servlet.DispatcherServlet.doService(DispatcherServlet.java:979)
	at org.springframework.web.servlet.FrameworkServlet.processRequest(FrameworkServlet.java:1014)
	at org.springframework.web.servlet.FrameworkServlet.doGet(FrameworkServlet.java:903)
	at jakarta.servlet.http.HttpServlet.service(HttpServlet.java:564)
	at org.springframework.web.servlet.FrameworkServlet.service(FrameworkServlet.java:885)
	at jakarta.servlet.http.HttpServlet.service(HttpServlet.java:658)
	at org.apache.catalina.core.ApplicationFilterChain.internalDoFilter(ApplicationFilterChain.java:205)
	at org.apache.catalina.core.ApplicationFilterChain.doFilter(ApplicationFilterChain.java:149)
	at org.apache.tomcat.websocket.server.WsFilter.doFilter(WsFilter.java:51)
	at org.apache.catalina.core.ApplicationFilterChain.internalDoFilter(ApplicationFilterChain.java:174)
	at org.apache.catalina.core.ApplicationFilterChain.doFilter(ApplicationFilterChain.java:149)
	at org.springframework.security.web.FilterChainProxy.lambda$doFilterInternal$3(FilterChainProxy.java:231)
	at org.springframework.security.web.ObservationFilterChainDecorator$FilterObservation$SimpleFilterObservation.lambda$wrap$1(ObservationFilterChainDecorator.java:479)
	at org.springframework.security.web.ObservationFilterChainDecorator$AroundFilterObservation$SimpleAroundFilterObservation.lambda$wrap$1(ObservationFilterChainDecorator.java:340)
	at org.springframework.security.web.ObservationFilterChainDecorator.lambda$wrapSecured$0(ObservationFilterChainDecorator.java:82)
	at org.springframework.security.web.ObservationFilterChainDecorator$VirtualFilterChain.doFilter(ObservationFilterChainDecorator.java:128)
	at org.springframework.security.web.access.intercept.AuthorizationFilter.doFilter(AuthorizationFilter.java:100)
	at org.springframework.security.web.ObservationFilterChainDecorator$ObservationFilter.wrapFilter(ObservationFilterChainDecorator.java:240)
	at org.springframework.security.web.ObservationFilterChainDecorator$ObservationFilter.doFilter(ObservationFilterChainDecorator.java:227)
	at org.springframework.security.web.ObservationFilterChainDecorator$VirtualFilterChain.doFilter(ObservationFilterChainDecorator.java:137)
	at org.springframework.security.web.access.ExceptionTranslationFilter.doFilter(ExceptionTranslationFilter.java:126)
	at org.springframework.security.web.access.ExceptionTranslationFilter.doFilter(ExceptionTranslationFilter.java:120)
	at org.springframework.security.web.ObservationFilterChainDecorator$ObservationFilter.wrapFilter(ObservationFilterChainDecorator.java:240)
	at org.springframework.security.web.ObservationFilterChainDecorator$ObservationFilter.doFilter(ObservationFilterChainDecorator.java:227)
	at org.springframework.security.web.ObservationFilterChainDecorator$VirtualFilterChain.doFilter(ObservationFilterChainDecorator.java:137)
	at org.springframework.security.web.session.SessionManagementFilter.doFilter(SessionManagementFilter.java:131)
	at org.springframework.security.web.session.SessionManagementFilter.doFilter(SessionManagementFilter.java:85)
	at org.springframework.security.web.ObservationFilterChainDecorator$ObservationFilter.wrapFilter(ObservationFilterChainDecorator.java:240)
	at org.springframework.security.web.ObservationFilterChainDecorator$ObservationFilter.doFilter(ObservationFilterChainDecorator.java:227)
	at org.springframework.security.web.ObservationFilterChainDecorator$VirtualFilterChain.doFilter(ObservationFilterChainDecorator.java:137)
	at org.springframework.security.web.authentication.AnonymousAuthenticationFilter.doFilter(AnonymousAuthenticationFilter.java:100)
	at org.springframework.security.web.ObservationFilterChainDecorator$ObservationFilter.wrapFilter(ObservationFilterChainDecorator.java:240)
	at org.springframework.security.web.ObservationFilterChainDecorator$ObservationFilter.doFilter(ObservationFilterChainDecorator.java:227)
	at org.springframework.security.web.ObservationFilterChainDecorator$VirtualFilterChain.doFilter(ObservationFilterChainDecorator.java:137)
	at org.springframework.security.web.servletapi.SecurityContextHolderAwareRequestFilter.doFilter(SecurityContextHolderAwareRequestFilter.java:179)
	at org.springframework.security.web.ObservationFilterChainDecorator$ObservationFilter.wrapFilter(ObservationFilterChainDecorator.java:240)
	at org.springframework.security.web.ObservationFilterChainDecorator$ObservationFilter.doFilter(ObservationFilterChainDecorator.java:227)
	at org.springframework.security.web.ObservationFilterChainDecorator$VirtualFilterChain.doFilter(ObservationFilterChainDecorator.java:137)
	at org.springframework.security.web.savedrequest.RequestCacheAwareFilter.doFilter(RequestCacheAwareFilter.java:63)
	at org.springframework.security.web.ObservationFilterChainDecorator$ObservationFilter.wrapFilter(ObservationFilterChainDecorator.java:240)
	at org.springframework.security.web.ObservationFilterChainDecorator$ObservationFilter.doFilter(ObservationFilterChainDecorator.java:227)
	at org.springframework.security.web.ObservationFilterChainDecorator$VirtualFilterChain.doFilter(ObservationFilterChainDecorator.java:137)
	at org.springframework.security.web.session.ConcurrentSessionFilter.doFilter(ConcurrentSessionFilter.java:151)
	at org.springframework.security.web.session.ConcurrentSessionFilter.doFilter(ConcurrentSessionFilter.java:129)
	at org.springframework.security.web.ObservationFilterChainDecorator$ObservationFilter.wrapFilter(ObservationFilterChainDecorator.java:240)
	at org.springframework.security.web.ObservationFilterChainDecorator$ObservationFilter.doFilter(ObservationFilterChainDecorator.java:227)
	at org.springframework.security.web.ObservationFilterChainDecorator$VirtualFilterChain.doFilter(ObservationFilterChainDecorator.java:137)
	at org.springframework.security.web.authentication.AbstractAuthenticationProcessingFilter.doFilter(AbstractAuthenticationProcessingFilter.java:227)
	at org.springframework.security.web.authentication.AbstractAuthenticationProcessingFilter.doFilter(AbstractAuthenticationProcessingFilter.java:221)
	at org.springframework.security.web.ObservationFilterChainDecorator$ObservationFilter.wrapFilter(ObservationFilterChainDecorator.java:240)
	at org.springframework.security.web.ObservationFilterChainDecorator$ObservationFilter.doFilter(ObservationFilterChainDecorator.java:227)
	at org.springframework.security.web.ObservationFilterChainDecorator$VirtualFilterChain.doFilter(ObservationFilterChainDecorator.java:137)
	at org.springframework.security.web.authentication.logout.LogoutFilter.doFilter(LogoutFilter.java:107)
	at org.springframework.security.web.authentication.logout.LogoutFilter.doFilter(LogoutFilter.java:93)
	at org.springframework.security.web.ObservationFilterChainDecorator$ObservationFilter.wrapFilter(ObservationFilterChainDecorator.java:240)
	at org.springframework.security.web.ObservationFilterChainDecorator$ObservationFilter.doFilter(ObservationFilterChainDecorator.java:227)
	at org.springframework.security.web.ObservationFilterChainDecorator$VirtualFilterChain.doFilter(ObservationFilterChainDecorator.java:137)
	at org.springframework.web.filter.CorsFilter.doFilterInternal(CorsFilter.java:91)
	at org.springframework.web.filter.OncePerRequestFilter.doFilter(OncePerRequestFilter.java:116)
	at org.springframework.security.web.ObservationFilterChainDecorator$ObservationFilter.wrapFilter(ObservationFilterChainDecorator.java:240)
	at org.springframework.security.web.ObservationFilterChainDecorator$ObservationFilter.doFilter(ObservationFilterChainDecorator.java:227)
	at org.springframework.security.web.ObservationFilterChainDecorator$VirtualFilterChain.doFilter(ObservationFilterChainDecorator.java:137)
	at org.springframework.security.web.header.HeaderWriterFilter.doHeadersAfter(HeaderWriterFilter.java:90)
	at org.springframework.security.web.header.HeaderWriterFilter.doFilterInternal(HeaderWriterFilter.java:75)
	at org.springframework.web.filter.OncePerRequestFilter.doFilter(OncePerRequestFilter.java:116)
	at org.springframework.security.web.ObservationFilterChainDecorator$ObservationFilter.wrapFilter(ObservationFilterChainDecorator.java:240)
	at org.springframework.security.web.ObservationFilterChainDecorator$ObservationFilter.doFilter(ObservationFilterChainDecorator.java:227)
	at org.springframework.security.web.ObservationFilterChainDecorator$VirtualFilterChain.doFilter(ObservationFilterChainDecorator.java:137)
	at org.springframework.security.web.context.SecurityContextHolderFilter.doFilter(SecurityContextHolderFilter.java:82)
	at org.springframework.security.web.context.SecurityContextHolderFilter.doFilter(SecurityContextHolderFilter.java:69)
	at org.springframework.security.web.ObservationFilterChainDecorator$ObservationFilter.wrapFilter(ObservationFilterChainDecorator.java:240)
	at org.springframework.security.web.ObservationFilterChainDecorator$ObservationFilter.doFilter(ObservationFilterChainDecorator.java:227)
	at org.springframework.security.web.ObservationFilterChainDecorator$VirtualFilterChain.doFilter(ObservationFilterChainDecorator.java:137)
	at org.springframework.security.web.context.request.async.WebAsyncManagerIntegrationFilter.doFilterInternal(WebAsyncManagerIntegrationFilter.java:62)
	at org.springframework.web.filter.OncePerRequestFilter.doFilter(OncePerRequestFilter.java:116)
	at org.springframework.security.web.ObservationFilterChainDecorator$ObservationFilter.wrapFilter(ObservationFilterChainDecorator.java:240)
	at org.springframework.security.web.ObservationFilterChainDecorator$ObservationFilter.doFilter(ObservationFilterChainDecorator.java:227)
	at org.springframework.security.web.ObservationFilterChainDecorator$VirtualFilterChain.doFilter(ObservationFilterChainDecorator.java:137)
	at org.springframework.security.web.session.DisableEncodeUrlFilter.doFilterInternal(DisableEncodeUrlFilter.java:42)
	at org.springframework.web.filter.OncePerRequestFilter.doFilter(OncePerRequestFilter.java:116)
	at org.springframework.security.web.ObservationFilterChainDecorator$ObservationFilter.wrapFilter(ObservationFilterChainDecorator.java:240)
	at org.springframework.security.web.ObservationFilterChainDecorator$AroundFilterObservation$SimpleAroundFilterObservation.lambda$wrap$0(ObservationFilterChainDecorator.java:323)
	at org.springframework.security.web.ObservationFilterChainDecorator$ObservationFilter.doFilter(ObservationFilterChainDecorator.java:224)
	at org.springframework.security.web.ObservationFilterChainDecorator$VirtualFilterChain.doFilter(ObservationFilterChainDecorator.java:137)
	at org.springframework.security.web.FilterChainProxy.doFilterInternal(FilterChainProxy.java:233)
	at org.springframework.security.web.FilterChainProxy.doFilter(FilterChainProxy.java:191)
	at org.springframework.web.filter.DelegatingFilterProxy.invokeDelegate(DelegatingFilterProxy.java:352)
	at org.springframework.web.filter.DelegatingFilterProxy.doFilter(DelegatingFilterProxy.java:268)
	at org.apache.catalina.core.ApplicationFilterChain.internalDoFilter(ApplicationFilterChain.java:174)
	at org.apache.catalina.core.ApplicationFilterChain.doFilter(ApplicationFilterChain.java:149)
	at org.springframework.web.filter.RequestContextFilter.doFilterInternal(RequestContextFilter.java:100)
	at org.springframework.web.filter.OncePerRequestFilter.doFilter(OncePerRequestFilter.java:116)
	at org.apache.catalina.core.ApplicationFilterChain.internalDoFilter(ApplicationFilterChain.java:174)
	at org.apache.catalina.core.ApplicationFilterChain.doFilter(ApplicationFilterChain.java:149)
	at org.springframework.web.filter.FormContentFilter.doFilterInternal(FormContentFilter.java:93)
	at org.springframework.web.filter.OncePerRequestFilter.doFilter(OncePerRequestFilter.java:116)
	at org.apache.catalina.core.ApplicationFilterChain.internalDoFilter(ApplicationFilterChain.java:174)
	at org.apache.catalina.core.ApplicationFilterChain.doFilter(ApplicationFilterChain.java:149)
	at org.springframework.web.filter.ServerHttpObservationFilter.doFilterInternal(ServerHttpObservationFilter.java:109)
	at org.springframework.web.filter.OncePerRequestFilter.doFilter(OncePerRequestFilter.java:116)
	at org.apache.catalina.core.ApplicationFilterChain.internalDoFilter(ApplicationFilterChain.java:174)
	at org.apache.catalina.core.ApplicationFilterChain.doFilter(ApplicationFilterChain.java:149)
	at org.springframework.web.filter.CharacterEncodingFilter.doFilterInternal(CharacterEncodingFilter.java:201)
	at org.springframework.web.filter.OncePerRequestFilter.doFilter(OncePerRequestFilter.java:116)
	at org.apache.catalina.core.ApplicationFilterChain.internalDoFilter(ApplicationFilterChain.java:174)
	at org.apache.catalina.core.ApplicationFilterChain.doFilter(ApplicationFilterChain.java:149)
	at org.apache.catalina.core.StandardWrapperValve.invoke(StandardWrapperValve.java:167)
	at org.apache.catalina.core.StandardContextValve.invoke(StandardContextValve.java:90)
	at org.apache.catalina.authenticator.AuthenticatorBase.invoke(AuthenticatorBase.java:482)
	at org.apache.catalina.core.StandardHostValve.invoke(StandardHostValve.java:115)
	at org.apache.catalina.valves.ErrorReportValve.invoke(ErrorReportValve.java:93)
	at org.apache.catalina.core.StandardEngineValve.invoke(StandardEngineValve.java:74)
	at org.apache.catalina.connector.CoyoteAdapter.service(CoyoteAdapter.java:340)
	at org.apache.coyote.http11.Http11Processor.service(Http11Processor.java:391)
	at org.apache.coyote.AbstractProcessorLight.process(AbstractProcessorLight.java:63)
	at org.apache.coyote.AbstractProtocol$ConnectionHandler.process(AbstractProtocol.java:896)
	at org.apache.tomcat.util.net.NioEndpoint$SocketProcessor.doRun(NioEndpoint.java:1744)
	at org.apache.tomcat.util.net.SocketProcessorBase.run(SocketProcessorBase.java:52)
	at org.apache.tomcat.util.threads.ThreadPoolExecutor.runWorker(ThreadPoolExecutor.java:1191)
	at org.apache.tomcat.util.threads.ThreadPoolExecutor$Worker.run(ThreadPoolExecutor.java:659)
	at org.apache.tomcat.util.threads.TaskThread$WrappingRunnable.run(TaskThread.java:61)
	at java.base/java.lang.Thread.run(Thread.java:840)
2025-11-26 15:46:23 [http-nio-8080-exec-7] ERROR o.a.c.c.C.[.[.[.[dispatcherServlet] - Servlet.service() for servlet [dispatcherServlet] in context with path [] threw exception [Request processing failed: org.thymeleaf.exceptions.TemplateInputException: Error resolving template [templates/index], template might not exist or might not be accessible by any of the configured Template Resolvers] with root cause
org.thymeleaf.exceptions.TemplateInputException: Error resolving template [templates/index], template might not exist or might not be accessible by any of the configured Template Resolvers
	at org.thymeleaf.engine.TemplateManager.resolveTemplate(TemplateManager.java:869)
	at org.thymeleaf.engine.TemplateManager.parseAndProcess(TemplateManager.java:607)
	at org.thymeleaf.TemplateEngine.process(TemplateEngine.java:1103)
	at org.thymeleaf.TemplateEngine.process(TemplateEngine.java:1077)
	at org.thymeleaf.spring6.view.ThymeleafView.renderFragment(ThymeleafView.java:372)
	at org.thymeleaf.spring6.view.ThymeleafView.render(ThymeleafView.java:192)
	at org.springframework.web.servlet.DispatcherServlet.render(DispatcherServlet.java:1431)
	at org.springframework.web.servlet.DispatcherServlet.processDispatchResult(DispatcherServlet.java:1167)
	at org.springframework.web.servlet.DispatcherServlet.doDispatch(DispatcherServlet.java:1106)
	at org.springframework.web.servlet.DispatcherServlet.doService(DispatcherServlet.java:979)
	at org.springframework.web.servlet.FrameworkServlet.processRequest(FrameworkServlet.java:1014)
	at org.springframework.web.servlet.FrameworkServlet.doGet(FrameworkServlet.java:903)
	at jakarta.servlet.http.HttpServlet.service(HttpServlet.java:564)
	at org.springframework.web.servlet.FrameworkServlet.service(FrameworkServlet.java:885)
	at jakarta.servlet.http.HttpServlet.service(HttpServlet.java:658)
	at org.apache.catalina.core.ApplicationFilterChain.internalDoFilter(ApplicationFilterChain.java:205)
	at org.apache.catalina.core.ApplicationFilterChain.doFilter(ApplicationFilterChain.java:149)
	at org.apache.tomcat.websocket.server.WsFilter.doFilter(WsFilter.java:51)
	at org.apache.catalina.core.ApplicationFilterChain.internalDoFilter(ApplicationFilterChain.java:174)
	at org.apache.catalina.core.ApplicationFilterChain.doFilter(ApplicationFilterChain.java:149)
	at org.springframework.security.web.FilterChainProxy.lambda$doFilterInternal$3(FilterChainProxy.java:231)
	at org.springframework.security.web.ObservationFilterChainDecorator$FilterObservation$SimpleFilterObservation.lambda$wrap$1(ObservationFilterChainDecorator.java:479)
	at org.springframework.security.web.ObservationFilterChainDecorator$AroundFilterObservation$SimpleAroundFilterObservation.lambda$wrap$1(ObservationFilterChainDecorator.java:340)
	at org.springframework.security.web.ObservationFilterChainDecorator.lambda$wrapSecured$0(ObservationFilterChainDecorator.java:82)
	at org.springframework.security.web.ObservationFilterChainDecorator$VirtualFilterChain.doFilter(ObservationFilterChainDecorator.java:128)
	at org.springframework.security.web.access.intercept.AuthorizationFilter.doFilter(AuthorizationFilter.java:100)
	at org.springframework.security.web.ObservationFilterChainDecorator$ObservationFilter.wrapFilter(ObservationFilterChainDecorator.java:240)
	at org.springframework.security.web.ObservationFilterChainDecorator$ObservationFilter.doFilter(ObservationFilterChainDecorator.java:227)
	at org.springframework.security.web.ObservationFilterChainDecorator$VirtualFilterChain.doFilter(ObservationFilterChainDecorator.java:137)
	at org.springframework.security.web.access.ExceptionTranslationFilter.doFilter(ExceptionTranslationFilter.java:126)
	at org.springframework.security.web.access.ExceptionTranslationFilter.doFilter(ExceptionTranslationFilter.java:120)
	at org.springframework.security.web.ObservationFilterChainDecorator$ObservationFilter.wrapFilter(ObservationFilterChainDecorator.java:240)
	at org.springframework.security.web.ObservationFilterChainDecorator$ObservationFilter.doFilter(ObservationFilterChainDecorator.java:227)
	at org.springframework.security.web.ObservationFilterChainDecorator$VirtualFilterChain.doFilter(ObservationFilterChainDecorator.java:137)
	at org.springframework.security.web.session.SessionManagementFilter.doFilter(SessionManagementFilter.java:131)
	at org.springframework.security.web.session.SessionManagementFilter.doFilter(SessionManagementFilter.java:85)
	at org.springframework.security.web.ObservationFilterChainDecorator$ObservationFilter.wrapFilter(ObservationFilterChainDecorator.java:240)
	at org.springframework.security.web.ObservationFilterChainDecorator$ObservationFilter.doFilter(ObservationFilterChainDecorator.java:227)
	at org.springframework.security.web.ObservationFilterChainDecorator$VirtualFilterChain.doFilter(ObservationFilterChainDecorator.java:137)
	at org.springframework.security.web.authentication.AnonymousAuthenticationFilter.doFilter(AnonymousAuthenticationFilter.java:100)
	at org.springframework.security.web.ObservationFilterChainDecorator$ObservationFilter.wrapFilter(ObservationFilterChainDecorator.java:240)
	at org.springframework.security.web.ObservationFilterChainDecorator$ObservationFilter.doFilter(ObservationFilterChainDecorator.java:227)
	at org.springframework.security.web.ObservationFilterChainDecorator$VirtualFilterChain.doFilter(ObservationFilterChainDecorator.java:137)
	at org.springframework.security.web.servletapi.SecurityContextHolderAwareRequestFilter.doFilter(SecurityContextHolderAwareRequestFilter.java:179)
	at org.springframework.security.web.ObservationFilterChainDecorator$ObservationFilter.wrapFilter(ObservationFilterChainDecorator.java:240)
	at org.springframework.security.web.ObservationFilterChainDecorator$ObservationFilter.doFilter(ObservationFilterChainDecorator.java:227)
	at org.springframework.security.web.ObservationFilterChainDecorator$VirtualFilterChain.doFilter(ObservationFilterChainDecorator.java:137)
	at org.springframework.security.web.savedrequest.RequestCacheAwareFilter.doFilter(RequestCacheAwareFilter.java:63)
	at org.springframework.security.web.ObservationFilterChainDecorator$ObservationFilter.wrapFilter(ObservationFilterChainDecorator.java:240)
	at org.springframework.security.web.ObservationFilterChainDecorator$ObservationFilter.doFilter(ObservationFilterChainDecorator.java:227)
	at org.springframework.security.web.ObservationFilterChainDecorator$VirtualFilterChain.doFilter(ObservationFilterChainDecorator.java:137)
	at org.springframework.security.web.session.ConcurrentSessionFilter.doFilter(ConcurrentSessionFilter.java:151)
	at org.springframework.security.web.session.ConcurrentSessionFilter.doFilter(ConcurrentSessionFilter.java:129)
	at org.springframework.security.web.ObservationFilterChainDecorator$ObservationFilter.wrapFilter(ObservationFilterChainDecorator.java:240)
	at org.springframework.security.web.ObservationFilterChainDecorator$ObservationFilter.doFilter(ObservationFilterChainDecorator.java:227)
	at org.springframework.security.web.ObservationFilterChainDecorator$VirtualFilterChain.doFilter(ObservationFilterChainDecorator.java:137)
	at org.springframework.security.web.authentication.AbstractAuthenticationProcessingFilter.doFilter(AbstractAuthenticationProcessingFilter.java:227)
	at org.springframework.security.web.authentication.AbstractAuthenticationProcessingFilter.doFilter(AbstractAuthenticationProcessingFilter.java:221)
	at org.springframework.security.web.ObservationFilterChainDecorator$ObservationFilter.wrapFilter(ObservationFilterChainDecorator.java:240)
	at org.springframework.security.web.ObservationFilterChainDecorator$ObservationFilter.doFilter(ObservationFilterChainDecorator.java:227)
	at org.springframework.security.web.ObservationFilterChainDecorator$VirtualFilterChain.doFilter(ObservationFilterChainDecorator.java:137)
	at org.springframework.security.web.authentication.logout.LogoutFilter.doFilter(LogoutFilter.java:107)
	at org.springframework.security.web.authentication.logout.LogoutFilter.doFilter(LogoutFilter.java:93)
	at org.springframework.security.web.ObservationFilterChainDecorator$ObservationFilter.wrapFilter(ObservationFilterChainDecorator.java:240)
	at org.springframework.security.web.ObservationFilterChainDecorator$ObservationFilter.doFilter(ObservationFilterChainDecorator.java:227)
	at org.springframework.security.web.ObservationFilterChainDecorator$VirtualFilterChain.doFilter(ObservationFilterChainDecorator.java:137)
	at org.springframework.web.filter.CorsFilter.doFilterInternal(CorsFilter.java:91)
	at org.springframework.web.filter.OncePerRequestFilter.doFilter(OncePerRequestFilter.java:116)
	at org.springframework.security.web.ObservationFilterChainDecorator$ObservationFilter.wrapFilter(ObservationFilterChainDecorator.java:240)
	at org.springframework.security.web.ObservationFilterChainDecorator$ObservationFilter.doFilter(ObservationFilterChainDecorator.java:227)
	at org.springframework.security.web.ObservationFilterChainDecorator$VirtualFilterChain.doFilter(ObservationFilterChainDecorator.java:137)
	at org.springframework.security.web.header.HeaderWriterFilter.doHeadersAfter(HeaderWriterFilter.java:90)
	at org.springframework.security.web.header.HeaderWriterFilter.doFilterInternal(HeaderWriterFilter.java:75)
	at org.springframework.web.filter.OncePerRequestFilter.doFilter(OncePerRequestFilter.java:116)
	at org.springframework.security.web.ObservationFilterChainDecorator$ObservationFilter.wrapFilter(ObservationFilterChainDecorator.java:240)
	at org.springframework.security.web.ObservationFilterChainDecorator$ObservationFilter.doFilter(ObservationFilterChainDecorator.java:227)
	at org.springframework.security.web.ObservationFilterChainDecorator$VirtualFilterChain.doFilter(ObservationFilterChainDecorator.java:137)
	at org.springframework.security.web.context.SecurityContextHolderFilter.doFilter(SecurityContextHolderFilter.java:82)
	at org.springframework.security.web.context.SecurityContextHolderFilter.doFilter(SecurityContextHolderFilter.java:69)
	at org.springframework.security.web.ObservationFilterChainDecorator$ObservationFilter.wrapFilter(ObservationFilterChainDecorator.java:240)
	at org.springframework.security.web.ObservationFilterChainDecorator$ObservationFilter.doFilter(ObservationFilterChainDecorator.java:227)
	at org.springframework.security.web.ObservationFilterChainDecorator$VirtualFilterChain.doFilter(ObservationFilterChainDecorator.java:137)
	at org.springframework.security.web.context.request.async.WebAsyncManagerIntegrationFilter.doFilterInternal(WebAsyncManagerIntegrationFilter.java:62)
	at org.springframework.web.filter.OncePerRequestFilter.doFilter(OncePerRequestFilter.java:116)
	at org.springframework.security.web.ObservationFilterChainDecorator$ObservationFilter.wrapFilter(ObservationFilterChainDecorator.java:240)
	at org.springframework.security.web.ObservationFilterChainDecorator$ObservationFilter.doFilter(ObservationFilterChainDecorator.java:227)
	at org.springframework.security.web.ObservationFilterChainDecorator$VirtualFilterChain.doFilter(ObservationFilterChainDecorator.java:137)
	at org.springframework.security.web.session.DisableEncodeUrlFilter.doFilterInternal(DisableEncodeUrlFilter.java:42)
	at org.springframework.web.filter.OncePerRequestFilter.doFilter(OncePerRequestFilter.java:116)
	at org.springframework.security.web.ObservationFilterChainDecorator$ObservationFilter.wrapFilter(ObservationFilterChainDecorator.java:240)
	at org.springframework.security.web.ObservationFilterChainDecorator$AroundFilterObservation$SimpleAroundFilterObservation.lambda$wrap$0(ObservationFilterChainDecorator.java:323)
	at org.springframework.security.web.ObservationFilterChainDecorator$ObservationFilter.doFilter(ObservationFilterChainDecorator.java:224)
	at org.springframework.security.web.ObservationFilterChainDecorator$VirtualFilterChain.doFilter(ObservationFilterChainDecorator.java:137)
	at org.springframework.security.web.FilterChainProxy.doFilterInternal(FilterChainProxy.java:233)
	at org.springframework.security.web.FilterChainProxy.doFilter(FilterChainProxy.java:191)
	at org.springframework.web.filter.DelegatingFilterProxy.invokeDelegate(DelegatingFilterProxy.java:352)
	at org.springframework.web.filter.DelegatingFilterProxy.doFilter(DelegatingFilterProxy.java:268)
	at org.apache.catalina.core.ApplicationFilterChain.internalDoFilter(ApplicationFilterChain.java:174)
	at org.apache.catalina.core.ApplicationFilterChain.doFilter(ApplicationFilterChain.java:149)
	at org.springframework.web.filter.RequestContextFilter.doFilterInternal(RequestContextFilter.java:100)
	at org.springframework.web.filter.OncePerRequestFilter.doFilter(OncePerRequestFilter.java:116)
	at org.apache.catalina.core.ApplicationFilterChain.internalDoFilter(ApplicationFilterChain.java:174)
	at org.apache.catalina.core.ApplicationFilterChain.doFilter(ApplicationFilterChain.java:149)
	at org.springframework.web.filter.FormContentFilter.doFilterInternal(FormContentFilter.java:93)
	at org.springframework.web.filter.OncePerRequestFilter.doFilter(OncePerRequestFilter.java:116)
	at org.apache.catalina.core.ApplicationFilterChain.internalDoFilter(ApplicationFilterChain.java:174)
	at org.apache.catalina.core.ApplicationFilterChain.doFilter(ApplicationFilterChain.java:149)
	at org.springframework.web.filter.ServerHttpObservationFilter.doFilterInternal(ServerHttpObservationFilter.java:109)
	at org.springframework.web.filter.OncePerRequestFilter.doFilter(OncePerRequestFilter.java:116)
	at org.apache.catalina.core.ApplicationFilterChain.internalDoFilter(ApplicationFilterChain.java:174)
	at org.apache.catalina.core.ApplicationFilterChain.doFilter(ApplicationFilterChain.java:149)
	at org.springframework.web.filter.CharacterEncodingFilter.doFilterInternal(CharacterEncodingFilter.java:201)
	at org.springframework.web.filter.OncePerRequestFilter.doFilter(OncePerRequestFilter.java:116)
	at org.apache.catalina.core.ApplicationFilterChain.internalDoFilter(ApplicationFilterChain.java:174)
	at org.apache.catalina.core.ApplicationFilterChain.doFilter(ApplicationFilterChain.java:149)
	at org.apache.catalina.core.StandardWrapperValve.invoke(StandardWrapperValve.java:167)
	at org.apache.catalina.core.StandardContextValve.invoke(StandardContextValve.java:90)
	at org.apache.catalina.authenticator.AuthenticatorBase.invoke(AuthenticatorBase.java:482)
	at org.apache.catalina.core.StandardHostValve.invoke(StandardHostValve.java:115)
	at org.apache.catalina.valves.ErrorReportValve.invoke(ErrorReportValve.java:93)
	at org.apache.catalina.core.StandardEngineValve.invoke(StandardEngineValve.java:74)
	at org.apache.catalina.connector.CoyoteAdapter.service(CoyoteAdapter.java:340)
	at org.apache.coyote.http11.Http11Processor.service(Http11Processor.java:391)
	at org.apache.coyote.AbstractProcessorLight.process(AbstractProcessorLight.java:63)
	at org.apache.coyote.AbstractProtocol$ConnectionHandler.process(AbstractProtocol.java:896)
	at org.apache.tomcat.util.net.NioEndpoint$SocketProcessor.doRun(NioEndpoint.java:1744)
	at org.apache.tomcat.util.net.SocketProcessorBase.run(SocketProcessorBase.java:52)
	at org.apache.tomcat.util.threads.ThreadPoolExecutor.runWorker(ThreadPoolExecutor.java:1191)
	at org.apache.tomcat.util.threads.ThreadPoolExecutor$Worker.run(ThreadPoolExecutor.java:659)
	at org.apache.tomcat.util.threads.TaskThread$WrappingRunnable.run(TaskThread.java:61)
	at java.base/java.lang.Thread.run(Thread.java:840)
2025-11-26 15:46:23 [http-nio-8080-exec-7] DEBUG o.s.security.web.FilterChainProxy - Securing GET /error
2025-11-26 15:46:23 [http-nio-8080-exec-7] DEBUG o.s.s.w.c.HttpSessionSecurityContextRepository - Retrieved SecurityContextImpl [Authentication=UsernamePasswordAuthenticationToken [Principal=org.springframework.security.core.userdetails.User [Username=admin, Password=[PROTECTED], Enabled=true, AccountNonExpired=true, CredentialsNonExpired=true, AccountNonLocked=true, Granted Authorities=[ROLE_ADMIN]], Credentials=[PROTECTED], Authenticated=true, Details=WebAuthenticationDetails [RemoteIpAddress=0:0:0:0:0:0:0:1, SessionId=9A8B8C07162CDE1EDFB8B91B50B0456D], Granted Authorities=[ROLE_ADMIN]]]
2025-11-26 15:46:23 [http-nio-8080-exec-7] DEBUG o.s.security.web.FilterChainProxy - Secured GET /error
2025-11-26 15:46:23 [http-nio-8080-exec-7] ERROR org.thymeleaf.TemplateEngine - [THYMELEAF][http-nio-8080-exec-7] Exception processing template "error": Error resolving template [error], template might not exist or might not be accessible by any of the configured Template Resolvers
org.thymeleaf.exceptions.TemplateInputException: Error resolving template [error], template might not exist or might not be accessible by any of the configured Template Resolvers
	at org.thymeleaf.engine.TemplateManager.resolveTemplate(TemplateManager.java:869)
	at org.thymeleaf.engine.TemplateManager.parseAndProcess(TemplateManager.java:607)
	at org.thymeleaf.TemplateEngine.process(TemplateEngine.java:1103)
	at org.thymeleaf.TemplateEngine.process(TemplateEngine.java:1077)
	at org.thymeleaf.spring6.view.ThymeleafView.renderFragment(ThymeleafView.java:372)
	at org.thymeleaf.spring6.view.ThymeleafView.render(ThymeleafView.java:192)
	at org.springframework.web.servlet.DispatcherServlet.render(DispatcherServlet.java:1431)
	at org.springframework.web.servlet.DispatcherServlet.processDispatchResult(DispatcherServlet.java:1167)
	at org.springframework.web.servlet.DispatcherServlet.doDispatch(DispatcherServlet.java:1106)
	at org.springframework.web.servlet.DispatcherServlet.doService(DispatcherServlet.java:979)
	at org.springframework.web.servlet.FrameworkServlet.processRequest(FrameworkServlet.java:1014)
	at org.springframework.web.servlet.FrameworkServlet.doGet(FrameworkServlet.java:903)
	at jakarta.servlet.http.HttpServlet.service(HttpServlet.java:564)
	at org.springframework.web.servlet.FrameworkServlet.service(FrameworkServlet.java:885)
	at jakarta.servlet.http.HttpServlet.service(HttpServlet.java:658)
	at org.apache.catalina.core.ApplicationFilterChain.internalDoFilter(ApplicationFilterChain.java:205)
	at org.apache.catalina.core.ApplicationFilterChain.doFilter(ApplicationFilterChain.java:149)
	at org.springframework.security.web.FilterChainProxy.lambda$doFilterInternal$3(FilterChainProxy.java:231)
	at org.springframework.security.web.ObservationFilterChainDecorator$FilterObservation$SimpleFilterObservation.lambda$wrap$1(ObservationFilterChainDecorator.java:479)
	at org.springframework.security.web.ObservationFilterChainDecorator$AroundFilterObservation$SimpleAroundFilterObservation.lambda$wrap$1(ObservationFilterChainDecorator.java:340)
	at org.springframework.security.web.ObservationFilterChainDecorator.lambda$wrapSecured$0(ObservationFilterChainDecorator.java:82)
	at org.springframework.security.web.ObservationFilterChainDecorator$VirtualFilterChain.doFilter(ObservationFilterChainDecorator.java:128)
	at org.springframework.security.web.access.intercept.AuthorizationFilter.doFilter(AuthorizationFilter.java:100)
	at org.springframework.security.web.ObservationFilterChainDecorator$ObservationFilter.wrapFilter(ObservationFilterChainDecorator.java:240)
	at org.springframework.security.web.ObservationFilterChainDecorator$ObservationFilter.doFilter(ObservationFilterChainDecorator.java:227)
	at org.springframework.security.web.ObservationFilterChainDecorator$VirtualFilterChain.doFilter(ObservationFilterChainDecorator.java:137)
	at org.springframework.security.web.access.ExceptionTranslationFilter.doFilter(ExceptionTranslationFilter.java:126)
	at org.springframework.security.web.access.ExceptionTranslationFilter.doFilter(ExceptionTranslationFilter.java:120)
	at org.springframework.security.web.ObservationFilterChainDecorator$ObservationFilter.wrapFilter(ObservationFilterChainDecorator.java:240)
	at org.springframework.security.web.ObservationFilterChainDecorator$ObservationFilter.doFilter(ObservationFilterChainDecorator.java:227)
	at org.springframework.security.web.ObservationFilterChainDecorator$VirtualFilterChain.doFilter(ObservationFilterChainDecorator.java:137)
	at org.springframework.security.web.session.SessionManagementFilter.doFilter(SessionManagementFilter.java:91)
	at org.springframework.security.web.session.SessionManagementFilter.doFilter(SessionManagementFilter.java:85)
	at org.springframework.security.web.ObservationFilterChainDecorator$ObservationFilter.wrapFilter(ObservationFilterChainDecorator.java:240)
	at org.springframework.security.web.ObservationFilterChainDecorator$ObservationFilter.doFilter(ObservationFilterChainDecorator.java:227)
	at org.springframework.security.web.ObservationFilterChainDecorator$VirtualFilterChain.doFilter(ObservationFilterChainDecorator.java:137)
	at org.springframework.security.web.authentication.AnonymousAuthenticationFilter.doFilter(AnonymousAuthenticationFilter.java:100)
	at org.springframework.security.web.ObservationFilterChainDecorator$ObservationFilter.wrapFilter(ObservationFilterChainDecorator.java:240)
	at org.springframework.security.web.ObservationFilterChainDecorator$ObservationFilter.doFilter(ObservationFilterChainDecorator.java:227)
	at org.springframework.security.web.ObservationFilterChainDecorator$VirtualFilterChain.doFilter(ObservationFilterChainDecorator.java:137)
	at org.springframework.security.web.servletapi.SecurityContextHolderAwareRequestFilter.doFilter(SecurityContextHolderAwareRequestFilter.java:179)
	at org.springframework.security.web.ObservationFilterChainDecorator$ObservationFilter.wrapFilter(ObservationFilterChainDecorator.java:240)
	at org.springframework.security.web.ObservationFilterChainDecorator$ObservationFilter.doFilter(ObservationFilterChainDecorator.java:227)
	at org.springframework.security.web.ObservationFilterChainDecorator$VirtualFilterChain.doFilter(ObservationFilterChainDecorator.java:137)
	at org.springframework.security.web.savedrequest.RequestCacheAwareFilter.doFilter(RequestCacheAwareFilter.java:63)
	at org.springframework.security.web.ObservationFilterChainDecorator$ObservationFilter.wrapFilter(ObservationFilterChainDecorator.java:240)
	at org.springframework.security.web.ObservationFilterChainDecorator$ObservationFilter.doFilter(ObservationFilterChainDecorator.java:227)
	at org.springframework.security.web.ObservationFilterChainDecorator$VirtualFilterChain.doFilter(ObservationFilterChainDecorator.java:137)
	at org.springframework.security.web.session.ConcurrentSessionFilter.doFilter(ConcurrentSessionFilter.java:151)
	at org.springframework.security.web.session.ConcurrentSessionFilter.doFilter(ConcurrentSessionFilter.java:129)
	at org.springframework.security.web.ObservationFilterChainDecorator$ObservationFilter.wrapFilter(ObservationFilterChainDecorator.java:240)
	at org.springframework.security.web.ObservationFilterChainDecorator$ObservationFilter.doFilter(ObservationFilterChainDecorator.java:227)
	at org.springframework.security.web.ObservationFilterChainDecorator$VirtualFilterChain.doFilter(ObservationFilterChainDecorator.java:137)
	at org.springframework.security.web.authentication.AbstractAuthenticationProcessingFilter.doFilter(AbstractAuthenticationProcessingFilter.java:227)
	at org.springframework.security.web.authentication.AbstractAuthenticationProcessingFilter.doFilter(AbstractAuthenticationProcessingFilter.java:221)
	at org.springframework.security.web.ObservationFilterChainDecorator$ObservationFilter.wrapFilter(ObservationFilterChainDecorator.java:240)
	at org.springframework.security.web.ObservationFilterChainDecorator$ObservationFilter.doFilter(ObservationFilterChainDecorator.java:227)
	at org.springframework.security.web.ObservationFilterChainDecorator$VirtualFilterChain.doFilter(ObservationFilterChainDecorator.java:137)
	at org.springframework.security.web.authentication.logout.LogoutFilter.doFilter(LogoutFilter.java:107)
	at org.springframework.security.web.authentication.logout.LogoutFilter.doFilter(LogoutFilter.java:93)
	at org.springframework.security.web.ObservationFilterChainDecorator$ObservationFilter.wrapFilter(ObservationFilterChainDecorator.java:240)
	at org.springframework.security.web.ObservationFilterChainDecorator$ObservationFilter.doFilter(ObservationFilterChainDecorator.java:227)
	at org.springframework.security.web.ObservationFilterChainDecorator$VirtualFilterChain.doFilter(ObservationFilterChainDecorator.java:137)
	at org.springframework.web.filter.OncePerRequestFilter.doFilter(OncePerRequestFilter.java:101)
	at org.springframework.security.web.ObservationFilterChainDecorator$ObservationFilter.wrapFilter(ObservationFilterChainDecorator.java:240)
	at org.springframework.security.web.ObservationFilterChainDecorator$ObservationFilter.doFilter(ObservationFilterChainDecorator.java:227)
	at org.springframework.security.web.ObservationFilterChainDecorator$VirtualFilterChain.doFilter(ObservationFilterChainDecorator.java:137)
	at org.springframework.web.filter.OncePerRequestFilter.doFilter(OncePerRequestFilter.java:101)
	at org.springframework.security.web.ObservationFilterChainDecorator$ObservationFilter.wrapFilter(ObservationFilterChainDecorator.java:240)
	at org.springframework.security.web.ObservationFilterChainDecorator$ObservationFilter.doFilter(ObservationFilterChainDecorator.java:227)
	at org.springframework.security.web.ObservationFilterChainDecorator$VirtualFilterChain.doFilter(ObservationFilterChainDecorator.java:137)
	at org.springframework.security.web.context.SecurityContextHolderFilter.doFilter(SecurityContextHolderFilter.java:82)
	at org.springframework.security.web.context.SecurityContextHolderFilter.doFilter(SecurityContextHolderFilter.java:69)
	at org.springframework.security.web.ObservationFilterChainDecorator$ObservationFilter.wrapFilter(ObservationFilterChainDecorator.java:240)
	at org.springframework.security.web.ObservationFilterChainDecorator$ObservationFilter.doFilter(ObservationFilterChainDecorator.java:227)
	at org.springframework.security.web.ObservationFilterChainDecorator$VirtualFilterChain.doFilter(ObservationFilterChainDecorator.java:137)
	at org.springframework.web.filter.OncePerRequestFilter.doFilter(OncePerRequestFilter.java:101)
	at org.springframework.security.web.ObservationFilterChainDecorator$ObservationFilter.wrapFilter(ObservationFilterChainDecorator.java:240)
	at org.springframework.security.web.ObservationFilterChainDecorator$ObservationFilter.doFilter(ObservationFilterChainDecorator.java:227)
	at org.springframework.security.web.ObservationFilterChainDecorator$VirtualFilterChain.doFilter(ObservationFilterChainDecorator.java:137)
	at org.springframework.web.filter.OncePerRequestFilter.doFilter(OncePerRequestFilter.java:101)
	at org.springframework.security.web.ObservationFilterChainDecorator$ObservationFilter.wrapFilter(ObservationFilterChainDecorator.java:240)
	at org.springframework.security.web.ObservationFilterChainDecorator$AroundFilterObservation$SimpleAroundFilterObservation.lambda$wrap$0(ObservationFilterChainDecorator.java:323)
	at org.springframework.security.web.ObservationFilterChainDecorator$ObservationFilter.doFilter(ObservationFilterChainDecorator.java:224)
	at org.springframework.security.web.ObservationFilterChainDecorator$VirtualFilterChain.doFilter(ObservationFilterChainDecorator.java:137)
	at org.springframework.security.web.FilterChainProxy.doFilterInternal(FilterChainProxy.java:233)
	at org.springframework.security.web.FilterChainProxy.doFilter(FilterChainProxy.java:191)
	at org.springframework.web.filter.DelegatingFilterProxy.invokeDelegate(DelegatingFilterProxy.java:352)
	at org.springframework.web.filter.DelegatingFilterProxy.doFilter(DelegatingFilterProxy.java:268)
	at org.apache.catalina.core.ApplicationFilterChain.internalDoFilter(ApplicationFilterChain.java:174)
	at org.apache.catalina.core.ApplicationFilterChain.doFilter(ApplicationFilterChain.java:149)
	at org.springframework.web.filter.RequestContextFilter.doFilterInternal(RequestContextFilter.java:100)
	at org.springframework.web.filter.OncePerRequestFilter.doFilter(OncePerRequestFilter.java:116)
	at org.apache.catalina.core.ApplicationFilterChain.internalDoFilter(ApplicationFilterChain.java:174)
	at org.apache.catalina.core.ApplicationFilterChain.doFilter(ApplicationFilterChain.java:149)
	at org.springframework.web.filter.OncePerRequestFilter.doFilter(OncePerRequestFilter.java:101)
	at org.apache.catalina.core.ApplicationFilterChain.internalDoFilter(ApplicationFilterChain.java:174)
	at org.apache.catalina.core.ApplicationFilterChain.doFilter(ApplicationFilterChain.java:149)
	at org.springframework.web.filter.OncePerRequestFilter.doFilter(OncePerRequestFilter.java:101)
	at org.apache.catalina.core.ApplicationFilterChain.internalDoFilter(ApplicationFilterChain.java:174)
	at org.apache.catalina.core.ApplicationFilterChain.doFilter(ApplicationFilterChain.java:149)
	at org.apache.catalina.core.ApplicationDispatcher.invoke(ApplicationDispatcher.java:642)
	at org.apache.catalina.core.ApplicationDispatcher.processRequest(ApplicationDispatcher.java:410)
	at org.apache.catalina.core.ApplicationDispatcher.doForward(ApplicationDispatcher.java:340)
	at org.apache.catalina.core.ApplicationDispatcher.forward(ApplicationDispatcher.java:277)
	at org.apache.catalina.core.StandardHostValve.custom(StandardHostValve.java:362)
	at org.apache.catalina.core.StandardHostValve.status(StandardHostValve.java:222)
	at org.apache.catalina.core.StandardHostValve.throwable(StandardHostValve.java:308)
	at org.apache.catalina.core.StandardHostValve.invoke(StandardHostValve.java:149)
	at org.apache.catalina.valves.ErrorReportValve.invoke(ErrorReportValve.java:93)
	at org.apache.catalina.core.StandardEngineValve.invoke(StandardEngineValve.java:74)
	at org.apache.catalina.connector.CoyoteAdapter.service(CoyoteAdapter.java:340)
	at org.apache.coyote.http11.Http11Processor.service(Http11Processor.java:391)
	at org.apache.coyote.AbstractProcessorLight.process(AbstractProcessorLight.java:63)
	at org.apache.coyote.AbstractProtocol$ConnectionHandler.process(AbstractProtocol.java:896)
	at org.apache.tomcat.util.net.NioEndpoint$SocketProcessor.doRun(NioEndpoint.java:1744)
	at org.apache.tomcat.util.net.SocketProcessorBase.run(SocketProcessorBase.java:52)
	at org.apache.tomcat.util.threads.ThreadPoolExecutor.runWorker(ThreadPoolExecutor.java:1191)
	at org.apache.tomcat.util.threads.ThreadPoolExecutor$Worker.run(ThreadPoolExecutor.java:659)
	at org.apache.tomcat.util.threads.TaskThread$WrappingRunnable.run(TaskThread.java:61)
	at java.base/java.lang.Thread.run(Thread.java:840)
2025-11-26 15:46:23 [http-nio-8080-exec-7] ERROR o.a.c.c.C.[.[.[.[dispatcherServlet] - Servlet.service() for servlet [dispatcherServlet] threw exception
org.thymeleaf.exceptions.TemplateInputException: Error resolving template [error], template might not exist or might not be accessible by any of the configured Template Resolvers
	at org.thymeleaf.engine.TemplateManager.resolveTemplate(TemplateManager.java:869)
	at org.thymeleaf.engine.TemplateManager.parseAndProcess(TemplateManager.java:607)
	at org.thymeleaf.TemplateEngine.process(TemplateEngine.java:1103)
	at org.thymeleaf.TemplateEngine.process(TemplateEngine.java:1077)
	at org.thymeleaf.spring6.view.ThymeleafView.renderFragment(ThymeleafView.java:372)
	at org.thymeleaf.spring6.view.ThymeleafView.render(ThymeleafView.java:192)
	at org.springframework.web.servlet.DispatcherServlet.render(DispatcherServlet.java:1431)
	at org.springframework.web.servlet.DispatcherServlet.processDispatchResult(DispatcherServlet.java:1167)
	at org.springframework.web.servlet.DispatcherServlet.doDispatch(DispatcherServlet.java:1106)
	at org.springframework.web.servlet.DispatcherServlet.doService(DispatcherServlet.java:979)
	at org.springframework.web.servlet.FrameworkServlet.processRequest(FrameworkServlet.java:1014)
	at org.springframework.web.servlet.FrameworkServlet.doGet(FrameworkServlet.java:903)
	at jakarta.servlet.http.HttpServlet.service(HttpServlet.java:564)
	at org.springframework.web.servlet.FrameworkServlet.service(FrameworkServlet.java:885)
	at jakarta.servlet.http.HttpServlet.service(HttpServlet.java:658)
	at org.apache.catalina.core.ApplicationFilterChain.internalDoFilter(ApplicationFilterChain.java:205)
	at org.apache.catalina.core.ApplicationFilterChain.doFilter(ApplicationFilterChain.java:149)
	at org.springframework.security.web.FilterChainProxy.lambda$doFilterInternal$3(FilterChainProxy.java:231)
	at org.springframework.security.web.ObservationFilterChainDecorator$FilterObservation$SimpleFilterObservation.lambda$wrap$1(ObservationFilterChainDecorator.java:479)
	at org.springframework.security.web.ObservationFilterChainDecorator$AroundFilterObservation$SimpleAroundFilterObservation.lambda$wrap$1(ObservationFilterChainDecorator.java:340)
	at org.springframework.security.web.ObservationFilterChainDecorator.lambda$wrapSecured$0(ObservationFilterChainDecorator.java:82)
	at org.springframework.security.web.ObservationFilterChainDecorator$VirtualFilterChain.doFilter(ObservationFilterChainDecorator.java:128)
	at org.springframework.security.web.access.intercept.AuthorizationFilter.doFilter(AuthorizationFilter.java:100)
	at org.springframework.security.web.ObservationFilterChainDecorator$ObservationFilter.wrapFilter(ObservationFilterChainDecorator.java:240)
	at org.springframework.security.web.ObservationFilterChainDecorator$ObservationFilter.doFilter(ObservationFilterChainDecorator.java:227)
	at org.springframework.security.web.ObservationFilterChainDecorator$VirtualFilterChain.doFilter(ObservationFilterChainDecorator.java:137)
	at org.springframework.security.web.access.ExceptionTranslationFilter.doFilter(ExceptionTranslationFilter.java:126)
	at org.springframework.security.web.access.ExceptionTranslationFilter.doFilter(ExceptionTranslationFilter.java:120)
	at org.springframework.security.web.ObservationFilterChainDecorator$ObservationFilter.wrapFilter(ObservationFilterChainDecorator.java:240)
	at org.springframework.security.web.ObservationFilterChainDecorator$ObservationFilter.doFilter(ObservationFilterChainDecorator.java:227)
	at org.springframework.security.web.ObservationFilterChainDecorator$VirtualFilterChain.doFilter(ObservationFilterChainDecorator.java:137)
	at org.springframework.security.web.session.SessionManagementFilter.doFilter(SessionManagementFilter.java:91)
	at org.springframework.security.web.session.SessionManagementFilter.doFilter(SessionManagementFilter.java:85)
	at org.springframework.security.web.ObservationFilterChainDecorator$ObservationFilter.wrapFilter(ObservationFilterChainDecorator.java:240)
	at org.springframework.security.web.ObservationFilterChainDecorator$ObservationFilter.doFilter(ObservationFilterChainDecorator.java:227)
	at org.springframework.security.web.ObservationFilterChainDecorator$VirtualFilterChain.doFilter(ObservationFilterChainDecorator.java:137)
	at org.springframework.security.web.authentication.AnonymousAuthenticationFilter.doFilter(AnonymousAuthenticationFilter.java:100)
	at org.springframework.security.web.ObservationFilterChainDecorator$ObservationFilter.wrapFilter(ObservationFilterChainDecorator.java:240)
	at org.springframework.security.web.ObservationFilterChainDecorator$ObservationFilter.doFilter(ObservationFilterChainDecorator.java:227)
	at org.springframework.security.web.ObservationFilterChainDecorator$VirtualFilterChain.doFilter(ObservationFilterChainDecorator.java:137)
	at org.springframework.security.web.servletapi.SecurityContextHolderAwareRequestFilter.doFilter(SecurityContextHolderAwareRequestFilter.java:179)
	at org.springframework.security.web.ObservationFilterChainDecorator$ObservationFilter.wrapFilter(ObservationFilterChainDecorator.java:240)
	at org.springframework.security.web.ObservationFilterChainDecorator$ObservationFilter.doFilter(ObservationFilterChainDecorator.java:227)
	at org.springframework.security.web.ObservationFilterChainDecorator$VirtualFilterChain.doFilter(ObservationFilterChainDecorator.java:137)
	at org.springframework.security.web.savedrequest.RequestCacheAwareFilter.doFilter(RequestCacheAwareFilter.java:63)
	at org.springframework.security.web.ObservationFilterChainDecorator$ObservationFilter.wrapFilter(ObservationFilterChainDecorator.java:240)
	at org.springframework.security.web.ObservationFilterChainDecorator$ObservationFilter.doFilter(ObservationFilterChainDecorator.java:227)
	at org.springframework.security.web.ObservationFilterChainDecorator$VirtualFilterChain.doFilter(ObservationFilterChainDecorator.java:137)
	at org.springframework.security.web.session.ConcurrentSessionFilter.doFilter(ConcurrentSessionFilter.java:151)
	at org.springframework.security.web.session.ConcurrentSessionFilter.doFilter(ConcurrentSessionFilter.java:129)
	at org.springframework.security.web.ObservationFilterChainDecorator$ObservationFilter.wrapFilter(ObservationFilterChainDecorator.java:240)
	at org.springframework.security.web.ObservationFilterChainDecorator$ObservationFilter.doFilter(ObservationFilterChainDecorator.java:227)
	at org.springframework.security.web.ObservationFilterChainDecorator$VirtualFilterChain.doFilter(ObservationFilterChainDecorator.java:137)
	at org.springframework.security.web.authentication.AbstractAuthenticationProcessingFilter.doFilter(AbstractAuthenticationProcessingFilter.java:227)
	at org.springframework.security.web.authentication.AbstractAuthenticationProcessingFilter.doFilter(AbstractAuthenticationProcessingFilter.java:221)
	at org.springframework.security.web.ObservationFilterChainDecorator$ObservationFilter.wrapFilter(ObservationFilterChainDecorator.java:240)
	at org.springframework.security.web.ObservationFilterChainDecorator$ObservationFilter.doFilter(ObservationFilterChainDecorator.java:227)
	at org.springframework.security.web.ObservationFilterChainDecorator$VirtualFilterChain.doFilter(ObservationFilterChainDecorator.java:137)
	at org.springframework.security.web.authentication.logout.LogoutFilter.doFilter(LogoutFilter.java:107)
	at org.springframework.security.web.authentication.logout.LogoutFilter.doFilter(LogoutFilter.java:93)
	at org.springframework.security.web.ObservationFilterChainDecorator$ObservationFilter.wrapFilter(ObservationFilterChainDecorator.java:240)
	at org.springframework.security.web.ObservationFilterChainDecorator$ObservationFilter.doFilter(ObservationFilterChainDecorator.java:227)
	at org.springframework.security.web.ObservationFilterChainDecorator$VirtualFilterChain.doFilter(ObservationFilterChainDecorator.java:137)
	at org.springframework.web.filter.OncePerRequestFilter.doFilter(OncePerRequestFilter.java:101)
	at org.springframework.security.web.ObservationFilterChainDecorator$ObservationFilter.wrapFilter(ObservationFilterChainDecorator.java:240)
	at org.springframework.security.web.ObservationFilterChainDecorator$ObservationFilter.doFilter(ObservationFilterChainDecorator.java:227)
	at org.springframework.security.web.ObservationFilterChainDecorator$VirtualFilterChain.doFilter(ObservationFilterChainDecorator.java:137)
	at org.springframework.web.filter.OncePerRequestFilter.doFilter(OncePerRequestFilter.java:101)
	at org.springframework.security.web.ObservationFilterChainDecorator$ObservationFilter.wrapFilter(ObservationFilterChainDecorator.java:240)
	at org.springframework.security.web.ObservationFilterChainDecorator$ObservationFilter.doFilter(ObservationFilterChainDecorator.java:227)
	at org.springframework.security.web.ObservationFilterChainDecorator$VirtualFilterChain.doFilter(ObservationFilterChainDecorator.java:137)
	at org.springframework.security.web.context.SecurityContextHolderFilter.doFilter(SecurityContextHolderFilter.java:82)
	at org.springframework.security.web.context.SecurityContextHolderFilter.doFilter(SecurityContextHolderFilter.java:69)
	at org.springframework.security.web.ObservationFilterChainDecorator$ObservationFilter.wrapFilter(ObservationFilterChainDecorator.java:240)
	at org.springframework.security.web.ObservationFilterChainDecorator$ObservationFilter.doFilter(ObservationFilterChainDecorator.java:227)
	at org.springframework.security.web.ObservationFilterChainDecorator$VirtualFilterChain.doFilter(ObservationFilterChainDecorator.java:137)
	at org.springframework.web.filter.OncePerRequestFilter.doFilter(OncePerRequestFilter.java:101)
	at org.springframework.security.web.ObservationFilterChainDecorator$ObservationFilter.wrapFilter(ObservationFilterChainDecorator.java:240)
	at org.springframework.security.web.ObservationFilterChainDecorator$ObservationFilter.doFilter(ObservationFilterChainDecorator.java:227)
	at org.springframework.security.web.ObservationFilterChainDecorator$VirtualFilterChain.doFilter(ObservationFilterChainDecorator.java:137)
	at org.springframework.web.filter.OncePerRequestFilter.doFilter(OncePerRequestFilter.java:101)
	at org.springframework.security.web.ObservationFilterChainDecorator$ObservationFilter.wrapFilter(ObservationFilterChainDecorator.java:240)
	at org.springframework.security.web.ObservationFilterChainDecorator$AroundFilterObservation$SimpleAroundFilterObservation.lambda$wrap$0(ObservationFilterChainDecorator.java:323)
	at org.springframework.security.web.ObservationFilterChainDecorator$ObservationFilter.doFilter(ObservationFilterChainDecorator.java:224)
	at org.springframework.security.web.ObservationFilterChainDecorator$VirtualFilterChain.doFilter(ObservationFilterChainDecorator.java:137)
	at org.springframework.security.web.FilterChainProxy.doFilterInternal(FilterChainProxy.java:233)
	at org.springframework.security.web.FilterChainProxy.doFilter(FilterChainProxy.java:191)
	at org.springframework.web.filter.DelegatingFilterProxy.invokeDelegate(DelegatingFilterProxy.java:352)
	at org.springframework.web.filter.DelegatingFilterProxy.doFilter(DelegatingFilterProxy.java:268)
	at org.apache.catalina.core.ApplicationFilterChain.internalDoFilter(ApplicationFilterChain.java:174)
	at org.apache.catalina.core.ApplicationFilterChain.doFilter(ApplicationFilterChain.java:149)
	at org.springframework.web.filter.RequestContextFilter.doFilterInternal(RequestContextFilter.java:100)
	at org.springframework.web.filter.OncePerRequestFilter.doFilter(OncePerRequestFilter.java:116)
	at org.apache.catalina.core.ApplicationFilterChain.internalDoFilter(ApplicationFilterChain.java:174)
	at org.apache.catalina.core.ApplicationFilterChain.doFilter(ApplicationFilterChain.java:149)
	at org.springframework.web.filter.OncePerRequestFilter.doFilter(OncePerRequestFilter.java:101)
	at org.apache.catalina.core.ApplicationFilterChain.internalDoFilter(ApplicationFilterChain.java:174)
	at org.apache.catalina.core.ApplicationFilterChain.doFilter(ApplicationFilterChain.java:149)
	at org.springframework.web.filter.OncePerRequestFilter.doFilter(OncePerRequestFilter.java:101)
	at org.apache.catalina.core.ApplicationFilterChain.internalDoFilter(ApplicationFilterChain.java:174)
	at org.apache.catalina.core.ApplicationFilterChain.doFilter(ApplicationFilterChain.java:149)
	at org.apache.catalina.core.ApplicationDispatcher.invoke(ApplicationDispatcher.java:642)
	at org.apache.catalina.core.ApplicationDispatcher.processRequest(ApplicationDispatcher.java:410)
	at org.apache.catalina.core.ApplicationDispatcher.doForward(ApplicationDispatcher.java:340)
	at org.apache.catalina.core.ApplicationDispatcher.forward(ApplicationDispatcher.java:277)
	at org.apache.catalina.core.StandardHostValve.custom(StandardHostValve.java:362)
	at org.apache.catalina.core.StandardHostValve.status(StandardHostValve.java:222)
	at org.apache.catalina.core.StandardHostValve.throwable(StandardHostValve.java:308)
	at org.apache.catalina.core.StandardHostValve.invoke(StandardHostValve.java:149)
	at org.apache.catalina.valves.ErrorReportValve.invoke(ErrorReportValve.java:93)
	at org.apache.catalina.core.StandardEngineValve.invoke(StandardEngineValve.java:74)
	at org.apache.catalina.connector.CoyoteAdapter.service(CoyoteAdapter.java:340)
	at org.apache.coyote.http11.Http11Processor.service(Http11Processor.java:391)
	at org.apache.coyote.AbstractProcessorLight.process(AbstractProcessorLight.java:63)
	at org.apache.coyote.AbstractProtocol$ConnectionHandler.process(AbstractProtocol.java:896)
	at org.apache.tomcat.util.net.NioEndpoint$SocketProcessor.doRun(NioEndpoint.java:1744)
	at org.apache.tomcat.util.net.SocketProcessorBase.run(SocketProcessorBase.java:52)
	at org.apache.tomcat.util.threads.ThreadPoolExecutor.runWorker(ThreadPoolExecutor.java:1191)
	at org.apache.tomcat.util.threads.ThreadPoolExecutor$Worker.run(ThreadPoolExecutor.java:659)
	at org.apache.tomcat.util.threads.TaskThread$WrappingRunnable.run(TaskThread.java:61)
	at java.base/java.lang.Thread.run(Thread.java:840)
2025-11-26 15:46:23 [http-nio-8080-exec-7] ERROR o.a.c.c.C.[Tomcat].[localhost] - Exception Processing ErrorPage[errorCode=0, location=/error]
jakarta.servlet.ServletException: Request processing failed: org.thymeleaf.exceptions.TemplateInputException: Error resolving template [error], template might not exist or might not be accessible by any of the configured Template Resolvers
	at org.springframework.web.servlet.FrameworkServlet.processRequest(FrameworkServlet.java:1022)
	at org.springframework.web.servlet.FrameworkServlet.doGet(FrameworkServlet.java:903)
	at jakarta.servlet.http.HttpServlet.service(HttpServlet.java:564)
	at org.springframework.web.servlet.FrameworkServlet.service(FrameworkServlet.java:885)
	at jakarta.servlet.http.HttpServlet.service(HttpServlet.java:658)
	at org.apache.catalina.core.ApplicationFilterChain.internalDoFilter(ApplicationFilterChain.java:205)
	at org.apache.catalina.core.ApplicationFilterChain.doFilter(ApplicationFilterChain.java:149)
	at org.springframework.security.web.FilterChainProxy.lambda$doFilterInternal$3(FilterChainProxy.java:231)
	at org.springframework.security.web.ObservationFilterChainDecorator$FilterObservation$SimpleFilterObservation.lambda$wrap$1(ObservationFilterChainDecorator.java:479)
	at org.springframework.security.web.ObservationFilterChainDecorator$AroundFilterObservation$SimpleAroundFilterObservation.lambda$wrap$1(ObservationFilterChainDecorator.java:340)
	at org.springframework.security.web.ObservationFilterChainDecorator.lambda$wrapSecured$0(ObservationFilterChainDecorator.java:82)
	at org.springframework.security.web.ObservationFilterChainDecorator$VirtualFilterChain.doFilter(ObservationFilterChainDecorator.java:128)
	at org.springframework.security.web.access.intercept.AuthorizationFilter.doFilter(AuthorizationFilter.java:100)
	at org.springframework.security.web.ObservationFilterChainDecorator$ObservationFilter.wrapFilter(ObservationFilterChainDecorator.java:240)
	at org.springframework.security.web.ObservationFilterChainDecorator$ObservationFilter.doFilter(ObservationFilterChainDecorator.java:227)
	at org.springframework.security.web.ObservationFilterChainDecorator$VirtualFilterChain.doFilter(ObservationFilterChainDecorator.java:137)
	at org.springframework.security.web.access.ExceptionTranslationFilter.doFilter(ExceptionTranslationFilter.java:126)
	at org.springframework.security.web.access.ExceptionTranslationFilter.doFilter(ExceptionTranslationFilter.java:120)
	at org.springframework.security.web.ObservationFilterChainDecorator$ObservationFilter.wrapFilter(ObservationFilterChainDecorator.java:240)
	at org.springframework.security.web.ObservationFilterChainDecorator$ObservationFilter.doFilter(ObservationFilterChainDecorator.java:227)
	at org.springframework.security.web.ObservationFilterChainDecorator$VirtualFilterChain.doFilter(ObservationFilterChainDecorator.java:137)
	at org.springframework.security.web.session.SessionManagementFilter.doFilter(SessionManagementFilter.java:91)
	at org.springframework.security.web.session.SessionManagementFilter.doFilter(SessionManagementFilter.java:85)
	at org.springframework.security.web.ObservationFilterChainDecorator$ObservationFilter.wrapFilter(ObservationFilterChainDecorator.java:240)
	at org.springframework.security.web.ObservationFilterChainDecorator$ObservationFilter.doFilter(ObservationFilterChainDecorator.java:227)
	at org.springframework.security.web.ObservationFilterChainDecorator$VirtualFilterChain.doFilter(ObservationFilterChainDecorator.java:137)
	at org.springframework.security.web.authentication.AnonymousAuthenticationFilter.doFilter(AnonymousAuthenticationFilter.java:100)
	at org.springframework.security.web.ObservationFilterChainDecorator$ObservationFilter.wrapFilter(ObservationFilterChainDecorator.java:240)
	at org.springframework.security.web.ObservationFilterChainDecorator$ObservationFilter.doFilter(ObservationFilterChainDecorator.java:227)
	at org.springframework.security.web.ObservationFilterChainDecorator$VirtualFilterChain.doFilter(ObservationFilterChainDecorator.java:137)
	at org.springframework.security.web.servletapi.SecurityContextHolderAwareRequestFilter.doFilter(SecurityContextHolderAwareRequestFilter.java:179)
	at org.springframework.security.web.ObservationFilterChainDecorator$ObservationFilter.wrapFilter(ObservationFilterChainDecorator.java:240)
	at org.springframework.security.web.ObservationFilterChainDecorator$ObservationFilter.doFilter(ObservationFilterChainDecorator.java:227)
	at org.springframework.security.web.ObservationFilterChainDecorator$VirtualFilterChain.doFilter(ObservationFilterChainDecorator.java:137)
	at org.springframework.security.web.savedrequest.RequestCacheAwareFilter.doFilter(RequestCacheAwareFilter.java:63)
	at org.springframework.security.web.ObservationFilterChainDecorator$ObservationFilter.wrapFilter(ObservationFilterChainDecorator.java:240)
	at org.springframework.security.web.ObservationFilterChainDecorator$ObservationFilter.doFilter(ObservationFilterChainDecorator.java:227)
	at org.springframework.security.web.ObservationFilterChainDecorator$VirtualFilterChain.doFilter(ObservationFilterChainDecorator.java:137)
	at org.springframework.security.web.session.ConcurrentSessionFilter.doFilter(ConcurrentSessionFilter.java:151)
	at org.springframework.security.web.session.ConcurrentSessionFilter.doFilter(ConcurrentSessionFilter.java:129)
	at org.springframework.security.web.ObservationFilterChainDecorator$ObservationFilter.wrapFilter(ObservationFilterChainDecorator.java:240)
	at org.springframework.security.web.ObservationFilterChainDecorator$ObservationFilter.doFilter(ObservationFilterChainDecorator.java:227)
	at org.springframework.security.web.ObservationFilterChainDecorator$VirtualFilterChain.doFilter(ObservationFilterChainDecorator.java:137)
	at org.springframework.security.web.authentication.AbstractAuthenticationProcessingFilter.doFilter(AbstractAuthenticationProcessingFilter.java:227)
	at org.springframework.security.web.authentication.AbstractAuthenticationProcessingFilter.doFilter(AbstractAuthenticationProcessingFilter.java:221)
	at org.springframework.security.web.ObservationFilterChainDecorator$ObservationFilter.wrapFilter(ObservationFilterChainDecorator.java:240)
	at org.springframework.security.web.ObservationFilterChainDecorator$ObservationFilter.doFilter(ObservationFilterChainDecorator.java:227)
	at org.springframework.security.web.ObservationFilterChainDecorator$VirtualFilterChain.doFilter(ObservationFilterChainDecorator.java:137)
	at org.springframework.security.web.authentication.logout.LogoutFilter.doFilter(LogoutFilter.java:107)
	at org.springframework.security.web.authentication.logout.LogoutFilter.doFilter(LogoutFilter.java:93)
	at org.springframework.security.web.ObservationFilterChainDecorator$ObservationFilter.wrapFilter(ObservationFilterChainDecorator.java:240)
	at org.springframework.security.web.ObservationFilterChainDecorator$ObservationFilter.doFilter(ObservationFilterChainDecorator.java:227)
	at org.springframework.security.web.ObservationFilterChainDecorator$VirtualFilterChain.doFilter(ObservationFilterChainDecorator.java:137)
	at org.springframework.web.filter.OncePerRequestFilter.doFilter(OncePerRequestFilter.java:101)
	at org.springframework.security.web.ObservationFilterChainDecorator$ObservationFilter.wrapFilter(ObservationFilterChainDecorator.java:240)
	at org.springframework.security.web.ObservationFilterChainDecorator$ObservationFilter.doFilter(ObservationFilterChainDecorator.java:227)
	at org.springframework.security.web.ObservationFilterChainDecorator$VirtualFilterChain.doFilter(ObservationFilterChainDecorator.java:137)
	at org.springframework.web.filter.OncePerRequestFilter.doFilter(OncePerRequestFilter.java:101)
	at org.springframework.security.web.ObservationFilterChainDecorator$ObservationFilter.wrapFilter(ObservationFilterChainDecorator.java:240)
	at org.springframework.security.web.ObservationFilterChainDecorator$ObservationFilter.doFilter(ObservationFilterChainDecorator.java:227)
	at org.springframework.security.web.ObservationFilterChainDecorator$VirtualFilterChain.doFilter(ObservationFilterChainDecorator.java:137)
	at org.springframework.security.web.context.SecurityContextHolderFilter.doFilter(SecurityContextHolderFilter.java:82)
	at org.springframework.security.web.context.SecurityContextHolderFilter.doFilter(SecurityContextHolderFilter.java:69)
	at org.springframework.security.web.ObservationFilterChainDecorator$ObservationFilter.wrapFilter(ObservationFilterChainDecorator.java:240)
	at org.springframework.security.web.ObservationFilterChainDecorator$ObservationFilter.doFilter(ObservationFilterChainDecorator.java:227)
	at org.springframework.security.web.ObservationFilterChainDecorator$VirtualFilterChain.doFilter(ObservationFilterChainDecorator.java:137)
	at org.springframework.web.filter.OncePerRequestFilter.doFilter(OncePerRequestFilter.java:101)
	at org.springframework.security.web.ObservationFilterChainDecorator$ObservationFilter.wrapFilter(ObservationFilterChainDecorator.java:240)
	at org.springframework.security.web.ObservationFilterChainDecorator$ObservationFilter.doFilter(ObservationFilterChainDecorator.java:227)
	at org.springframework.security.web.ObservationFilterChainDecorator$VirtualFilterChain.doFilter(ObservationFilterChainDecorator.java:137)
	at org.springframework.web.filter.OncePerRequestFilter.doFilter(OncePerRequestFilter.java:101)
	at org.springframework.security.web.ObservationFilterChainDecorator$ObservationFilter.wrapFilter(ObservationFilterChainDecorator.java:240)
	at org.springframework.security.web.ObservationFilterChainDecorator$AroundFilterObservation$SimpleAroundFilterObservation.lambda$wrap$0(ObservationFilterChainDecorator.java:323)
	at org.springframework.security.web.ObservationFilterChainDecorator$ObservationFilter.doFilter(ObservationFilterChainDecorator.java:224)
	at org.springframework.security.web.ObservationFilterChainDecorator$VirtualFilterChain.doFilter(ObservationFilterChainDecorator.java:137)
	at org.springframework.security.web.FilterChainProxy.doFilterInternal(FilterChainProxy.java:233)
	at org.springframework.security.web.FilterChainProxy.doFilter(FilterChainProxy.java:191)
	at org.springframework.web.filter.DelegatingFilterProxy.invokeDelegate(DelegatingFilterProxy.java:352)
	at org.springframework.web.filter.DelegatingFilterProxy.doFilter(DelegatingFilterProxy.java:268)
	at org.apache.catalina.core.ApplicationFilterChain.internalDoFilter(ApplicationFilterChain.java:174)
	at org.apache.catalina.core.ApplicationFilterChain.doFilter(ApplicationFilterChain.java:149)
	at org.springframework.web.filter.RequestContextFilter.doFilterInternal(RequestContextFilter.java:100)
	at org.springframework.web.filter.OncePerRequestFilter.doFilter(OncePerRequestFilter.java:116)
	at org.apache.catalina.core.ApplicationFilterChain.internalDoFilter(ApplicationFilterChain.java:174)
	at org.apache.catalina.core.ApplicationFilterChain.doFilter(ApplicationFilterChain.java:149)
	at org.springframework.web.filter.OncePerRequestFilter.doFilter(OncePerRequestFilter.java:101)
	at org.apache.catalina.core.ApplicationFilterChain.internalDoFilter(ApplicationFilterChain.java:174)
	at org.apache.catalina.core.ApplicationFilterChain.doFilter(ApplicationFilterChain.java:149)
	at org.springframework.web.filter.OncePerRequestFilter.doFilter(OncePerRequestFilter.java:101)
	at org.apache.catalina.core.ApplicationFilterChain.internalDoFilter(ApplicationFilterChain.java:174)
	at org.apache.catalina.core.ApplicationFilterChain.doFilter(ApplicationFilterChain.java:149)
	at org.apache.catalina.core.ApplicationDispatcher.invoke(ApplicationDispatcher.java:642)
	at org.apache.catalina.core.ApplicationDispatcher.processRequest(ApplicationDispatcher.java:410)
	at org.apache.catalina.core.ApplicationDispatcher.doForward(ApplicationDispatcher.java:340)
	at org.apache.catalina.core.ApplicationDispatcher.forward(ApplicationDispatcher.java:277)
	at org.apache.catalina.core.StandardHostValve.custom(StandardHostValve.java:362)
	at org.apache.catalina.core.StandardHostValve.status(StandardHostValve.java:222)
	at org.apache.catalina.core.StandardHostValve.throwable(StandardHostValve.java:308)
	at org.apache.catalina.core.StandardHostValve.invoke(StandardHostValve.java:149)
	at org.apache.catalina.valves.ErrorReportValve.invoke(ErrorReportValve.java:93)
	at org.apache.catalina.core.StandardEngineValve.invoke(StandardEngineValve.java:74)
	at org.apache.catalina.connector.CoyoteAdapter.service(CoyoteAdapter.java:340)
	at org.apache.coyote.http11.Http11Processor.service(Http11Processor.java:391)
	at org.apache.coyote.AbstractProcessorLight.process(AbstractProcessorLight.java:63)
	at org.apache.coyote.AbstractProtocol$ConnectionHandler.process(AbstractProtocol.java:896)
	at org.apache.tomcat.util.net.NioEndpoint$SocketProcessor.doRun(NioEndpoint.java:1744)
	at org.apache.tomcat.util.net.SocketProcessorBase.run(SocketProcessorBase.java:52)
	at org.apache.tomcat.util.threads.ThreadPoolExecutor.runWorker(ThreadPoolExecutor.java:1191)
	at org.apache.tomcat.util.threads.ThreadPoolExecutor$Worker.run(ThreadPoolExecutor.java:659)
	at org.apache.tomcat.util.threads.TaskThread$WrappingRunnable.run(TaskThread.java:61)
	at java.base/java.lang.Thread.run(Thread.java:840)
Caused by: org.thymeleaf.exceptions.TemplateInputException: Error resolving template [error], template might not exist or might not be accessible by any of the configured Template Resolvers
	at org.thymeleaf.engine.TemplateManager.resolveTemplate(TemplateManager.java:869)
	at org.thymeleaf.engine.TemplateManager.parseAndProcess(TemplateManager.java:607)
	at org.thymeleaf.TemplateEngine.process(TemplateEngine.java:1103)
	at org.thymeleaf.TemplateEngine.process(TemplateEngine.java:1077)
	at org.thymeleaf.spring6.view.ThymeleafView.renderFragment(ThymeleafView.java:372)
	at org.thymeleaf.spring6.view.ThymeleafView.render(ThymeleafView.java:192)
	at org.springframework.web.servlet.DispatcherServlet.render(DispatcherServlet.java:1431)
	at org.springframework.web.servlet.DispatcherServlet.processDispatchResult(DispatcherServlet.java:1167)
	at org.springframework.web.servlet.DispatcherServlet.doDispatch(DispatcherServlet.java:1106)
	at org.springframework.web.servlet.DispatcherServlet.doService(DispatcherServlet.java:979)
	at org.springframework.web.servlet.FrameworkServlet.processRequest(FrameworkServlet.java:1014)
	... 110 common frames omitted
2025-11-26 15:48:19 [SpringApplicationShutdownHook] INFO  o.s.o.j.LocalContainerEntityManagerFactoryBean - Closing JPA EntityManagerFactory for persistence unit 'default'
2025-11-26 15:48:19 [SpringApplicationShutdownHook] INFO  com.zaxxer.hikari.HikariDataSource - InventarioHikariPool - Shutdown initiated...
2025-11-26 15:48:19 [SpringApplicationShutdownHook] INFO  com.zaxxer.hikari.HikariDataSource - InventarioHikariPool - Shutdown completed.
2025-11-26 15:48:56 [restartedMain] INFO  c.i.InventarioSpringBootApplication - Starting InventarioSpringBootApplication using Java 17.0.16 with PID 10840 (C:\Users\Liseth\Downloads\InventarioSpringBoot\InventarioSpringBoot\target\classes started by Liseth in C:\Users\Liseth\Downloads\InventarioSpringBoot\InventarioSpringBoot)
2025-11-26 15:48:56 [restartedMain] DEBUG c.i.InventarioSpringBootApplication - Running with Spring Boot v3.2.0, Spring v6.1.1
2025-11-26 15:48:56 [restartedMain] INFO  c.i.InventarioSpringBootApplication - No active profile set, falling back to 1 default profile: "default"
2025-11-26 15:48:56 [restartedMain] INFO  o.s.b.d.e.DevToolsPropertyDefaultsPostProcessor - Devtools property defaults active! Set 'spring.devtools.add-properties' to 'false' to disable
2025-11-26 15:48:56 [restartedMain] INFO  o.s.b.d.e.DevToolsPropertyDefaultsPostProcessor - For additional web related logging consider setting the 'logging.level.web' property to 'DEBUG'
2025-11-26 15:48:58 [restartedMain] INFO  o.s.d.r.c.RepositoryConfigurationDelegate - Bootstrapping Spring Data JPA repositories in DEFAULT mode.
2025-11-26 15:48:58 [restartedMain] INFO  o.s.d.r.c.RepositoryConfigurationDelegate - Finished Spring Data repository scanning in 100 ms. Found 11 JPA repository interfaces.
2025-11-26 15:48:59 [restartedMain] INFO  o.s.b.w.e.tomcat.TomcatWebServer - Tomcat initialized with port 8080 (http)
2025-11-26 15:48:59 [restartedMain] INFO  o.a.catalina.core.StandardService - Starting service [Tomcat]
2025-11-26 15:48:59 [restartedMain] INFO  o.a.catalina.core.StandardEngine - Starting Servlet engine: [Apache Tomcat/10.1.16]
2025-11-26 15:48:59 [restartedMain] INFO  o.a.c.c.C.[Tomcat].[localhost].[/] - Initializing Spring embedded WebApplicationContext
2025-11-26 15:48:59 [restartedMain] INFO  o.s.b.w.s.c.ServletWebServerApplicationContext - Root WebApplicationContext: initialization completed in 2751 ms
2025-11-26 15:49:00 [restartedMain] INFO  o.h.jpa.internal.util.LogHelper - HHH000204: Processing PersistenceUnitInfo [name: default]
2025-11-26 15:49:00 [restartedMain] INFO  org.hibernate.Version - HHH000412: Hibernate ORM core version 6.3.1.Final
2025-11-26 15:49:00 [restartedMain] INFO  o.h.c.i.RegionFactoryInitiator - HHH000026: Second-level cache disabled
2025-11-26 15:49:00 [restartedMain] INFO  o.s.o.j.p.SpringPersistenceUnitInfo - No LoadTimeWeaver setup: ignoring JPA class transformer
2025-11-26 15:49:00 [restartedMain] INFO  com.zaxxer.hikari.HikariDataSource - InventarioHikariPool - Starting...
2025-11-26 15:49:00 [restartedMain] INFO  com.zaxxer.hikari.pool.HikariPool - InventarioHikariPool - Added connection com.mysql.cj.jdbc.ConnectionImpl@ae2cd22
2025-11-26 15:49:00 [restartedMain] INFO  com.zaxxer.hikari.HikariDataSource - InventarioHikariPool - Start completed.
2025-11-26 15:49:00 [restartedMain] WARN  org.hibernate.orm.deprecation - HHH90000025: MySQL8Dialect does not need to be specified explicitly using 'hibernate.dialect' (remove the property setting and it will be selected by default)
2025-11-26 15:49:00 [restartedMain] WARN  org.hibernate.orm.deprecation - HHH90000026: MySQL8Dialect has been deprecated; use org.hibernate.dialect.MySQLDialect instead
2025-11-26 15:49:02 [restartedMain] INFO  o.h.e.t.j.p.i.JtaPlatformInitiator - HHH000489: No JTA platform available (set 'hibernate.transaction.jta.platform' to enable JTA platform integration)
2025-11-26 15:49:02 [restartedMain] INFO  o.s.o.j.LocalContainerEntityManagerFactoryBean - Initialized JPA EntityManagerFactory for persistence unit 'default'
2025-11-26 15:49:03 [restartedMain] INFO  o.s.d.j.r.query.QueryEnhancerFactory - Hibernate is in classpath; If applicable, HQL parser will be used.
2025-11-26 15:49:04 [restartedMain] WARN  o.s.b.a.o.j.JpaBaseConfiguration$JpaWebConfiguration - spring.jpa.open-in-view is enabled by default. Therefore, database queries may be performed during view rendering. Explicitly configure spring.jpa.open-in-view to disable this warning
2025-11-26 15:49:04 [restartedMain] INFO  o.s.b.a.w.s.WelcomePageHandlerMapping - Adding welcome page template: index
2025-11-26 15:49:05 [restartedMain] INFO  o.s.b.a.e.web.EndpointLinksResolver - Exposing 4 endpoint(s) beneath base path '/actuator'
2025-11-26 15:49:05 [restartedMain] INFO  o.s.s.web.DefaultSecurityFilterChain - Will secure any request with [org.springframework.security.web.session.DisableEncodeUrlFilter@d058f1d, org.springframework.security.web.context.request.async.WebAsyncManagerIntegrationFilter@44acbb08, org.springframework.security.web.context.SecurityContextHolderFilter@7b4c72c6, org.springframework.security.web.header.HeaderWriterFilter@beed5ec, org.springframework.web.filter.CorsFilter@66fe044c, org.springframework.security.web.authentication.logout.LogoutFilter@701abd7b, org.springframework.security.web.authentication.UsernamePasswordAuthenticationFilter@2d73e7b8, org.springframework.security.web.session.ConcurrentSessionFilter@40694390, org.springframework.security.web.savedrequest.RequestCacheAwareFilter@4e3ea32e, org.springframework.security.web.servletapi.SecurityContextHolderAwareRequestFilter@699dc007, org.springframework.security.web.authentication.AnonymousAuthenticationFilter@497561e3, org.springframework.security.web.session.SessionManagementFilter@63cc4794, org.springframework.security.web.access.ExceptionTranslationFilter@e51859d, org.springframework.security.web.access.intercept.AuthorizationFilter@156cd1ca]
2025-11-26 15:49:06 [restartedMain] INFO  o.s.b.d.a.OptionalLiveReloadServer - LiveReload server is running on port 35729
2025-11-26 15:49:06 [restartedMain] INFO  o.s.b.w.e.tomcat.TomcatWebServer - Tomcat started on port 8080 (http) with context path ''
2025-11-26 15:49:06 [restartedMain] INFO  c.i.InventarioSpringBootApplication - Started InventarioSpringBootApplication in 10.15 seconds (process running for 10.812)
2025-11-26 15:49:14 [http-nio-8080-exec-1] INFO  o.a.c.c.C.[Tomcat].[localhost].[/] - Initializing Spring DispatcherServlet 'dispatcherServlet'
2025-11-26 15:49:14 [http-nio-8080-exec-1] INFO  o.s.web.servlet.DispatcherServlet - Initializing Servlet 'dispatcherServlet'
2025-11-26 15:49:14 [http-nio-8080-exec-1] INFO  o.s.web.servlet.DispatcherServlet - Completed initialization in 3 ms
2025-11-26 15:49:14 [http-nio-8080-exec-1] DEBUG o.s.security.web.FilterChainProxy - Securing GET /dashboard
2025-11-26 15:49:14 [http-nio-8080-exec-1] WARN  o.s.w.s.h.HandlerMappingIntrospector - Cache miss for REQUEST dispatch to '/dashboard' (previous null). Performing CorsConfiguration lookup. This is logged once only at WARN level, and every time at TRACE.
2025-11-26 15:49:14 [http-nio-8080-exec-1] WARN  o.s.w.s.h.HandlerMappingIntrospector - Cache miss for REQUEST dispatch to '/dashboard' (previous null). Performing MatchableHandlerMapping lookup. This is logged once only at WARN level, and every time at TRACE.
2025-11-26 15:49:14 [http-nio-8080-exec-1] DEBUG o.s.s.w.c.HttpSessionSecurityContextRepository - Retrieved SecurityContextImpl [Authentication=UsernamePasswordAuthenticationToken [Principal=org.springframework.security.core.userdetails.User [Username=admin, Password=[PROTECTED], Enabled=true, AccountNonExpired=true, CredentialsNonExpired=true, AccountNonLocked=true, Granted Authorities=[ROLE_ADMIN]], Credentials=[PROTECTED], Authenticated=true, Details=WebAuthenticationDetails [RemoteIpAddress=0:0:0:0:0:0:0:1, SessionId=9A8B8C07162CDE1EDFB8B91B50B0456D], Granted Authorities=[ROLE_ADMIN]]]
2025-11-26 15:49:14 [http-nio-8080-exec-1] DEBUG o.s.security.web.FilterChainProxy - Secured GET /dashboard
2025-11-26 15:49:14 [http-nio-8080-exec-1] DEBUG org.hibernate.SQL - 
    /* <criteria> */ select
        p1_0.id,
        p1_0.activo,
        p1_0.categoria_id,
        p1_0.codigo,
        p1_0.codigoBarras,
        p1_0.color,
        p1_0.costo_almacenamiento,
        p1_0.created_at,
        p1_0.descripcion,
        p1_0.es_perecedero,
        p1_0.fecha_vencimiento,
        p1_0.imagen_url,
        p1_0.lote,
        p1_0.marca,
        p1_0.modelo,
        p1_0.nombre,
        p1_0.numero_serie,
        p1_0.observaciones,
        p1_0.peso,
        p1_0.porcentaje_impuesto,
        p1_0.precio_compra,
        p1_0.precio_mayoreo,
        p1_0.precio_venta,
        p1_0.proveedor_id,
        p1_0.punto_reorden,
        p1_0.requiere_lote,
        p1_0.requiere_serie,
        p1_0.sku,
        p1_0.stock_actual,
        p1_0.stock_maximo,
        p1_0.stock_minimo,
        p1_0.talla,
        p1_0.tiene_impuestos,
        p1_0.unidadMedida,
        p1_0.updated_at,
        p1_0.volumen 
    from
        productos p1_0
2025-11-26 15:49:14 [http-nio-8080-exec-1] DEBUG org.hibernate.SQL - 
    /* <criteria> */ select
        p1_0.id,
        p1_0.activo,
        p1_0.categoria_id,
        p1_0.codigo,
        p1_0.codigoBarras,
        p1_0.color,
        p1_0.costo_almacenamiento,
        p1_0.created_at,
        p1_0.descripcion,
        p1_0.es_perecedero,
        p1_0.fecha_vencimiento,
        p1_0.imagen_url,
        p1_0.lote,
        p1_0.marca,
        p1_0.modelo,
        p1_0.nombre,
        p1_0.numero_serie,
        p1_0.observaciones,
        p1_0.peso,
        p1_0.porcentaje_impuesto,
        p1_0.precio_compra,
        p1_0.precio_mayoreo,
        p1_0.precio_venta,
        p1_0.proveedor_id,
        p1_0.punto_reorden,
        p1_0.requiere_lote,
        p1_0.requiere_serie,
        p1_0.sku,
        p1_0.stock_actual,
        p1_0.stock_maximo,
        p1_0.stock_minimo,
        p1_0.talla,
        p1_0.tiene_impuestos,
        p1_0.unidadMedida,
        p1_0.updated_at,
        p1_0.volumen 
    from
        productos p1_0
2025-11-26 15:49:14 [http-nio-8080-exec-1] DEBUG org.hibernate.SQL - 
    /* <criteria> */ select
        p1_0.id,
        p1_0.activo,
        p1_0.categoria_id,
        p1_0.codigo,
        p1_0.codigoBarras,
        p1_0.color,
        p1_0.costo_almacenamiento,
        p1_0.created_at,
        p1_0.descripcion,
        p1_0.es_perecedero,
        p1_0.fecha_vencimiento,
        p1_0.imagen_url,
        p1_0.lote,
        p1_0.marca,
        p1_0.modelo,
        p1_0.nombre,
        p1_0.numero_serie,
        p1_0.observaciones,
        p1_0.peso,
        p1_0.porcentaje_impuesto,
        p1_0.precio_compra,
        p1_0.precio_mayoreo,
        p1_0.precio_venta,
        p1_0.proveedor_id,
        p1_0.punto_reorden,
        p1_0.requiere_lote,
        p1_0.requiere_serie,
        p1_0.sku,
        p1_0.stock_actual,
        p1_0.stock_maximo,
        p1_0.stock_minimo,
        p1_0.talla,
        p1_0.tiene_impuestos,
        p1_0.unidadMedida,
        p1_0.updated_at,
        p1_0.volumen 
    from
        productos p1_0
2025-11-26 15:49:14 [http-nio-8080-exec-1] DEBUG org.hibernate.SQL - 
    /* SELECT
        COUNT(m) 
    FROM
        Movimiento m 
    WHERE
        DATE(m.fechaMovimiento) = CURRENT_DATE */ select
            count(m1_0.id) 
        from
            movimientos m1_0 
        where
            date(m1_0.fecha_movimiento)=current_date
2025-11-26 15:49:14 [http-nio-8080-exec-1] DEBUG org.hibernate.SQL - 
    /* <criteria> */ select
        p1_0.id,
        p1_0.activo,
        p1_0.categoria_id,
        p1_0.codigo,
        p1_0.codigoBarras,
        p1_0.color,
        p1_0.costo_almacenamiento,
        p1_0.created_at,
        p1_0.descripcion,
        p1_0.es_perecedero,
        p1_0.fecha_vencimiento,
        p1_0.imagen_url,
        p1_0.lote,
        p1_0.marca,
        p1_0.modelo,
        p1_0.nombre,
        p1_0.numero_serie,
        p1_0.observaciones,
        p1_0.peso,
        p1_0.porcentaje_impuesto,
        p1_0.precio_compra,
        p1_0.precio_mayoreo,
        p1_0.precio_venta,
        p1_0.proveedor_id,
        p1_0.punto_reorden,
        p1_0.requiere_lote,
        p1_0.requiere_serie,
        p1_0.sku,
        p1_0.stock_actual,
        p1_0.stock_maximo,
        p1_0.stock_minimo,
        p1_0.talla,
        p1_0.tiene_impuestos,
        p1_0.unidadMedida,
        p1_0.updated_at,
        p1_0.volumen 
    from
        productos p1_0
2025-11-26 15:49:14 [http-nio-8080-exec-1] DEBUG org.hibernate.SQL - 
    /* <criteria> */ select
        p1_0.id,
        p1_0.activo,
        p1_0.categoria_id,
        p1_0.codigo,
        p1_0.codigoBarras,
        p1_0.color,
        p1_0.costo_almacenamiento,
        p1_0.created_at,
        p1_0.descripcion,
        p1_0.es_perecedero,
        p1_0.fecha_vencimiento,
        p1_0.imagen_url,
        p1_0.lote,
        p1_0.marca,
        p1_0.modelo,
        p1_0.nombre,
        p1_0.numero_serie,
        p1_0.observaciones,
        p1_0.peso,
        p1_0.porcentaje_impuesto,
        p1_0.precio_compra,
        p1_0.precio_mayoreo,
        p1_0.precio_venta,
        p1_0.proveedor_id,
        p1_0.punto_reorden,
        p1_0.requiere_lote,
        p1_0.requiere_serie,
        p1_0.sku,
        p1_0.stock_actual,
        p1_0.stock_maximo,
        p1_0.stock_minimo,
        p1_0.talla,
        p1_0.tiene_impuestos,
        p1_0.unidadMedida,
        p1_0.updated_at,
        p1_0.volumen 
    from
        productos p1_0
2025-11-26 15:49:14 [http-nio-8080-exec-1] DEBUG org.hibernate.SQL - 
    /* SELECT
        a 
    FROM
        Alerta a 
    WHERE
        a.activa = true 
        AND a.leida = false 
    ORDER BY
        a.prioridad DESC,
        a.createdAt DESC */ select
            a1_0.id,
            a1_0.activa,
            a1_0.almacen_id,
            a1_0.created_at,
            a1_0.fecha_lectura,
            a1_0.leida,
            a1_0.mensaje,
            a1_0.prioridad,
            a1_0.producto_id,
            a1_0.tipo 
        from
            alertas a1_0 
        where
            a1_0.activa=1 
            and a1_0.leida=0 
        order by
            a1_0.prioridad desc,
            a1_0.created_at desc
2025-11-26 15:49:14 [http-nio-8080-exec-1] DEBUG org.hibernate.SQL - 
    /* SELECT
        m 
    FROM
        Movimiento m 
    ORDER BY
        m.fechaMovimiento DESC */ select
            m1_0.id,
            m1_0.almacen_id,
            m1_0.aprobado_por,
            m1_0.cliente_id,
            m1_0.codigo,
            m1_0.created_at,
            m1_0.estado,
            m1_0.fecha_aprobacion,
            m1_0.fecha_movimiento,
            m1_0.numero_documento,
            m1_0.observaciones,
            m1_0.proveedor_id,
            m1_0.subtipo,
            m1_0.tipo,
            m1_0.total_items,
            m1_0.updated_at,
            m1_0.usuario_id,
            m1_0.valor_total 
        from
            movimientos m1_0 
        order by
            m1_0.fecha_movimiento desc
2025-11-26 15:49:14 [http-nio-8080-exec-1] DEBUG org.hibernate.SQL - 
    /* <criteria> */ select
        p1_0.id,
        p1_0.activo,
        p1_0.categoria_id,
        p1_0.codigo,
        p1_0.codigoBarras,
        p1_0.color,
        p1_0.costo_almacenamiento,
        p1_0.created_at,
        p1_0.descripcion,
        p1_0.es_perecedero,
        p1_0.fecha_vencimiento,
        p1_0.imagen_url,
        p1_0.lote,
        p1_0.marca,
        p1_0.modelo,
        p1_0.nombre,
        p1_0.numero_serie,
        p1_0.observaciones,
        p1_0.peso,
        p1_0.porcentaje_impuesto,
        p1_0.precio_compra,
        p1_0.precio_mayoreo,
        p1_0.precio_venta,
        p1_0.proveedor_id,
        p1_0.punto_reorden,
        p1_0.requiere_lote,
        p1_0.requiere_serie,
        p1_0.sku,
        p1_0.stock_actual,
        p1_0.stock_maximo,
        p1_0.stock_minimo,
        p1_0.talla,
        p1_0.tiene_impuestos,
        p1_0.unidadMedida,
        p1_0.updated_at,
        p1_0.volumen 
    from
        productos p1_0
2025-11-26 15:49:20 [http-nio-8080-exec-2] DEBUG o.s.security.web.FilterChainProxy - Securing GET /
2025-11-26 15:49:20 [http-nio-8080-exec-2] DEBUG o.s.s.w.c.HttpSessionSecurityContextRepository - Retrieved SecurityContextImpl [Authentication=UsernamePasswordAuthenticationToken [Principal=org.springframework.security.core.userdetails.User [Username=admin, Password=[PROTECTED], Enabled=true, AccountNonExpired=true, CredentialsNonExpired=true, AccountNonLocked=true, Granted Authorities=[ROLE_ADMIN]], Credentials=[PROTECTED], Authenticated=true, Details=WebAuthenticationDetails [RemoteIpAddress=0:0:0:0:0:0:0:1, SessionId=9A8B8C07162CDE1EDFB8B91B50B0456D], Granted Authorities=[ROLE_ADMIN]]]
2025-11-26 15:49:20 [http-nio-8080-exec-2] DEBUG o.s.security.web.FilterChainProxy - Secured GET /
2025-11-26 15:49:20 [http-nio-8080-exec-3] DEBUG o.s.security.web.FilterChainProxy - Securing GET /dashboard
2025-11-26 15:49:20 [http-nio-8080-exec-3] DEBUG o.s.s.w.c.HttpSessionSecurityContextRepository - Retrieved SecurityContextImpl [Authentication=UsernamePasswordAuthenticationToken [Principal=org.springframework.security.core.userdetails.User [Username=admin, Password=[PROTECTED], Enabled=true, AccountNonExpired=true, CredentialsNonExpired=true, AccountNonLocked=true, Granted Authorities=[ROLE_ADMIN]], Credentials=[PROTECTED], Authenticated=true, Details=WebAuthenticationDetails [RemoteIpAddress=0:0:0:0:0:0:0:1, SessionId=9A8B8C07162CDE1EDFB8B91B50B0456D], Granted Authorities=[ROLE_ADMIN]]]
2025-11-26 15:49:20 [http-nio-8080-exec-3] DEBUG o.s.security.web.FilterChainProxy - Secured GET /dashboard
2025-11-26 15:49:20 [http-nio-8080-exec-3] DEBUG org.hibernate.SQL - 
    /* <criteria> */ select
        p1_0.id,
        p1_0.activo,
        p1_0.categoria_id,
        p1_0.codigo,
        p1_0.codigoBarras,
        p1_0.color,
        p1_0.costo_almacenamiento,
        p1_0.created_at,
        p1_0.descripcion,
        p1_0.es_perecedero,
        p1_0.fecha_vencimiento,
        p1_0.imagen_url,
        p1_0.lote,
        p1_0.marca,
        p1_0.modelo,
        p1_0.nombre,
        p1_0.numero_serie,
        p1_0.observaciones,
        p1_0.peso,
        p1_0.porcentaje_impuesto,
        p1_0.precio_compra,
        p1_0.precio_mayoreo,
        p1_0.precio_venta,
        p1_0.proveedor_id,
        p1_0.punto_reorden,
        p1_0.requiere_lote,
        p1_0.requiere_serie,
        p1_0.sku,
        p1_0.stock_actual,
        p1_0.stock_maximo,
        p1_0.stock_minimo,
        p1_0.talla,
        p1_0.tiene_impuestos,
        p1_0.unidadMedida,
        p1_0.updated_at,
        p1_0.volumen 
    from
        productos p1_0
2025-11-26 15:49:20 [http-nio-8080-exec-3] DEBUG org.hibernate.SQL - 
    /* <criteria> */ select
        p1_0.id,
        p1_0.activo,
        p1_0.categoria_id,
        p1_0.codigo,
        p1_0.codigoBarras,
        p1_0.color,
        p1_0.costo_almacenamiento,
        p1_0.created_at,
        p1_0.descripcion,
        p1_0.es_perecedero,
        p1_0.fecha_vencimiento,
        p1_0.imagen_url,
        p1_0.lote,
        p1_0.marca,
        p1_0.modelo,
        p1_0.nombre,
        p1_0.numero_serie,
        p1_0.observaciones,
        p1_0.peso,
        p1_0.porcentaje_impuesto,
        p1_0.precio_compra,
        p1_0.precio_mayoreo,
        p1_0.precio_venta,
        p1_0.proveedor_id,
        p1_0.punto_reorden,
        p1_0.requiere_lote,
        p1_0.requiere_serie,
        p1_0.sku,
        p1_0.stock_actual,
        p1_0.stock_maximo,
        p1_0.stock_minimo,
        p1_0.talla,
        p1_0.tiene_impuestos,
        p1_0.unidadMedida,
        p1_0.updated_at,
        p1_0.volumen 
    from
        productos p1_0
2025-11-26 15:49:20 [http-nio-8080-exec-3] DEBUG org.hibernate.SQL - 
    /* <criteria> */ select
        p1_0.id,
        p1_0.activo,
        p1_0.categoria_id,
        p1_0.codigo,
        p1_0.codigoBarras,
        p1_0.color,
        p1_0.costo_almacenamiento,
        p1_0.created_at,
        p1_0.descripcion,
        p1_0.es_perecedero,
        p1_0.fecha_vencimiento,
        p1_0.imagen_url,
        p1_0.lote,
        p1_0.marca,
        p1_0.modelo,
        p1_0.nombre,
        p1_0.numero_serie,
        p1_0.observaciones,
        p1_0.peso,
        p1_0.porcentaje_impuesto,
        p1_0.precio_compra,
        p1_0.precio_mayoreo,
        p1_0.precio_venta,
        p1_0.proveedor_id,
        p1_0.punto_reorden,
        p1_0.requiere_lote,
        p1_0.requiere_serie,
        p1_0.sku,
        p1_0.stock_actual,
        p1_0.stock_maximo,
        p1_0.stock_minimo,
        p1_0.talla,
        p1_0.tiene_impuestos,
        p1_0.unidadMedida,
        p1_0.updated_at,
        p1_0.volumen 
    from
        productos p1_0
2025-11-26 15:49:20 [http-nio-8080-exec-3] DEBUG org.hibernate.SQL - 
    /* SELECT
        COUNT(m) 
    FROM
        Movimiento m 
    WHERE
        DATE(m.fechaMovimiento) = CURRENT_DATE */ select
            count(m1_0.id) 
        from
            movimientos m1_0 
        where
            date(m1_0.fecha_movimiento)=current_date
2025-11-26 15:49:20 [http-nio-8080-exec-3] DEBUG org.hibernate.SQL - 
    /* <criteria> */ select
        p1_0.id,
        p1_0.activo,
        p1_0.categoria_id,
        p1_0.codigo,
        p1_0.codigoBarras,
        p1_0.color,
        p1_0.costo_almacenamiento,
        p1_0.created_at,
        p1_0.descripcion,
        p1_0.es_perecedero,
        p1_0.fecha_vencimiento,
        p1_0.imagen_url,
        p1_0.lote,
        p1_0.marca,
        p1_0.modelo,
        p1_0.nombre,
        p1_0.numero_serie,
        p1_0.observaciones,
        p1_0.peso,
        p1_0.porcentaje_impuesto,
        p1_0.precio_compra,
        p1_0.precio_mayoreo,
        p1_0.precio_venta,
        p1_0.proveedor_id,
        p1_0.punto_reorden,
        p1_0.requiere_lote,
        p1_0.requiere_serie,
        p1_0.sku,
        p1_0.stock_actual,
        p1_0.stock_maximo,
        p1_0.stock_minimo,
        p1_0.talla,
        p1_0.tiene_impuestos,
        p1_0.unidadMedida,
        p1_0.updated_at,
        p1_0.volumen 
    from
        productos p1_0
2025-11-26 15:49:20 [http-nio-8080-exec-3] DEBUG org.hibernate.SQL - 
    /* <criteria> */ select
        p1_0.id,
        p1_0.activo,
        p1_0.categoria_id,
        p1_0.codigo,
        p1_0.codigoBarras,
        p1_0.color,
        p1_0.costo_almacenamiento,
        p1_0.created_at,
        p1_0.descripcion,
        p1_0.es_perecedero,
        p1_0.fecha_vencimiento,
        p1_0.imagen_url,
        p1_0.lote,
        p1_0.marca,
        p1_0.modelo,
        p1_0.nombre,
        p1_0.numero_serie,
        p1_0.observaciones,
        p1_0.peso,
        p1_0.porcentaje_impuesto,
        p1_0.precio_compra,
        p1_0.precio_mayoreo,
        p1_0.precio_venta,
        p1_0.proveedor_id,
        p1_0.punto_reorden,
        p1_0.requiere_lote,
        p1_0.requiere_serie,
        p1_0.sku,
        p1_0.stock_actual,
        p1_0.stock_maximo,
        p1_0.stock_minimo,
        p1_0.talla,
        p1_0.tiene_impuestos,
        p1_0.unidadMedida,
        p1_0.updated_at,
        p1_0.volumen 
    from
        productos p1_0
2025-11-26 15:49:20 [http-nio-8080-exec-3] DEBUG org.hibernate.SQL - 
    /* SELECT
        a 
    FROM
        Alerta a 
    WHERE
        a.activa = true 
        AND a.leida = false 
    ORDER BY
        a.prioridad DESC,
        a.createdAt DESC */ select
            a1_0.id,
            a1_0.activa,
            a1_0.almacen_id,
            a1_0.created_at,
            a1_0.fecha_lectura,
            a1_0.leida,
            a1_0.mensaje,
            a1_0.prioridad,
            a1_0.producto_id,
            a1_0.tipo 
        from
            alertas a1_0 
        where
            a1_0.activa=1 
            and a1_0.leida=0 
        order by
            a1_0.prioridad desc,
            a1_0.created_at desc
2025-11-26 15:49:20 [http-nio-8080-exec-3] DEBUG org.hibernate.SQL - 
    /* SELECT
        m 
    FROM
        Movimiento m 
    ORDER BY
        m.fechaMovimiento DESC */ select
            m1_0.id,
            m1_0.almacen_id,
            m1_0.aprobado_por,
            m1_0.cliente_id,
            m1_0.codigo,
            m1_0.created_at,
            m1_0.estado,
            m1_0.fecha_aprobacion,
            m1_0.fecha_movimiento,
            m1_0.numero_documento,
            m1_0.observaciones,
            m1_0.proveedor_id,
            m1_0.subtipo,
            m1_0.tipo,
            m1_0.total_items,
            m1_0.updated_at,
            m1_0.usuario_id,
            m1_0.valor_total 
        from
            movimientos m1_0 
        order by
            m1_0.fecha_movimiento desc
2025-11-26 15:49:20 [http-nio-8080-exec-3] DEBUG org.hibernate.SQL - 
    /* <criteria> */ select
        p1_0.id,
        p1_0.activo,
        p1_0.categoria_id,
        p1_0.codigo,
        p1_0.codigoBarras,
        p1_0.color,
        p1_0.costo_almacenamiento,
        p1_0.created_at,
        p1_0.descripcion,
        p1_0.es_perecedero,
        p1_0.fecha_vencimiento,
        p1_0.imagen_url,
        p1_0.lote,
        p1_0.marca,
        p1_0.modelo,
        p1_0.nombre,
        p1_0.numero_serie,
        p1_0.observaciones,
        p1_0.peso,
        p1_0.porcentaje_impuesto,
        p1_0.precio_compra,
        p1_0.precio_mayoreo,
        p1_0.precio_venta,
        p1_0.proveedor_id,
        p1_0.punto_reorden,
        p1_0.requiere_lote,
        p1_0.requiere_serie,
        p1_0.sku,
        p1_0.stock_actual,
        p1_0.stock_maximo,
        p1_0.stock_minimo,
        p1_0.talla,
        p1_0.tiene_impuestos,
        p1_0.unidadMedida,
        p1_0.updated_at,
        p1_0.volumen 
    from
        productos p1_0
2025-11-26 15:49:26 [http-nio-8080-exec-4] DEBUG o.s.security.web.FilterChainProxy - Securing GET /index
2025-11-26 15:49:26 [http-nio-8080-exec-4] DEBUG o.s.s.w.c.HttpSessionSecurityContextRepository - Retrieved SecurityContextImpl [Authentication=UsernamePasswordAuthenticationToken [Principal=org.springframework.security.core.userdetails.User [Username=admin, Password=[PROTECTED], Enabled=true, AccountNonExpired=true, CredentialsNonExpired=true, AccountNonLocked=true, Granted Authorities=[ROLE_ADMIN]], Credentials=[PROTECTED], Authenticated=true, Details=WebAuthenticationDetails [RemoteIpAddress=0:0:0:0:0:0:0:1, SessionId=9A8B8C07162CDE1EDFB8B91B50B0456D], Granted Authorities=[ROLE_ADMIN]]]
2025-11-26 15:49:26 [http-nio-8080-exec-4] DEBUG o.s.security.web.FilterChainProxy - Secured GET /index
2025-11-26 15:49:26 [http-nio-8080-exec-4] DEBUG o.s.security.web.FilterChainProxy - Securing GET /error
2025-11-26 15:49:26 [http-nio-8080-exec-4] DEBUG o.s.s.w.c.HttpSessionSecurityContextRepository - Retrieved SecurityContextImpl [Authentication=UsernamePasswordAuthenticationToken [Principal=org.springframework.security.core.userdetails.User [Username=admin, Password=[PROTECTED], Enabled=true, AccountNonExpired=true, CredentialsNonExpired=true, AccountNonLocked=true, Granted Authorities=[ROLE_ADMIN]], Credentials=[PROTECTED], Authenticated=true, Details=WebAuthenticationDetails [RemoteIpAddress=0:0:0:0:0:0:0:1, SessionId=9A8B8C07162CDE1EDFB8B91B50B0456D], Granted Authorities=[ROLE_ADMIN]]]
2025-11-26 15:49:26 [http-nio-8080-exec-4] DEBUG o.s.security.web.FilterChainProxy - Secured GET /error
2025-11-26 15:49:26 [http-nio-8080-exec-4] ERROR org.thymeleaf.TemplateEngine - [THYMELEAF][http-nio-8080-exec-4] Exception processing template "error": Error resolving template [error], template might not exist or might not be accessible by any of the configured Template Resolvers
org.thymeleaf.exceptions.TemplateInputException: Error resolving template [error], template might not exist or might not be accessible by any of the configured Template Resolvers
	at org.thymeleaf.engine.TemplateManager.resolveTemplate(TemplateManager.java:869)
	at org.thymeleaf.engine.TemplateManager.parseAndProcess(TemplateManager.java:607)
	at org.thymeleaf.TemplateEngine.process(TemplateEngine.java:1103)
	at org.thymeleaf.TemplateEngine.process(TemplateEngine.java:1077)
	at org.thymeleaf.spring6.view.ThymeleafView.renderFragment(ThymeleafView.java:372)
	at org.thymeleaf.spring6.view.ThymeleafView.render(ThymeleafView.java:192)
	at org.springframework.web.servlet.DispatcherServlet.render(DispatcherServlet.java:1431)
	at org.springframework.web.servlet.DispatcherServlet.processDispatchResult(DispatcherServlet.java:1167)
	at org.springframework.web.servlet.DispatcherServlet.doDispatch(DispatcherServlet.java:1106)
	at org.springframework.web.servlet.DispatcherServlet.doService(DispatcherServlet.java:979)
	at org.springframework.web.servlet.FrameworkServlet.processRequest(FrameworkServlet.java:1014)
	at org.springframework.web.servlet.FrameworkServlet.doGet(FrameworkServlet.java:903)
	at jakarta.servlet.http.HttpServlet.service(HttpServlet.java:564)
	at org.springframework.web.servlet.FrameworkServlet.service(FrameworkServlet.java:885)
	at jakarta.servlet.http.HttpServlet.service(HttpServlet.java:658)
	at org.apache.catalina.core.ApplicationFilterChain.internalDoFilter(ApplicationFilterChain.java:205)
	at org.apache.catalina.core.ApplicationFilterChain.doFilter(ApplicationFilterChain.java:149)
	at org.springframework.security.web.FilterChainProxy.lambda$doFilterInternal$3(FilterChainProxy.java:231)
	at org.springframework.security.web.ObservationFilterChainDecorator$FilterObservation$SimpleFilterObservation.lambda$wrap$1(ObservationFilterChainDecorator.java:479)
	at org.springframework.security.web.ObservationFilterChainDecorator$AroundFilterObservation$SimpleAroundFilterObservation.lambda$wrap$1(ObservationFilterChainDecorator.java:340)
	at org.springframework.security.web.ObservationFilterChainDecorator.lambda$wrapSecured$0(ObservationFilterChainDecorator.java:82)
	at org.springframework.security.web.ObservationFilterChainDecorator$VirtualFilterChain.doFilter(ObservationFilterChainDecorator.java:128)
	at org.springframework.security.web.access.intercept.AuthorizationFilter.doFilter(AuthorizationFilter.java:100)
	at org.springframework.security.web.ObservationFilterChainDecorator$ObservationFilter.wrapFilter(ObservationFilterChainDecorator.java:240)
	at org.springframework.security.web.ObservationFilterChainDecorator$ObservationFilter.doFilter(ObservationFilterChainDecorator.java:227)
	at org.springframework.security.web.ObservationFilterChainDecorator$VirtualFilterChain.doFilter(ObservationFilterChainDecorator.java:137)
	at org.springframework.security.web.access.ExceptionTranslationFilter.doFilter(ExceptionTranslationFilter.java:126)
	at org.springframework.security.web.access.ExceptionTranslationFilter.doFilter(ExceptionTranslationFilter.java:120)
	at org.springframework.security.web.ObservationFilterChainDecorator$ObservationFilter.wrapFilter(ObservationFilterChainDecorator.java:240)
	at org.springframework.security.web.ObservationFilterChainDecorator$ObservationFilter.doFilter(ObservationFilterChainDecorator.java:227)
	at org.springframework.security.web.ObservationFilterChainDecorator$VirtualFilterChain.doFilter(ObservationFilterChainDecorator.java:137)
	at org.springframework.security.web.session.SessionManagementFilter.doFilter(SessionManagementFilter.java:91)
	at org.springframework.security.web.session.SessionManagementFilter.doFilter(SessionManagementFilter.java:85)
	at org.springframework.security.web.ObservationFilterChainDecorator$ObservationFilter.wrapFilter(ObservationFilterChainDecorator.java:240)
	at org.springframework.security.web.ObservationFilterChainDecorator$ObservationFilter.doFilter(ObservationFilterChainDecorator.java:227)
	at org.springframework.security.web.ObservationFilterChainDecorator$VirtualFilterChain.doFilter(ObservationFilterChainDecorator.java:137)
	at org.springframework.security.web.authentication.AnonymousAuthenticationFilter.doFilter(AnonymousAuthenticationFilter.java:100)
	at org.springframework.security.web.ObservationFilterChainDecorator$ObservationFilter.wrapFilter(ObservationFilterChainDecorator.java:240)
	at org.springframework.security.web.ObservationFilterChainDecorator$ObservationFilter.doFilter(ObservationFilterChainDecorator.java:227)
	at org.springframework.security.web.ObservationFilterChainDecorator$VirtualFilterChain.doFilter(ObservationFilterChainDecorator.java:137)
	at org.springframework.security.web.servletapi.SecurityContextHolderAwareRequestFilter.doFilter(SecurityContextHolderAwareRequestFilter.java:179)
	at org.springframework.security.web.ObservationFilterChainDecorator$ObservationFilter.wrapFilter(ObservationFilterChainDecorator.java:240)
	at org.springframework.security.web.ObservationFilterChainDecorator$ObservationFilter.doFilter(ObservationFilterChainDecorator.java:227)
	at org.springframework.security.web.ObservationFilterChainDecorator$VirtualFilterChain.doFilter(ObservationFilterChainDecorator.java:137)
	at org.springframework.security.web.savedrequest.RequestCacheAwareFilter.doFilter(RequestCacheAwareFilter.java:63)
	at org.springframework.security.web.ObservationFilterChainDecorator$ObservationFilter.wrapFilter(ObservationFilterChainDecorator.java:240)
	at org.springframework.security.web.ObservationFilterChainDecorator$ObservationFilter.doFilter(ObservationFilterChainDecorator.java:227)
	at org.springframework.security.web.ObservationFilterChainDecorator$VirtualFilterChain.doFilter(ObservationFilterChainDecorator.java:137)
	at org.springframework.security.web.session.ConcurrentSessionFilter.doFilter(ConcurrentSessionFilter.java:151)
	at org.springframework.security.web.session.ConcurrentSessionFilter.doFilter(ConcurrentSessionFilter.java:129)
	at org.springframework.security.web.ObservationFilterChainDecorator$ObservationFilter.wrapFilter(ObservationFilterChainDecorator.java:240)
	at org.springframework.security.web.ObservationFilterChainDecorator$ObservationFilter.doFilter(ObservationFilterChainDecorator.java:227)
	at org.springframework.security.web.ObservationFilterChainDecorator$VirtualFilterChain.doFilter(ObservationFilterChainDecorator.java:137)
	at org.springframework.security.web.authentication.AbstractAuthenticationProcessingFilter.doFilter(AbstractAuthenticationProcessingFilter.java:227)
	at org.springframework.security.web.authentication.AbstractAuthenticationProcessingFilter.doFilter(AbstractAuthenticationProcessingFilter.java:221)
	at org.springframework.security.web.ObservationFilterChainDecorator$ObservationFilter.wrapFilter(ObservationFilterChainDecorator.java:240)
	at org.springframework.security.web.ObservationFilterChainDecorator$ObservationFilter.doFilter(ObservationFilterChainDecorator.java:227)
	at org.springframework.security.web.ObservationFilterChainDecorator$VirtualFilterChain.doFilter(ObservationFilterChainDecorator.java:137)
	at org.springframework.security.web.authentication.logout.LogoutFilter.doFilter(LogoutFilter.java:107)
	at org.springframework.security.web.authentication.logout.LogoutFilter.doFilter(LogoutFilter.java:93)
	at org.springframework.security.web.ObservationFilterChainDecorator$ObservationFilter.wrapFilter(ObservationFilterChainDecorator.java:240)
	at org.springframework.security.web.ObservationFilterChainDecorator$ObservationFilter.doFilter(ObservationFilterChainDecorator.java:227)
	at org.springframework.security.web.ObservationFilterChainDecorator$VirtualFilterChain.doFilter(ObservationFilterChainDecorator.java:137)
	at org.springframework.web.filter.OncePerRequestFilter.doFilter(OncePerRequestFilter.java:101)
	at org.springframework.security.web.ObservationFilterChainDecorator$ObservationFilter.wrapFilter(ObservationFilterChainDecorator.java:240)
	at org.springframework.security.web.ObservationFilterChainDecorator$ObservationFilter.doFilter(ObservationFilterChainDecorator.java:227)
	at org.springframework.security.web.ObservationFilterChainDecorator$VirtualFilterChain.doFilter(ObservationFilterChainDecorator.java:137)
	at org.springframework.web.filter.OncePerRequestFilter.doFilter(OncePerRequestFilter.java:101)
	at org.springframework.security.web.ObservationFilterChainDecorator$ObservationFilter.wrapFilter(ObservationFilterChainDecorator.java:240)
	at org.springframework.security.web.ObservationFilterChainDecorator$ObservationFilter.doFilter(ObservationFilterChainDecorator.java:227)
	at org.springframework.security.web.ObservationFilterChainDecorator$VirtualFilterChain.doFilter(ObservationFilterChainDecorator.java:137)
	at org.springframework.security.web.context.SecurityContextHolderFilter.doFilter(SecurityContextHolderFilter.java:82)
	at org.springframework.security.web.context.SecurityContextHolderFilter.doFilter(SecurityContextHolderFilter.java:69)
	at org.springframework.security.web.ObservationFilterChainDecorator$ObservationFilter.wrapFilter(ObservationFilterChainDecorator.java:240)
	at org.springframework.security.web.ObservationFilterChainDecorator$ObservationFilter.doFilter(ObservationFilterChainDecorator.java:227)
	at org.springframework.security.web.ObservationFilterChainDecorator$VirtualFilterChain.doFilter(ObservationFilterChainDecorator.java:137)
	at org.springframework.web.filter.OncePerRequestFilter.doFilter(OncePerRequestFilter.java:101)
	at org.springframework.security.web.ObservationFilterChainDecorator$ObservationFilter.wrapFilter(ObservationFilterChainDecorator.java:240)
	at org.springframework.security.web.ObservationFilterChainDecorator$ObservationFilter.doFilter(ObservationFilterChainDecorator.java:227)
	at org.springframework.security.web.ObservationFilterChainDecorator$VirtualFilterChain.doFilter(ObservationFilterChainDecorator.java:137)
	at org.springframework.web.filter.OncePerRequestFilter.doFilter(OncePerRequestFilter.java:101)
	at org.springframework.security.web.ObservationFilterChainDecorator$ObservationFilter.wrapFilter(ObservationFilterChainDecorator.java:240)
	at org.springframework.security.web.ObservationFilterChainDecorator$AroundFilterObservation$SimpleAroundFilterObservation.lambda$wrap$0(ObservationFilterChainDecorator.java:323)
	at org.springframework.security.web.ObservationFilterChainDecorator$ObservationFilter.doFilter(ObservationFilterChainDecorator.java:224)
	at org.springframework.security.web.ObservationFilterChainDecorator$VirtualFilterChain.doFilter(ObservationFilterChainDecorator.java:137)
	at org.springframework.security.web.FilterChainProxy.doFilterInternal(FilterChainProxy.java:233)
	at org.springframework.security.web.FilterChainProxy.doFilter(FilterChainProxy.java:191)
	at org.springframework.web.filter.DelegatingFilterProxy.invokeDelegate(DelegatingFilterProxy.java:352)
	at org.springframework.web.filter.DelegatingFilterProxy.doFilter(DelegatingFilterProxy.java:268)
	at org.apache.catalina.core.ApplicationFilterChain.internalDoFilter(ApplicationFilterChain.java:174)
	at org.apache.catalina.core.ApplicationFilterChain.doFilter(ApplicationFilterChain.java:149)
	at org.springframework.web.filter.RequestContextFilter.doFilterInternal(RequestContextFilter.java:100)
	at org.springframework.web.filter.OncePerRequestFilter.doFilter(OncePerRequestFilter.java:116)
	at org.apache.catalina.core.ApplicationFilterChain.internalDoFilter(ApplicationFilterChain.java:174)
	at org.apache.catalina.core.ApplicationFilterChain.doFilter(ApplicationFilterChain.java:149)
	at org.springframework.web.filter.OncePerRequestFilter.doFilter(OncePerRequestFilter.java:101)
	at org.apache.catalina.core.ApplicationFilterChain.internalDoFilter(ApplicationFilterChain.java:174)
	at org.apache.catalina.core.ApplicationFilterChain.doFilter(ApplicationFilterChain.java:149)
	at org.springframework.web.filter.OncePerRequestFilter.doFilter(OncePerRequestFilter.java:101)
	at org.apache.catalina.core.ApplicationFilterChain.internalDoFilter(ApplicationFilterChain.java:174)
	at org.apache.catalina.core.ApplicationFilterChain.doFilter(ApplicationFilterChain.java:149)
	at org.apache.catalina.core.ApplicationDispatcher.invoke(ApplicationDispatcher.java:642)
	at org.apache.catalina.core.ApplicationDispatcher.processRequest(ApplicationDispatcher.java:410)
	at org.apache.catalina.core.ApplicationDispatcher.doForward(ApplicationDispatcher.java:340)
	at org.apache.catalina.core.ApplicationDispatcher.forward(ApplicationDispatcher.java:277)
	at org.apache.catalina.core.StandardHostValve.custom(StandardHostValve.java:362)
	at org.apache.catalina.core.StandardHostValve.status(StandardHostValve.java:222)
	at org.apache.catalina.core.StandardHostValve.invoke(StandardHostValve.java:151)
	at org.apache.catalina.valves.ErrorReportValve.invoke(ErrorReportValve.java:93)
	at org.apache.catalina.core.StandardEngineValve.invoke(StandardEngineValve.java:74)
	at org.apache.catalina.connector.CoyoteAdapter.service(CoyoteAdapter.java:340)
	at org.apache.coyote.http11.Http11Processor.service(Http11Processor.java:391)
	at org.apache.coyote.AbstractProcessorLight.process(AbstractProcessorLight.java:63)
	at org.apache.coyote.AbstractProtocol$ConnectionHandler.process(AbstractProtocol.java:896)
	at org.apache.tomcat.util.net.NioEndpoint$SocketProcessor.doRun(NioEndpoint.java:1744)
	at org.apache.tomcat.util.net.SocketProcessorBase.run(SocketProcessorBase.java:52)
	at org.apache.tomcat.util.threads.ThreadPoolExecutor.runWorker(ThreadPoolExecutor.java:1191)
	at org.apache.tomcat.util.threads.ThreadPoolExecutor$Worker.run(ThreadPoolExecutor.java:659)
	at org.apache.tomcat.util.threads.TaskThread$WrappingRunnable.run(TaskThread.java:61)
	at java.base/java.lang.Thread.run(Thread.java:840)
2025-11-26 15:49:26 [http-nio-8080-exec-4] ERROR o.a.c.c.C.[.[.[.[dispatcherServlet] - Servlet.service() for servlet [dispatcherServlet] threw exception
org.thymeleaf.exceptions.TemplateInputException: Error resolving template [error], template might not exist or might not be accessible by any of the configured Template Resolvers
	at org.thymeleaf.engine.TemplateManager.resolveTemplate(TemplateManager.java:869)
	at org.thymeleaf.engine.TemplateManager.parseAndProcess(TemplateManager.java:607)
	at org.thymeleaf.TemplateEngine.process(TemplateEngine.java:1103)
	at org.thymeleaf.TemplateEngine.process(TemplateEngine.java:1077)
	at org.thymeleaf.spring6.view.ThymeleafView.renderFragment(ThymeleafView.java:372)
	at org.thymeleaf.spring6.view.ThymeleafView.render(ThymeleafView.java:192)
	at org.springframework.web.servlet.DispatcherServlet.render(DispatcherServlet.java:1431)
	at org.springframework.web.servlet.DispatcherServlet.processDispatchResult(DispatcherServlet.java:1167)
	at org.springframework.web.servlet.DispatcherServlet.doDispatch(DispatcherServlet.java:1106)
	at org.springframework.web.servlet.DispatcherServlet.doService(DispatcherServlet.java:979)
	at org.springframework.web.servlet.FrameworkServlet.processRequest(FrameworkServlet.java:1014)
	at org.springframework.web.servlet.FrameworkServlet.doGet(FrameworkServlet.java:903)
	at jakarta.servlet.http.HttpServlet.service(HttpServlet.java:564)
	at org.springframework.web.servlet.FrameworkServlet.service(FrameworkServlet.java:885)
	at jakarta.servlet.http.HttpServlet.service(HttpServlet.java:658)
	at org.apache.catalina.core.ApplicationFilterChain.internalDoFilter(ApplicationFilterChain.java:205)
	at org.apache.catalina.core.ApplicationFilterChain.doFilter(ApplicationFilterChain.java:149)
	at org.springframework.security.web.FilterChainProxy.lambda$doFilterInternal$3(FilterChainProxy.java:231)
	at org.springframework.security.web.ObservationFilterChainDecorator$FilterObservation$SimpleFilterObservation.lambda$wrap$1(ObservationFilterChainDecorator.java:479)
	at org.springframework.security.web.ObservationFilterChainDecorator$AroundFilterObservation$SimpleAroundFilterObservation.lambda$wrap$1(ObservationFilterChainDecorator.java:340)
	at org.springframework.security.web.ObservationFilterChainDecorator.lambda$wrapSecured$0(ObservationFilterChainDecorator.java:82)
	at org.springframework.security.web.ObservationFilterChainDecorator$VirtualFilterChain.doFilter(ObservationFilterChainDecorator.java:128)
	at org.springframework.security.web.access.intercept.AuthorizationFilter.doFilter(AuthorizationFilter.java:100)
	at org.springframework.security.web.ObservationFilterChainDecorator$ObservationFilter.wrapFilter(ObservationFilterChainDecorator.java:240)
	at org.springframework.security.web.ObservationFilterChainDecorator$ObservationFilter.doFilter(ObservationFilterChainDecorator.java:227)
	at org.springframework.security.web.ObservationFilterChainDecorator$VirtualFilterChain.doFilter(ObservationFilterChainDecorator.java:137)
	at org.springframework.security.web.access.ExceptionTranslationFilter.doFilter(ExceptionTranslationFilter.java:126)
	at org.springframework.security.web.access.ExceptionTranslationFilter.doFilter(ExceptionTranslationFilter.java:120)
	at org.springframework.security.web.ObservationFilterChainDecorator$ObservationFilter.wrapFilter(ObservationFilterChainDecorator.java:240)
	at org.springframework.security.web.ObservationFilterChainDecorator$ObservationFilter.doFilter(ObservationFilterChainDecorator.java:227)
	at org.springframework.security.web.ObservationFilterChainDecorator$VirtualFilterChain.doFilter(ObservationFilterChainDecorator.java:137)
	at org.springframework.security.web.session.SessionManagementFilter.doFilter(SessionManagementFilter.java:91)
	at org.springframework.security.web.session.SessionManagementFilter.doFilter(SessionManagementFilter.java:85)
	at org.springframework.security.web.ObservationFilterChainDecorator$ObservationFilter.wrapFilter(ObservationFilterChainDecorator.java:240)
	at org.springframework.security.web.ObservationFilterChainDecorator$ObservationFilter.doFilter(ObservationFilterChainDecorator.java:227)
	at org.springframework.security.web.ObservationFilterChainDecorator$VirtualFilterChain.doFilter(ObservationFilterChainDecorator.java:137)
	at org.springframework.security.web.authentication.AnonymousAuthenticationFilter.doFilter(AnonymousAuthenticationFilter.java:100)
	at org.springframework.security.web.ObservationFilterChainDecorator$ObservationFilter.wrapFilter(ObservationFilterChainDecorator.java:240)
	at org.springframework.security.web.ObservationFilterChainDecorator$ObservationFilter.doFilter(ObservationFilterChainDecorator.java:227)
	at org.springframework.security.web.ObservationFilterChainDecorator$VirtualFilterChain.doFilter(ObservationFilterChainDecorator.java:137)
	at org.springframework.security.web.servletapi.SecurityContextHolderAwareRequestFilter.doFilter(SecurityContextHolderAwareRequestFilter.java:179)
	at org.springframework.security.web.ObservationFilterChainDecorator$ObservationFilter.wrapFilter(ObservationFilterChainDecorator.java:240)
	at org.springframework.security.web.ObservationFilterChainDecorator$ObservationFilter.doFilter(ObservationFilterChainDecorator.java:227)
	at org.springframework.security.web.ObservationFilterChainDecorator$VirtualFilterChain.doFilter(ObservationFilterChainDecorator.java:137)
	at org.springframework.security.web.savedrequest.RequestCacheAwareFilter.doFilter(RequestCacheAwareFilter.java:63)
	at org.springframework.security.web.ObservationFilterChainDecorator$ObservationFilter.wrapFilter(ObservationFilterChainDecorator.java:240)
	at org.springframework.security.web.ObservationFilterChainDecorator$ObservationFilter.doFilter(ObservationFilterChainDecorator.java:227)
	at org.springframework.security.web.ObservationFilterChainDecorator$VirtualFilterChain.doFilter(ObservationFilterChainDecorator.java:137)
	at org.springframework.security.web.session.ConcurrentSessionFilter.doFilter(ConcurrentSessionFilter.java:151)
	at org.springframework.security.web.session.ConcurrentSessionFilter.doFilter(ConcurrentSessionFilter.java:129)
	at org.springframework.security.web.ObservationFilterChainDecorator$ObservationFilter.wrapFilter(ObservationFilterChainDecorator.java:240)
	at org.springframework.security.web.ObservationFilterChainDecorator$ObservationFilter.doFilter(ObservationFilterChainDecorator.java:227)
	at org.springframework.security.web.ObservationFilterChainDecorator$VirtualFilterChain.doFilter(ObservationFilterChainDecorator.java:137)
	at org.springframework.security.web.authentication.AbstractAuthenticationProcessingFilter.doFilter(AbstractAuthenticationProcessingFilter.java:227)
	at org.springframework.security.web.authentication.AbstractAuthenticationProcessingFilter.doFilter(AbstractAuthenticationProcessingFilter.java:221)
	at org.springframework.security.web.ObservationFilterChainDecorator$ObservationFilter.wrapFilter(ObservationFilterChainDecorator.java:240)
	at org.springframework.security.web.ObservationFilterChainDecorator$ObservationFilter.doFilter(ObservationFilterChainDecorator.java:227)
	at org.springframework.security.web.ObservationFilterChainDecorator$VirtualFilterChain.doFilter(ObservationFilterChainDecorator.java:137)
	at org.springframework.security.web.authentication.logout.LogoutFilter.doFilter(LogoutFilter.java:107)
	at org.springframework.security.web.authentication.logout.LogoutFilter.doFilter(LogoutFilter.java:93)
	at org.springframework.security.web.ObservationFilterChainDecorator$ObservationFilter.wrapFilter(ObservationFilterChainDecorator.java:240)
	at org.springframework.security.web.ObservationFilterChainDecorator$ObservationFilter.doFilter(ObservationFilterChainDecorator.java:227)
	at org.springframework.security.web.ObservationFilterChainDecorator$VirtualFilterChain.doFilter(ObservationFilterChainDecorator.java:137)
	at org.springframework.web.filter.OncePerRequestFilter.doFilter(OncePerRequestFilter.java:101)
	at org.springframework.security.web.ObservationFilterChainDecorator$ObservationFilter.wrapFilter(ObservationFilterChainDecorator.java:240)
	at org.springframework.security.web.ObservationFilterChainDecorator$ObservationFilter.doFilter(ObservationFilterChainDecorator.java:227)
	at org.springframework.security.web.ObservationFilterChainDecorator$VirtualFilterChain.doFilter(ObservationFilterChainDecorator.java:137)
	at org.springframework.web.filter.OncePerRequestFilter.doFilter(OncePerRequestFilter.java:101)
	at org.springframework.security.web.ObservationFilterChainDecorator$ObservationFilter.wrapFilter(ObservationFilterChainDecorator.java:240)
	at org.springframework.security.web.ObservationFilterChainDecorator$ObservationFilter.doFilter(ObservationFilterChainDecorator.java:227)
	at org.springframework.security.web.ObservationFilterChainDecorator$VirtualFilterChain.doFilter(ObservationFilterChainDecorator.java:137)
	at org.springframework.security.web.context.SecurityContextHolderFilter.doFilter(SecurityContextHolderFilter.java:82)
	at org.springframework.security.web.context.SecurityContextHolderFilter.doFilter(SecurityContextHolderFilter.java:69)
	at org.springframework.security.web.ObservationFilterChainDecorator$ObservationFilter.wrapFilter(ObservationFilterChainDecorator.java:240)
	at org.springframework.security.web.ObservationFilterChainDecorator$ObservationFilter.doFilter(ObservationFilterChainDecorator.java:227)
	at org.springframework.security.web.ObservationFilterChainDecorator$VirtualFilterChain.doFilter(ObservationFilterChainDecorator.java:137)
	at org.springframework.web.filter.OncePerRequestFilter.doFilter(OncePerRequestFilter.java:101)
	at org.springframework.security.web.ObservationFilterChainDecorator$ObservationFilter.wrapFilter(ObservationFilterChainDecorator.java:240)
	at org.springframework.security.web.ObservationFilterChainDecorator$ObservationFilter.doFilter(ObservationFilterChainDecorator.java:227)
	at org.springframework.security.web.ObservationFilterChainDecorator$VirtualFilterChain.doFilter(ObservationFilterChainDecorator.java:137)
	at org.springframework.web.filter.OncePerRequestFilter.doFilter(OncePerRequestFilter.java:101)
	at org.springframework.security.web.ObservationFilterChainDecorator$ObservationFilter.wrapFilter(ObservationFilterChainDecorator.java:240)
	at org.springframework.security.web.ObservationFilterChainDecorator$AroundFilterObservation$SimpleAroundFilterObservation.lambda$wrap$0(ObservationFilterChainDecorator.java:323)
	at org.springframework.security.web.ObservationFilterChainDecorator$ObservationFilter.doFilter(ObservationFilterChainDecorator.java:224)
	at org.springframework.security.web.ObservationFilterChainDecorator$VirtualFilterChain.doFilter(ObservationFilterChainDecorator.java:137)
	at org.springframework.security.web.FilterChainProxy.doFilterInternal(FilterChainProxy.java:233)
	at org.springframework.security.web.FilterChainProxy.doFilter(FilterChainProxy.java:191)
	at org.springframework.web.filter.DelegatingFilterProxy.invokeDelegate(DelegatingFilterProxy.java:352)
	at org.springframework.web.filter.DelegatingFilterProxy.doFilter(DelegatingFilterProxy.java:268)
	at org.apache.catalina.core.ApplicationFilterChain.internalDoFilter(ApplicationFilterChain.java:174)
	at org.apache.catalina.core.ApplicationFilterChain.doFilter(ApplicationFilterChain.java:149)
	at org.springframework.web.filter.RequestContextFilter.doFilterInternal(RequestContextFilter.java:100)
	at org.springframework.web.filter.OncePerRequestFilter.doFilter(OncePerRequestFilter.java:116)
	at org.apache.catalina.core.ApplicationFilterChain.internalDoFilter(ApplicationFilterChain.java:174)
	at org.apache.catalina.core.ApplicationFilterChain.doFilter(ApplicationFilterChain.java:149)
	at org.springframework.web.filter.OncePerRequestFilter.doFilter(OncePerRequestFilter.java:101)
	at org.apache.catalina.core.ApplicationFilterChain.internalDoFilter(ApplicationFilterChain.java:174)
	at org.apache.catalina.core.ApplicationFilterChain.doFilter(ApplicationFilterChain.java:149)
	at org.springframework.web.filter.OncePerRequestFilter.doFilter(OncePerRequestFilter.java:101)
	at org.apache.catalina.core.ApplicationFilterChain.internalDoFilter(ApplicationFilterChain.java:174)
	at org.apache.catalina.core.ApplicationFilterChain.doFilter(ApplicationFilterChain.java:149)
	at org.apache.catalina.core.ApplicationDispatcher.invoke(ApplicationDispatcher.java:642)
	at org.apache.catalina.core.ApplicationDispatcher.processRequest(ApplicationDispatcher.java:410)
	at org.apache.catalina.core.ApplicationDispatcher.doForward(ApplicationDispatcher.java:340)
	at org.apache.catalina.core.ApplicationDispatcher.forward(ApplicationDispatcher.java:277)
	at org.apache.catalina.core.StandardHostValve.custom(StandardHostValve.java:362)
	at org.apache.catalina.core.StandardHostValve.status(StandardHostValve.java:222)
	at org.apache.catalina.core.StandardHostValve.invoke(StandardHostValve.java:151)
	at org.apache.catalina.valves.ErrorReportValve.invoke(ErrorReportValve.java:93)
	at org.apache.catalina.core.StandardEngineValve.invoke(StandardEngineValve.java:74)
	at org.apache.catalina.connector.CoyoteAdapter.service(CoyoteAdapter.java:340)
	at org.apache.coyote.http11.Http11Processor.service(Http11Processor.java:391)
	at org.apache.coyote.AbstractProcessorLight.process(AbstractProcessorLight.java:63)
	at org.apache.coyote.AbstractProtocol$ConnectionHandler.process(AbstractProtocol.java:896)
	at org.apache.tomcat.util.net.NioEndpoint$SocketProcessor.doRun(NioEndpoint.java:1744)
	at org.apache.tomcat.util.net.SocketProcessorBase.run(SocketProcessorBase.java:52)
	at org.apache.tomcat.util.threads.ThreadPoolExecutor.runWorker(ThreadPoolExecutor.java:1191)
	at org.apache.tomcat.util.threads.ThreadPoolExecutor$Worker.run(ThreadPoolExecutor.java:659)
	at org.apache.tomcat.util.threads.TaskThread$WrappingRunnable.run(TaskThread.java:61)
	at java.base/java.lang.Thread.run(Thread.java:840)
2025-11-26 15:49:26 [http-nio-8080-exec-4] ERROR o.a.c.c.C.[Tomcat].[localhost] - Exception Processing ErrorPage[errorCode=0, location=/error]
jakarta.servlet.ServletException: Request processing failed: org.thymeleaf.exceptions.TemplateInputException: Error resolving template [error], template might not exist or might not be accessible by any of the configured Template Resolvers
	at org.springframework.web.servlet.FrameworkServlet.processRequest(FrameworkServlet.java:1022)
	at org.springframework.web.servlet.FrameworkServlet.doGet(FrameworkServlet.java:903)
	at jakarta.servlet.http.HttpServlet.service(HttpServlet.java:564)
	at org.springframework.web.servlet.FrameworkServlet.service(FrameworkServlet.java:885)
	at jakarta.servlet.http.HttpServlet.service(HttpServlet.java:658)
	at org.apache.catalina.core.ApplicationFilterChain.internalDoFilter(ApplicationFilterChain.java:205)
	at org.apache.catalina.core.ApplicationFilterChain.doFilter(ApplicationFilterChain.java:149)
	at org.springframework.security.web.FilterChainProxy.lambda$doFilterInternal$3(FilterChainProxy.java:231)
	at org.springframework.security.web.ObservationFilterChainDecorator$FilterObservation$SimpleFilterObservation.lambda$wrap$1(ObservationFilterChainDecorator.java:479)
	at org.springframework.security.web.ObservationFilterChainDecorator$AroundFilterObservation$SimpleAroundFilterObservation.lambda$wrap$1(ObservationFilterChainDecorator.java:340)
	at org.springframework.security.web.ObservationFilterChainDecorator.lambda$wrapSecured$0(ObservationFilterChainDecorator.java:82)
	at org.springframework.security.web.ObservationFilterChainDecorator$VirtualFilterChain.doFilter(ObservationFilterChainDecorator.java:128)
	at org.springframework.security.web.access.intercept.AuthorizationFilter.doFilter(AuthorizationFilter.java:100)
	at org.springframework.security.web.ObservationFilterChainDecorator$ObservationFilter.wrapFilter(ObservationFilterChainDecorator.java:240)
	at org.springframework.security.web.ObservationFilterChainDecorator$ObservationFilter.doFilter(ObservationFilterChainDecorator.java:227)
	at org.springframework.security.web.ObservationFilterChainDecorator$VirtualFilterChain.doFilter(ObservationFilterChainDecorator.java:137)
	at org.springframework.security.web.access.ExceptionTranslationFilter.doFilter(ExceptionTranslationFilter.java:126)
	at org.springframework.security.web.access.ExceptionTranslationFilter.doFilter(ExceptionTranslationFilter.java:120)
	at org.springframework.security.web.ObservationFilterChainDecorator$ObservationFilter.wrapFilter(ObservationFilterChainDecorator.java:240)
	at org.springframework.security.web.ObservationFilterChainDecorator$ObservationFilter.doFilter(ObservationFilterChainDecorator.java:227)
	at org.springframework.security.web.ObservationFilterChainDecorator$VirtualFilterChain.doFilter(ObservationFilterChainDecorator.java:137)
	at org.springframework.security.web.session.SessionManagementFilter.doFilter(SessionManagementFilter.java:91)
	at org.springframework.security.web.session.SessionManagementFilter.doFilter(SessionManagementFilter.java:85)
	at org.springframework.security.web.ObservationFilterChainDecorator$ObservationFilter.wrapFilter(ObservationFilterChainDecorator.java:240)
	at org.springframework.security.web.ObservationFilterChainDecorator$ObservationFilter.doFilter(ObservationFilterChainDecorator.java:227)
	at org.springframework.security.web.ObservationFilterChainDecorator$VirtualFilterChain.doFilter(ObservationFilterChainDecorator.java:137)
	at org.springframework.security.web.authentication.AnonymousAuthenticationFilter.doFilter(AnonymousAuthenticationFilter.java:100)
	at org.springframework.security.web.ObservationFilterChainDecorator$ObservationFilter.wrapFilter(ObservationFilterChainDecorator.java:240)
	at org.springframework.security.web.ObservationFilterChainDecorator$ObservationFilter.doFilter(ObservationFilterChainDecorator.java:227)
	at org.springframework.security.web.ObservationFilterChainDecorator$VirtualFilterChain.doFilter(ObservationFilterChainDecorator.java:137)
	at org.springframework.security.web.servletapi.SecurityContextHolderAwareRequestFilter.doFilter(SecurityContextHolderAwareRequestFilter.java:179)
	at org.springframework.security.web.ObservationFilterChainDecorator$ObservationFilter.wrapFilter(ObservationFilterChainDecorator.java:240)
	at org.springframework.security.web.ObservationFilterChainDecorator$ObservationFilter.doFilter(ObservationFilterChainDecorator.java:227)
	at org.springframework.security.web.ObservationFilterChainDecorator$VirtualFilterChain.doFilter(ObservationFilterChainDecorator.java:137)
	at org.springframework.security.web.savedrequest.RequestCacheAwareFilter.doFilter(RequestCacheAwareFilter.java:63)
	at org.springframework.security.web.ObservationFilterChainDecorator$ObservationFilter.wrapFilter(ObservationFilterChainDecorator.java:240)
	at org.springframework.security.web.ObservationFilterChainDecorator$ObservationFilter.doFilter(ObservationFilterChainDecorator.java:227)
	at org.springframework.security.web.ObservationFilterChainDecorator$VirtualFilterChain.doFilter(ObservationFilterChainDecorator.java:137)
	at org.springframework.security.web.session.ConcurrentSessionFilter.doFilter(ConcurrentSessionFilter.java:151)
	at org.springframework.security.web.session.ConcurrentSessionFilter.doFilter(ConcurrentSessionFilter.java:129)
	at org.springframework.security.web.ObservationFilterChainDecorator$ObservationFilter.wrapFilter(ObservationFilterChainDecorator.java:240)
	at org.springframework.security.web.ObservationFilterChainDecorator$ObservationFilter.doFilter(ObservationFilterChainDecorator.java:227)
	at org.springframework.security.web.ObservationFilterChainDecorator$VirtualFilterChain.doFilter(ObservationFilterChainDecorator.java:137)
	at org.springframework.security.web.authentication.AbstractAuthenticationProcessingFilter.doFilter(AbstractAuthenticationProcessingFilter.java:227)
	at org.springframework.security.web.authentication.AbstractAuthenticationProcessingFilter.doFilter(AbstractAuthenticationProcessingFilter.java:221)
	at org.springframework.security.web.ObservationFilterChainDecorator$ObservationFilter.wrapFilter(ObservationFilterChainDecorator.java:240)
	at org.springframework.security.web.ObservationFilterChainDecorator$ObservationFilter.doFilter(ObservationFilterChainDecorator.java:227)
	at org.springframework.security.web.ObservationFilterChainDecorator$VirtualFilterChain.doFilter(ObservationFilterChainDecorator.java:137)
	at org.springframework.security.web.authentication.logout.LogoutFilter.doFilter(LogoutFilter.java:107)
	at org.springframework.security.web.authentication.logout.LogoutFilter.doFilter(LogoutFilter.java:93)
	at org.springframework.security.web.ObservationFilterChainDecorator$ObservationFilter.wrapFilter(ObservationFilterChainDecorator.java:240)
	at org.springframework.security.web.ObservationFilterChainDecorator$ObservationFilter.doFilter(ObservationFilterChainDecorator.java:227)
	at org.springframework.security.web.ObservationFilterChainDecorator$VirtualFilterChain.doFilter(ObservationFilterChainDecorator.java:137)
	at org.springframework.web.filter.OncePerRequestFilter.doFilter(OncePerRequestFilter.java:101)
	at org.springframework.security.web.ObservationFilterChainDecorator$ObservationFilter.wrapFilter(ObservationFilterChainDecorator.java:240)
	at org.springframework.security.web.ObservationFilterChainDecorator$ObservationFilter.doFilter(ObservationFilterChainDecorator.java:227)
	at org.springframework.security.web.ObservationFilterChainDecorator$VirtualFilterChain.doFilter(ObservationFilterChainDecorator.java:137)
	at org.springframework.web.filter.OncePerRequestFilter.doFilter(OncePerRequestFilter.java:101)
	at org.springframework.security.web.ObservationFilterChainDecorator$ObservationFilter.wrapFilter(ObservationFilterChainDecorator.java:240)
	at org.springframework.security.web.ObservationFilterChainDecorator$ObservationFilter.doFilter(ObservationFilterChainDecorator.java:227)
	at org.springframework.security.web.ObservationFilterChainDecorator$VirtualFilterChain.doFilter(ObservationFilterChainDecorator.java:137)
	at org.springframework.security.web.context.SecurityContextHolderFilter.doFilter(SecurityContextHolderFilter.java:82)
	at org.springframework.security.web.context.SecurityContextHolderFilter.doFilter(SecurityContextHolderFilter.java:69)
	at org.springframework.security.web.ObservationFilterChainDecorator$ObservationFilter.wrapFilter(ObservationFilterChainDecorator.java:240)
	at org.springframework.security.web.ObservationFilterChainDecorator$ObservationFilter.doFilter(ObservationFilterChainDecorator.java:227)
	at org.springframework.security.web.ObservationFilterChainDecorator$VirtualFilterChain.doFilter(ObservationFilterChainDecorator.java:137)
	at org.springframework.web.filter.OncePerRequestFilter.doFilter(OncePerRequestFilter.java:101)
	at org.springframework.security.web.ObservationFilterChainDecorator$ObservationFilter.wrapFilter(ObservationFilterChainDecorator.java:240)
	at org.springframework.security.web.ObservationFilterChainDecorator$ObservationFilter.doFilter(ObservationFilterChainDecorator.java:227)
	at org.springframework.security.web.ObservationFilterChainDecorator$VirtualFilterChain.doFilter(ObservationFilterChainDecorator.java:137)
	at org.springframework.web.filter.OncePerRequestFilter.doFilter(OncePerRequestFilter.java:101)
	at org.springframework.security.web.ObservationFilterChainDecorator$ObservationFilter.wrapFilter(ObservationFilterChainDecorator.java:240)
	at org.springframework.security.web.ObservationFilterChainDecorator$AroundFilterObservation$SimpleAroundFilterObservation.lambda$wrap$0(ObservationFilterChainDecorator.java:323)
	at org.springframework.security.web.ObservationFilterChainDecorator$ObservationFilter.doFilter(ObservationFilterChainDecorator.java:224)
	at org.springframework.security.web.ObservationFilterChainDecorator$VirtualFilterChain.doFilter(ObservationFilterChainDecorator.java:137)
	at org.springframework.security.web.FilterChainProxy.doFilterInternal(FilterChainProxy.java:233)
	at org.springframework.security.web.FilterChainProxy.doFilter(FilterChainProxy.java:191)
	at org.springframework.web.filter.DelegatingFilterProxy.invokeDelegate(DelegatingFilterProxy.java:352)
	at org.springframework.web.filter.DelegatingFilterProxy.doFilter(DelegatingFilterProxy.java:268)
	at org.apache.catalina.core.ApplicationFilterChain.internalDoFilter(ApplicationFilterChain.java:174)
	at org.apache.catalina.core.ApplicationFilterChain.doFilter(ApplicationFilterChain.java:149)
	at org.springframework.web.filter.RequestContextFilter.doFilterInternal(RequestContextFilter.java:100)
	at org.springframework.web.filter.OncePerRequestFilter.doFilter(OncePerRequestFilter.java:116)
	at org.apache.catalina.core.ApplicationFilterChain.internalDoFilter(ApplicationFilterChain.java:174)
	at org.apache.catalina.core.ApplicationFilterChain.doFilter(ApplicationFilterChain.java:149)
	at org.springframework.web.filter.OncePerRequestFilter.doFilter(OncePerRequestFilter.java:101)
	at org.apache.catalina.core.ApplicationFilterChain.internalDoFilter(ApplicationFilterChain.java:174)
	at org.apache.catalina.core.ApplicationFilterChain.doFilter(ApplicationFilterChain.java:149)
	at org.springframework.web.filter.OncePerRequestFilter.doFilter(OncePerRequestFilter.java:101)
	at org.apache.catalina.core.ApplicationFilterChain.internalDoFilter(ApplicationFilterChain.java:174)
	at org.apache.catalina.core.ApplicationFilterChain.doFilter(ApplicationFilterChain.java:149)
	at org.apache.catalina.core.ApplicationDispatcher.invoke(ApplicationDispatcher.java:642)
	at org.apache.catalina.core.ApplicationDispatcher.processRequest(ApplicationDispatcher.java:410)
	at org.apache.catalina.core.ApplicationDispatcher.doForward(ApplicationDispatcher.java:340)
	at org.apache.catalina.core.ApplicationDispatcher.forward(ApplicationDispatcher.java:277)
	at org.apache.catalina.core.StandardHostValve.custom(StandardHostValve.java:362)
	at org.apache.catalina.core.StandardHostValve.status(StandardHostValve.java:222)
	at org.apache.catalina.core.StandardHostValve.invoke(StandardHostValve.java:151)
	at org.apache.catalina.valves.ErrorReportValve.invoke(ErrorReportValve.java:93)
	at org.apache.catalina.core.StandardEngineValve.invoke(StandardEngineValve.java:74)
	at org.apache.catalina.connector.CoyoteAdapter.service(CoyoteAdapter.java:340)
	at org.apache.coyote.http11.Http11Processor.service(Http11Processor.java:391)
	at org.apache.coyote.AbstractProcessorLight.process(AbstractProcessorLight.java:63)
	at org.apache.coyote.AbstractProtocol$ConnectionHandler.process(AbstractProtocol.java:896)
	at org.apache.tomcat.util.net.NioEndpoint$SocketProcessor.doRun(NioEndpoint.java:1744)
	at org.apache.tomcat.util.net.SocketProcessorBase.run(SocketProcessorBase.java:52)
	at org.apache.tomcat.util.threads.ThreadPoolExecutor.runWorker(ThreadPoolExecutor.java:1191)
	at org.apache.tomcat.util.threads.ThreadPoolExecutor$Worker.run(ThreadPoolExecutor.java:659)
	at org.apache.tomcat.util.threads.TaskThread$WrappingRunnable.run(TaskThread.java:61)
	at java.base/java.lang.Thread.run(Thread.java:840)
Caused by: org.thymeleaf.exceptions.TemplateInputException: Error resolving template [error], template might not exist or might not be accessible by any of the configured Template Resolvers
	at org.thymeleaf.engine.TemplateManager.resolveTemplate(TemplateManager.java:869)
	at org.thymeleaf.engine.TemplateManager.parseAndProcess(TemplateManager.java:607)
	at org.thymeleaf.TemplateEngine.process(TemplateEngine.java:1103)
	at org.thymeleaf.TemplateEngine.process(TemplateEngine.java:1077)
	at org.thymeleaf.spring6.view.ThymeleafView.renderFragment(ThymeleafView.java:372)
	at org.thymeleaf.spring6.view.ThymeleafView.render(ThymeleafView.java:192)
	at org.springframework.web.servlet.DispatcherServlet.render(DispatcherServlet.java:1431)
	at org.springframework.web.servlet.DispatcherServlet.processDispatchResult(DispatcherServlet.java:1167)
	at org.springframework.web.servlet.DispatcherServlet.doDispatch(DispatcherServlet.java:1106)
	at org.springframework.web.servlet.DispatcherServlet.doService(DispatcherServlet.java:979)
	at org.springframework.web.servlet.FrameworkServlet.processRequest(FrameworkServlet.java:1014)
	... 109 common frames omitted
2025-11-26 15:49:29 [http-nio-8080-exec-5] DEBUG o.s.security.web.FilterChainProxy - Securing GET /login?error=true
2025-11-26 15:49:29 [http-nio-8080-exec-5] DEBUG o.s.security.web.FilterChainProxy - Secured GET /login?error=true
2025-11-26 15:49:29 [http-nio-8080-exec-5] DEBUG o.s.s.w.c.HttpSessionSecurityContextRepository - Retrieved SecurityContextImpl [Authentication=UsernamePasswordAuthenticationToken [Principal=org.springframework.security.core.userdetails.User [Username=admin, Password=[PROTECTED], Enabled=true, AccountNonExpired=true, CredentialsNonExpired=true, AccountNonLocked=true, Granted Authorities=[ROLE_ADMIN]], Credentials=[PROTECTED], Authenticated=true, Details=WebAuthenticationDetails [RemoteIpAddress=0:0:0:0:0:0:0:1, SessionId=9A8B8C07162CDE1EDFB8B91B50B0456D], Granted Authorities=[ROLE_ADMIN]]]
2025-11-26 15:49:34 [http-nio-8080-exec-6] DEBUG o.s.security.web.FilterChainProxy - Securing POST /login
2025-11-26 15:49:35 [http-nio-8080-exec-6] DEBUG org.hibernate.SQL - 
    /* <criteria> */ select
        u1_0.id,
        u1_0.activo,
        u1_0.bloqueado_hasta,
        u1_0.created_at,
        u1_0.email,
        u1_0.intentos_fallidos,
        u1_0.nombre_completo,
        u1_0.password,
        u1_0.rol_id,
        u1_0.telefono,
        u1_0.ultimo_acceso,
        u1_0.updated_at,
        u1_0.username 
    from
        usuarios u1_0 
    where
        u1_0.username=?
2025-11-26 15:49:35 [http-nio-8080-exec-6] DEBUG org.hibernate.SQL - 
    select
        r1_0.id,
        r1_0.activo,
        r1_0.created_at,
        r1_0.descripcion,
        r1_0.nombre,
        r1_0.updated_at 
    from
        roles r1_0 
    where
        r1_0.id=?
2025-11-26 15:49:35 [http-nio-8080-exec-6] DEBUG o.s.s.a.d.DaoAuthenticationProvider - Authenticated user
2025-11-26 15:49:35 [http-nio-8080-exec-6] WARN  o.a.c.util.SessionIdGeneratorBase - Creation of SecureRandom instance for session ID generation using [SHA1PRNG] took [123] milliseconds.
2025-11-26 15:49:35 [http-nio-8080-exec-6] DEBUG o.s.s.w.a.s.ChangeSessionIdAuthenticationStrategy - Changed session id from B01DD40CB171A4EE7F90F07171BEFABB
2025-11-26 15:49:35 [http-nio-8080-exec-6] DEBUG o.s.s.c.session.SessionRegistryImpl - Registering session 446EEFAFC097108479A03C38B3826C4C, for principal org.springframework.security.core.userdetails.User [Username=admin, Password=[PROTECTED], Enabled=true, AccountNonExpired=true, CredentialsNonExpired=true, AccountNonLocked=true, Granted Authorities=[ROLE_ADMIN]]
2025-11-26 15:49:35 [http-nio-8080-exec-6] DEBUG o.s.s.w.c.HttpSessionSecurityContextRepository - Stored SecurityContextImpl [Authentication=UsernamePasswordAuthenticationToken [Principal=org.springframework.security.core.userdetails.User [Username=admin, Password=[PROTECTED], Enabled=true, AccountNonExpired=true, CredentialsNonExpired=true, AccountNonLocked=true, Granted Authorities=[ROLE_ADMIN]], Credentials=[PROTECTED], Authenticated=true, Details=WebAuthenticationDetails [RemoteIpAddress=0:0:0:0:0:0:0:1, SessionId=B01DD40CB171A4EE7F90F07171BEFABB], Granted Authorities=[ROLE_ADMIN]]] to HttpSession [org.apache.catalina.session.StandardSessionFacade@adee171]
2025-11-26 15:49:35 [http-nio-8080-exec-6] DEBUG o.s.s.w.a.UsernamePasswordAuthenticationFilter - Set SecurityContextHolder to UsernamePasswordAuthenticationToken [Principal=org.springframework.security.core.userdetails.User [Username=admin, Password=[PROTECTED], Enabled=true, AccountNonExpired=true, CredentialsNonExpired=true, AccountNonLocked=true, Granted Authorities=[ROLE_ADMIN]], Credentials=[PROTECTED], Authenticated=true, Details=WebAuthenticationDetails [RemoteIpAddress=0:0:0:0:0:0:0:1, SessionId=B01DD40CB171A4EE7F90F07171BEFABB], Granted Authorities=[ROLE_ADMIN]]
2025-11-26 15:49:35 [http-nio-8080-exec-6] DEBUG o.s.s.web.DefaultRedirectStrategy - Redirecting to /dashboard
2025-11-26 15:49:35 [http-nio-8080-exec-7] DEBUG o.s.security.web.FilterChainProxy - Securing GET /dashboard
2025-11-26 15:49:35 [http-nio-8080-exec-7] DEBUG o.s.s.w.c.HttpSessionSecurityContextRepository - Retrieved SecurityContextImpl [Authentication=UsernamePasswordAuthenticationToken [Principal=org.springframework.security.core.userdetails.User [Username=admin, Password=[PROTECTED], Enabled=true, AccountNonExpired=true, CredentialsNonExpired=true, AccountNonLocked=true, Granted Authorities=[ROLE_ADMIN]], Credentials=[PROTECTED], Authenticated=true, Details=WebAuthenticationDetails [RemoteIpAddress=0:0:0:0:0:0:0:1, SessionId=B01DD40CB171A4EE7F90F07171BEFABB], Granted Authorities=[ROLE_ADMIN]]]
2025-11-26 15:49:35 [http-nio-8080-exec-7] DEBUG o.s.security.web.FilterChainProxy - Secured GET /dashboard
2025-11-26 15:49:35 [http-nio-8080-exec-7] DEBUG org.hibernate.SQL - 
    /* <criteria> */ select
        p1_0.id,
        p1_0.activo,
        p1_0.categoria_id,
        p1_0.codigo,
        p1_0.codigoBarras,
        p1_0.color,
        p1_0.costo_almacenamiento,
        p1_0.created_at,
        p1_0.descripcion,
        p1_0.es_perecedero,
        p1_0.fecha_vencimiento,
        p1_0.imagen_url,
        p1_0.lote,
        p1_0.marca,
        p1_0.modelo,
        p1_0.nombre,
        p1_0.numero_serie,
        p1_0.observaciones,
        p1_0.peso,
        p1_0.porcentaje_impuesto,
        p1_0.precio_compra,
        p1_0.precio_mayoreo,
        p1_0.precio_venta,
        p1_0.proveedor_id,
        p1_0.punto_reorden,
        p1_0.requiere_lote,
        p1_0.requiere_serie,
        p1_0.sku,
        p1_0.stock_actual,
        p1_0.stock_maximo,
        p1_0.stock_minimo,
        p1_0.talla,
        p1_0.tiene_impuestos,
        p1_0.unidadMedida,
        p1_0.updated_at,
        p1_0.volumen 
    from
        productos p1_0
2025-11-26 15:49:35 [http-nio-8080-exec-7] DEBUG org.hibernate.SQL - 
    /* <criteria> */ select
        p1_0.id,
        p1_0.activo,
        p1_0.categoria_id,
        p1_0.codigo,
        p1_0.codigoBarras,
        p1_0.color,
        p1_0.costo_almacenamiento,
        p1_0.created_at,
        p1_0.descripcion,
        p1_0.es_perecedero,
        p1_0.fecha_vencimiento,
        p1_0.imagen_url,
        p1_0.lote,
        p1_0.marca,
        p1_0.modelo,
        p1_0.nombre,
        p1_0.numero_serie,
        p1_0.observaciones,
        p1_0.peso,
        p1_0.porcentaje_impuesto,
        p1_0.precio_compra,
        p1_0.precio_mayoreo,
        p1_0.precio_venta,
        p1_0.proveedor_id,
        p1_0.punto_reorden,
        p1_0.requiere_lote,
        p1_0.requiere_serie,
        p1_0.sku,
        p1_0.stock_actual,
        p1_0.stock_maximo,
        p1_0.stock_minimo,
        p1_0.talla,
        p1_0.tiene_impuestos,
        p1_0.unidadMedida,
        p1_0.updated_at,
        p1_0.volumen 
    from
        productos p1_0
2025-11-26 15:49:35 [http-nio-8080-exec-7] DEBUG org.hibernate.SQL - 
    /* <criteria> */ select
        p1_0.id,
        p1_0.activo,
        p1_0.categoria_id,
        p1_0.codigo,
        p1_0.codigoBarras,
        p1_0.color,
        p1_0.costo_almacenamiento,
        p1_0.created_at,
        p1_0.descripcion,
        p1_0.es_perecedero,
        p1_0.fecha_vencimiento,
        p1_0.imagen_url,
        p1_0.lote,
        p1_0.marca,
        p1_0.modelo,
        p1_0.nombre,
        p1_0.numero_serie,
        p1_0.observaciones,
        p1_0.peso,
        p1_0.porcentaje_impuesto,
        p1_0.precio_compra,
        p1_0.precio_mayoreo,
        p1_0.precio_venta,
        p1_0.proveedor_id,
        p1_0.punto_reorden,
        p1_0.requiere_lote,
        p1_0.requiere_serie,
        p1_0.sku,
        p1_0.stock_actual,
        p1_0.stock_maximo,
        p1_0.stock_minimo,
        p1_0.talla,
        p1_0.tiene_impuestos,
        p1_0.unidadMedida,
        p1_0.updated_at,
        p1_0.volumen 
    from
        productos p1_0
2025-11-26 15:49:35 [http-nio-8080-exec-7] DEBUG org.hibernate.SQL - 
    /* SELECT
        COUNT(m) 
    FROM
        Movimiento m 
    WHERE
        DATE(m.fechaMovimiento) = CURRENT_DATE */ select
            count(m1_0.id) 
        from
            movimientos m1_0 
        where
            date(m1_0.fecha_movimiento)=current_date
2025-11-26 15:49:35 [http-nio-8080-exec-7] DEBUG org.hibernate.SQL - 
    /* <criteria> */ select
        p1_0.id,
        p1_0.activo,
        p1_0.categoria_id,
        p1_0.codigo,
        p1_0.codigoBarras,
        p1_0.color,
        p1_0.costo_almacenamiento,
        p1_0.created_at,
        p1_0.descripcion,
        p1_0.es_perecedero,
        p1_0.fecha_vencimiento,
        p1_0.imagen_url,
        p1_0.lote,
        p1_0.marca,
        p1_0.modelo,
        p1_0.nombre,
        p1_0.numero_serie,
        p1_0.observaciones,
        p1_0.peso,
        p1_0.porcentaje_impuesto,
        p1_0.precio_compra,
        p1_0.precio_mayoreo,
        p1_0.precio_venta,
        p1_0.proveedor_id,
        p1_0.punto_reorden,
        p1_0.requiere_lote,
        p1_0.requiere_serie,
        p1_0.sku,
        p1_0.stock_actual,
        p1_0.stock_maximo,
        p1_0.stock_minimo,
        p1_0.talla,
        p1_0.tiene_impuestos,
        p1_0.unidadMedida,
        p1_0.updated_at,
        p1_0.volumen 
    from
        productos p1_0
2025-11-26 15:49:35 [http-nio-8080-exec-7] DEBUG org.hibernate.SQL - 
    /* <criteria> */ select
        p1_0.id,
        p1_0.activo,
        p1_0.categoria_id,
        p1_0.codigo,
        p1_0.codigoBarras,
        p1_0.color,
        p1_0.costo_almacenamiento,
        p1_0.created_at,
        p1_0.descripcion,
        p1_0.es_perecedero,
        p1_0.fecha_vencimiento,
        p1_0.imagen_url,
        p1_0.lote,
        p1_0.marca,
        p1_0.modelo,
        p1_0.nombre,
        p1_0.numero_serie,
        p1_0.observaciones,
        p1_0.peso,
        p1_0.porcentaje_impuesto,
        p1_0.precio_compra,
        p1_0.precio_mayoreo,
        p1_0.precio_venta,
        p1_0.proveedor_id,
        p1_0.punto_reorden,
        p1_0.requiere_lote,
        p1_0.requiere_serie,
        p1_0.sku,
        p1_0.stock_actual,
        p1_0.stock_maximo,
        p1_0.stock_minimo,
        p1_0.talla,
        p1_0.tiene_impuestos,
        p1_0.unidadMedida,
        p1_0.updated_at,
        p1_0.volumen 
    from
        productos p1_0
2025-11-26 15:49:35 [http-nio-8080-exec-7] DEBUG org.hibernate.SQL - 
    /* SELECT
        a 
    FROM
        Alerta a 
    WHERE
        a.activa = true 
        AND a.leida = false 
    ORDER BY
        a.prioridad DESC,
        a.createdAt DESC */ select
            a1_0.id,
            a1_0.activa,
            a1_0.almacen_id,
            a1_0.created_at,
            a1_0.fecha_lectura,
            a1_0.leida,
            a1_0.mensaje,
            a1_0.prioridad,
            a1_0.producto_id,
            a1_0.tipo 
        from
            alertas a1_0 
        where
            a1_0.activa=1 
            and a1_0.leida=0 
        order by
            a1_0.prioridad desc,
            a1_0.created_at desc
2025-11-26 15:49:35 [http-nio-8080-exec-7] DEBUG org.hibernate.SQL - 
    /* SELECT
        m 
    FROM
        Movimiento m 
    ORDER BY
        m.fechaMovimiento DESC */ select
            m1_0.id,
            m1_0.almacen_id,
            m1_0.aprobado_por,
            m1_0.cliente_id,
            m1_0.codigo,
            m1_0.created_at,
            m1_0.estado,
            m1_0.fecha_aprobacion,
            m1_0.fecha_movimiento,
            m1_0.numero_documento,
            m1_0.observaciones,
            m1_0.proveedor_id,
            m1_0.subtipo,
            m1_0.tipo,
            m1_0.total_items,
            m1_0.updated_at,
            m1_0.usuario_id,
            m1_0.valor_total 
        from
            movimientos m1_0 
        order by
            m1_0.fecha_movimiento desc
2025-11-26 15:49:35 [http-nio-8080-exec-7] DEBUG org.hibernate.SQL - 
    /* <criteria> */ select
        p1_0.id,
        p1_0.activo,
        p1_0.categoria_id,
        p1_0.codigo,
        p1_0.codigoBarras,
        p1_0.color,
        p1_0.costo_almacenamiento,
        p1_0.created_at,
        p1_0.descripcion,
        p1_0.es_perecedero,
        p1_0.fecha_vencimiento,
        p1_0.imagen_url,
        p1_0.lote,
        p1_0.marca,
        p1_0.modelo,
        p1_0.nombre,
        p1_0.numero_serie,
        p1_0.observaciones,
        p1_0.peso,
        p1_0.porcentaje_impuesto,
        p1_0.precio_compra,
        p1_0.precio_mayoreo,
        p1_0.precio_venta,
        p1_0.proveedor_id,
        p1_0.punto_reorden,
        p1_0.requiere_lote,
        p1_0.requiere_serie,
        p1_0.sku,
        p1_0.stock_actual,
        p1_0.stock_maximo,
        p1_0.stock_minimo,
        p1_0.talla,
        p1_0.tiene_impuestos,
        p1_0.unidadMedida,
        p1_0.updated_at,
        p1_0.volumen 
    from
        productos p1_0
